# Blender v2.93.1 OBJ File: 'JJ.blend'
# www.blender.org
mtllib JJ.mtl
o Body.001_Roundcube.040
v -0.105718 0.289837 -0.118859
v -0.102309 0.357747 -0.151100
v -0.094933 0.469672 -0.157099
v -0.085941 0.572025 -0.140643
v -0.170535 0.307032 -0.090847
v -0.198301 0.290117 -0.031040
v -0.209685 0.282686 0.046341
v -0.198301 0.290117 0.127383
v -0.177529 0.365353 -0.104796
v -0.228783 0.367943 -0.032493
v -0.245986 0.368240 0.046341
v -0.228783 0.367943 0.129240
v -0.169305 0.471119 -0.107416
v -0.223456 0.472370 -0.034558
v -0.242228 0.472796 0.046341
v -0.223456 0.472370 0.129965
v -0.151872 0.569253 -0.095599
v -0.203307 0.571334 -0.030623
v -0.220924 0.572716 0.046341
v -0.203307 0.571113 0.125698
v -0.170535 0.307032 0.199943
v -0.105718 0.289837 0.225786
v -0.177529 0.365353 0.217523
v -0.102309 0.357747 0.266777
v -0.169305 0.471119 0.213655
v -0.094933 0.469672 0.265798
v -0.151872 0.568148 0.199815
v -0.085941 0.570698 0.245528
v -0.111547 0.252942 0.140038
v -0.114186 0.240626 0.046341
v -0.111547 0.252942 -0.044929
v -0.081198 0.664803 -0.103885
v -0.135650 0.641506 -0.078738
v -0.093184 0.715084 -0.041634
v -0.167290 0.662364 -0.028297
v -0.099687 0.730064 0.046341
v -0.180636 0.670660 0.046341
v -0.093184 0.713758 0.136934
v -0.167290 0.661259 0.124040
v -0.081198 0.659497 0.208834
v -0.135650 0.637195 0.184185
v 0.000000 0.282717 -0.129759
v 0.105718 0.289837 -0.118859
v 0.000000 0.355231 -0.165457
v 0.102309 0.357747 -0.151100
v 0.000000 0.469365 -0.173061
v 0.094933 0.469672 -0.157099
v 0.000000 0.573545 -0.155153
v 0.085941 0.572025 -0.140643
v 0.170535 0.307032 -0.090847
v 0.198302 0.290117 -0.031040
v 0.209685 0.282686 0.046341
v 0.198301 0.290117 0.127383
v 0.177529 0.365353 -0.104796
v 0.228783 0.367943 -0.032493
v 0.245986 0.368240 0.046341
v 0.228783 0.367943 0.129240
v 0.169305 0.471119 -0.107416
v 0.223456 0.472370 -0.034558
v 0.242228 0.472796 0.046341
v 0.223456 0.472370 0.129964
v 0.151872 0.569253 -0.095599
v 0.203307 0.571334 -0.030623
v 0.220924 0.572716 0.046341
v 0.203307 0.571113 0.125698
v 0.170535 0.307032 0.199943
v 0.105718 0.289837 0.225786
v 0.000000 0.282717 0.235573
v 0.177529 0.365353 0.217523
v 0.102309 0.357747 0.266777
v 0.000000 0.355231 0.280856
v 0.169305 0.471119 0.213655
v 0.094933 0.469672 0.265798
v 0.000000 0.469365 0.281694
v 0.151872 0.568148 0.199815
v 0.085941 0.570698 0.245528
v 0.000000 0.572219 0.259607
v 0.000000 0.243432 0.145804
v 0.111547 0.252942 0.140038
v 0.000000 0.230975 0.046341
v 0.114186 0.240626 0.046341
v 0.000000 0.243432 -0.050974
v 0.111547 0.252942 -0.044929
v 0.000000 0.673230 -0.114401
v 0.081198 0.664803 -0.103885
v 0.135650 0.641506 -0.078738
v 0.000000 0.728281 -0.047565
v 0.093184 0.715084 -0.041634
v 0.167290 0.662364 -0.028297
v -0.000000 0.743937 0.046341
v 0.099687 0.730064 0.046341
v 0.180636 0.670660 0.046341
v 0.000000 0.726954 0.142700
v 0.093184 0.713758 0.136934
v 0.167290 0.661259 0.124040
v 0.000000 0.667924 0.218621
v 0.081198 0.659497 0.208834
v 0.135650 0.637195 0.184185
v 0.000000 0.313262 -0.152428
v 0.000000 0.410479 -0.172319
v 0.000000 0.522568 -0.167151
v -0.184326 0.298738 -0.066359
v -0.206906 0.284566 0.085955
v -0.175567 0.328312 -0.098082
v -0.206650 0.367308 -0.070661
v -0.234993 0.320993 0.046341
v -0.241820 0.368176 0.086410
v -0.175129 0.415910 -0.108039
v -0.199757 0.471834 -0.072862
v -0.247320 0.420254 0.046341
v -0.237636 0.472691 0.087511
v -0.161220 0.522250 -0.103060
v -0.180451 0.569904 -0.065070
v -0.233169 0.522893 0.046341
v -0.216722 0.572335 0.085968
v -0.145849 0.298352 0.213378
v -0.175567 0.328312 0.210249
v -0.143264 0.361569 0.247665
v 0.000000 0.313262 0.264632
v -0.175129 0.415910 0.217969
v -0.134668 0.470313 0.244574
v 0.000000 0.410479 0.285492
v -0.161220 0.522112 0.207250
v -0.120973 0.569002 0.226858
v 0.000000 0.522402 0.272629
v 0.000000 0.259672 0.194149
v -0.113522 0.243694 0.093053
v -0.177543 0.668555 0.007527
v 0.000000 0.234004 -0.003181
v 0.000000 0.626174 -0.137671
v -0.142483 0.612242 -0.086266
v -0.086171 0.695518 -0.076376
v -0.204895 0.623884 0.046341
v -0.098026 0.726188 0.092665
v 0.000000 0.622361 0.242667
v -0.142483 0.609115 0.191805
v -0.144475 0.706634 0.046341
v -0.108529 0.268384 -0.086075
v -0.113522 0.243694 -0.000068
v 0.000000 0.703105 0.184658
v -0.150339 0.649302 0.159829
v -0.160593 0.267008 0.132925
v -0.113543 0.648527 0.196626
v -0.000000 0.740179 -0.002755
v -0.160593 0.267008 -0.037244
v -0.104061 0.318056 -0.139616
v -0.099118 0.411523 -0.156846
v -0.090498 0.522416 -0.151510
v -0.145849 0.298351 -0.104598
v -0.206906 0.284566 0.007185
v -0.143264 0.361569 -0.131939
v -0.220056 0.324094 -0.030276
v -0.241820 0.368176 0.006779
v -0.220056 0.324094 0.127057
v -0.134668 0.470313 -0.136083
v -0.228925 0.419205 -0.034247
v -0.237636 0.472691 0.005511
v -0.228925 0.419205 0.130387
v -0.120973 0.570301 -0.121410
v -0.214632 0.522667 -0.033217
v -0.216722 0.572363 0.007013
v -0.214632 0.522639 0.128243
v -0.184326 0.298738 0.169767
v -0.206650 0.367308 0.175502
v -0.104061 0.318056 0.252621
v -0.199757 0.471834 0.173710
v -0.099118 0.411523 0.270062
v -0.180451 0.569241 0.164877
v -0.150339 0.652429 -0.058343
v -0.108529 0.268384 0.186303
v 0.000000 0.234004 0.096131
v -0.081842 0.621510 -0.124993
v 0.000000 0.706919 -0.084707
v -0.188997 0.619564 -0.027879
v -0.098026 0.726354 0.000344
v 0.000000 0.740013 0.095743
v -0.188997 0.618901 0.123331
v -0.081842 0.617697 0.230655
v 0.000000 0.259672 -0.094722
v -0.177543 0.668417 0.085537
v -0.134425 0.693091 0.129791
v -0.086171 0.691705 0.176812
v -0.134425 0.694390 -0.034186
v -0.090498 0.522250 0.257199
v -0.113543 0.653658 -0.090626
v -0.167311 0.256363 0.046341
v -0.055463 0.284498 -0.127242
v -0.053426 0.355726 -0.162030
v -0.049187 0.469403 -0.169238
v -0.044783 0.573174 -0.151706
v -0.056983 0.245590 0.144460
v -0.047581 0.725493 -0.046200
v -0.047581 0.724167 0.141356
v -0.056983 0.245590 -0.049595
v -0.042330 0.671249 -0.111932
v -0.055463 0.284498 0.233195
v -0.053426 0.355726 0.277464
v -0.049187 0.469403 0.277879
v -0.044783 0.571848 0.256214
v -0.050748 0.741242 0.046341
v -0.057637 0.232981 0.046341
v -0.042330 0.665943 0.216243
v 0.184326 0.298738 -0.066359
v 0.206906 0.284566 0.085955
v 0.175567 0.328312 -0.098082
v 0.206650 0.367308 -0.070661
v 0.234994 0.320993 0.046341
v 0.241820 0.368176 0.086410
v 0.175129 0.415910 -0.108039
v 0.199757 0.471834 -0.072862
v 0.247320 0.420254 0.046341
v 0.237636 0.472691 0.087511
v 0.161220 0.522250 -0.103060
v 0.180451 0.569904 -0.065070
v 0.233169 0.522893 0.046341
v 0.216722 0.572335 0.085968
v 0.145849 0.298352 0.213378
v 0.175567 0.328312 0.210249
v 0.143264 0.361569 0.247665
v 0.175129 0.415910 0.217969
v 0.134668 0.470313 0.244574
v 0.161220 0.522112 0.207250
v 0.120973 0.569002 0.226858
v 0.113522 0.243694 0.093053
v 0.177543 0.668555 0.007527
v 0.142483 0.612242 -0.086266
v 0.086171 0.695518 -0.076376
v 0.204895 0.623884 0.046341
v 0.098026 0.726188 0.092665
v 0.142483 0.609115 0.191805
v 0.144475 0.706634 0.046341
v 0.108529 0.268384 -0.086075
v 0.113522 0.243694 -0.000068
v 0.150339 0.649302 0.159829
v 0.160593 0.267008 0.132925
v 0.113543 0.648527 0.196626
v 0.160593 0.267008 -0.037244
v 0.104061 0.318056 -0.139616
v 0.099118 0.411523 -0.156846
v 0.090498 0.522416 -0.151510
v 0.145849 0.298351 -0.104598
v 0.206906 0.284566 0.007185
v 0.143264 0.361569 -0.131939
v 0.220056 0.324094 -0.030276
v 0.241820 0.368176 0.006779
v 0.220056 0.324094 0.127057
v 0.134668 0.470313 -0.136083
v 0.228925 0.419205 -0.034247
v 0.237636 0.472691 0.005511
v 0.228925 0.419205 0.130387
v 0.120973 0.570301 -0.121410
v 0.214632 0.522667 -0.033217
v 0.216722 0.572363 0.007013
v 0.214632 0.522639 0.128243
v 0.184326 0.298738 0.169767
v 0.206650 0.367308 0.175502
v 0.104061 0.318056 0.252621
v 0.199757 0.471834 0.173710
v 0.099118 0.411523 0.270062
v 0.180451 0.569241 0.164877
v 0.150339 0.652429 -0.058343
v 0.108529 0.268384 0.186303
v 0.081842 0.621510 -0.124993
v 0.188997 0.619565 -0.027879
v 0.098026 0.726354 0.000344
v 0.188997 0.618901 0.123331
v 0.081842 0.617697 0.230655
v 0.177543 0.668417 0.085537
v 0.134425 0.693091 0.129791
v 0.086171 0.691705 0.176812
v 0.134425 0.694390 -0.034186
v 0.090498 0.522250 0.257199
v 0.113543 0.653658 -0.090626
v 0.167311 0.256363 0.046341
v 0.055463 0.284498 -0.127242
v 0.053426 0.355726 -0.162030
v 0.049187 0.469403 -0.169238
v 0.044783 0.573174 -0.151706
v 0.056983 0.245590 0.144460
v 0.047581 0.725493 -0.046200
v 0.047581 0.724167 0.141356
v 0.056983 0.245590 -0.049595
v 0.042330 0.671249 -0.111932
v 0.055463 0.284498 0.233195
v 0.053426 0.355726 0.277464
v 0.049187 0.469403 0.277879
v 0.044783 0.571848 0.256214
v 0.050748 0.741242 0.046341
v 0.057637 0.232981 0.046341
v 0.042330 0.665943 0.216243
v -0.144134 0.323883 -0.122323
v -0.054645 0.314402 -0.149415
v -0.140017 0.413524 -0.136420
v -0.051483 0.410632 -0.168608
v -0.128123 0.522281 -0.130877
v -0.046966 0.522526 -0.163419
v -0.114507 0.615992 -0.108253
v -0.200904 0.327297 -0.066665
v -0.231373 0.321786 0.007770
v -0.231373 0.321786 0.085423
v -0.200904 0.327297 0.171503
v -0.205527 0.417852 -0.073077
v -0.242837 0.419997 0.005842
v -0.242837 0.419997 0.087272
v -0.205527 0.417852 0.176128
v -0.191060 0.522421 -0.070009
v -0.228670 0.522836 0.005971
v -0.228670 0.522832 0.087004
v -0.191060 0.522338 0.169697
v -0.168033 0.614890 -0.059515
v -0.201183 0.622782 0.008070
v -0.201183 0.622699 0.084958
v -0.168033 0.612940 0.160356
v -0.144134 0.323883 0.236421
v -0.042785 0.625046 -0.134675
v -0.140017 0.413524 0.249290
v -0.054645 0.314402 0.261719
v -0.128123 0.522118 0.236695
v -0.051483 0.410632 0.281786
v -0.114507 0.612274 0.214886
v -0.046966 0.522360 0.268923
v -0.042785 0.621233 0.239753
v -0.152696 0.280111 0.176848
v -0.056264 0.261778 0.192272
v -0.165655 0.259040 0.089154
v -0.057465 0.236075 0.095425
v -0.165655 0.259040 0.003902
v -0.057465 0.236075 -0.002471
v -0.152696 0.280111 -0.075062
v -0.056264 0.261778 -0.092746
v -0.122468 0.678717 -0.066065
v -0.044438 0.704368 -0.082770
v -0.142067 0.703558 0.004285
v -0.049899 0.737417 -0.002046
v -0.142067 0.703396 0.088762
v -0.049899 0.737252 0.095037
v -0.122468 0.674999 0.167328
v -0.044438 0.700554 0.182781
v 0.144134 0.323883 -0.122323
v 0.054645 0.314402 -0.149415
v 0.140017 0.413524 -0.136420
v 0.051483 0.410632 -0.168608
v 0.128123 0.522281 -0.130877
v 0.046966 0.522526 -0.163419
v 0.114507 0.615992 -0.108253
v 0.200904 0.327297 -0.066665
v 0.231373 0.321786 0.007770
v 0.231373 0.321786 0.085423
v 0.200904 0.327297 0.171503
v 0.205527 0.417852 -0.073077
v 0.242837 0.419997 0.005842
v 0.242837 0.419997 0.087272
v 0.205527 0.417852 0.176128
v 0.191060 0.522421 -0.070009
v 0.228670 0.522836 0.005971
v 0.228670 0.522832 0.087004
v 0.191060 0.522338 0.169697
v 0.168033 0.614890 -0.059515
v 0.201183 0.622782 0.008070
v 0.201183 0.622699 0.084958
v 0.168033 0.612940 0.160356
v 0.144134 0.323883 0.236421
v 0.042785 0.625046 -0.134675
v 0.140017 0.413524 0.249290
v 0.054645 0.314402 0.261719
v 0.128123 0.522118 0.236695
v 0.051483 0.410632 0.281786
v 0.114507 0.612274 0.214886
v 0.046966 0.522360 0.268923
v 0.042785 0.621233 0.239753
v 0.152696 0.280111 0.176848
v 0.056264 0.261778 0.192272
v 0.165655 0.259040 0.089154
v 0.057465 0.236075 0.095425
v 0.165655 0.259040 0.003902
v 0.057465 0.236075 -0.002471
v 0.152696 0.280111 -0.075062
v 0.056264 0.261778 -0.092746
v 0.122468 0.678717 -0.066065
v 0.044438 0.704368 -0.082770
v 0.142067 0.703558 0.004285
v 0.049899 0.737417 -0.002046
v 0.142067 0.703396 0.088762
v 0.049899 0.737252 0.095037
v 0.122468 0.674999 0.167328
v 0.044438 0.700554 0.182781
v -0.117293 0.250463 -0.213774
v -0.105628 0.474412 -0.183005
v -0.096809 0.578103 -0.161328
v -0.199452 0.262461 -0.140456
v -0.256420 0.288500 -0.045041
v -0.275593 0.311600 0.048047
v -0.256420 0.290871 0.140951
v -0.186032 0.475287 -0.126331
v -0.244043 0.477150 -0.039488
v -0.264233 0.478496 0.048332
v -0.244043 0.477455 0.135307
v -0.168473 0.575006 -0.114457
v -0.224163 0.576360 -0.035065
v -0.243175 0.577598 0.048358
v -0.224163 0.575814 0.130189
v -0.199452 0.269393 0.236260
v -0.137015 0.260401 0.297267
v -0.186287 0.475846 0.218728
v -0.124269 0.474035 0.271192
v -0.168847 0.571872 0.203460
v -0.114647 0.572555 0.247879
v -0.089754 0.680715 -0.126795
v -0.151165 0.655536 -0.100522
v -0.094645 0.727964 -0.047559
v -0.185501 0.674284 -0.033970
v -0.098385 0.745405 0.048561
v -0.199916 0.681742 0.048358
v -0.109163 0.721424 0.140869
v -0.185569 0.671218 0.128305
v -0.106000 0.664303 0.209325
v -0.151675 0.644286 0.186894
v -0.197877 0.287146 -0.139714
v -0.274639 0.330609 0.048073
v -0.198200 0.293818 0.234637
v -0.114858 0.276547 -0.212161
v -0.255315 0.310376 -0.044730
v -0.255315 0.312658 0.140535
v -0.135637 0.286137 0.295033
v -0.119420 0.260547 0.309766
v -0.105730 0.473640 0.282628
v -0.098055 0.572983 0.257805
v -0.074674 0.753198 0.067680
v -0.085478 0.729577 0.146332
v -0.089317 0.668710 0.216423
v -0.116925 0.285009 0.307913
v -0.193548 0.375070 -0.134393
v -0.271347 0.395922 0.048203
v -0.193854 0.379744 0.228029
v -0.110871 0.369640 -0.200795
v -0.251498 0.386780 -0.042502
v -0.251498 0.388397 0.138375
v -0.130747 0.376190 0.285034
v -0.111915 0.375682 0.297290
v 0.000000 0.252636 -0.234406
v 0.117293 0.250463 -0.213774
v -0.000000 0.474282 -0.200310
v 0.105628 0.474412 -0.183005
v -0.000000 0.579690 -0.175662
v 0.096809 0.578103 -0.161328
v 0.199452 0.262461 -0.140456
v 0.256420 0.288500 -0.045041
v 0.275593 0.311600 0.048047
v 0.256420 0.290871 0.140951
v 0.186032 0.475287 -0.126331
v 0.244043 0.477150 -0.039488
v 0.264233 0.478496 0.048332
v 0.244043 0.477455 0.135307
v 0.168473 0.575006 -0.114457
v 0.224163 0.576360 -0.035065
v 0.243175 0.577598 0.048358
v 0.224163 0.575814 0.130189
v 0.199452 0.269393 0.236260
v 0.137015 0.260401 0.297267
v 0.186287 0.475846 0.218728
v 0.124269 0.474035 0.271192
v 0.168847 0.571872 0.203460
v 0.114647 0.572555 0.247879
v -0.000000 0.689400 -0.136914
v 0.089754 0.680715 -0.126795
v 0.151165 0.655536 -0.100522
v -0.000000 0.741184 -0.053577
v 0.094645 0.727964 -0.047559
v 0.185501 0.674284 -0.033970
v 0.000000 0.757608 0.031462
v 0.098385 0.745405 0.048561
v 0.199916 0.681742 0.048358
v 0.109163 0.721424 0.140869
v 0.185569 0.671218 0.128305
v 0.106000 0.664303 0.209325
v 0.151675 0.644286 0.186894
v 0.000000 0.278286 -0.232680
v 0.197877 0.287146 -0.139714
v 0.274639 0.330609 0.048073
v 0.198200 0.293818 0.234637
v 0.114858 0.276547 -0.212161
v 0.255315 0.310376 -0.044730
v 0.255315 0.312658 0.140535
v 0.135637 0.286137 0.295033
v 0.119420 0.260547 0.309766
v 0.105730 0.473640 0.282628
v 0.098055 0.572983 0.257805
v 0.000000 0.757458 0.050953
v 0.074674 0.753198 0.067680
v 0.085478 0.729577 0.146332
v 0.089317 0.668710 0.216423
v 0.116925 0.285009 0.307913
v -0.000000 0.369496 -0.220206
v 0.193548 0.375070 -0.134393
v 0.271347 0.395922 0.048203
v 0.193854 0.379744 0.228029
v 0.110871 0.369640 -0.200795
v 0.251498 0.386780 -0.042502
v 0.251498 0.388397 0.138375
v 0.130747 0.376190 0.285034
v 0.111915 0.375682 0.297290
v 0.000000 0.422435 -0.210935
v 0.000000 0.525483 -0.188536
v -0.231604 0.274033 -0.093412
v -0.270984 0.304874 0.093745
v -0.190727 0.425519 -0.130778
v -0.218639 0.476148 -0.084720
v -0.269004 0.435746 0.048277
v -0.259282 0.478183 0.091629
v -0.178208 0.525023 -0.120710
v -0.199378 0.575276 -0.077109
v -0.255290 0.525749 0.048355
v -0.238660 0.577186 0.089592
v -0.190988 0.428038 0.223922
v -0.178516 0.524398 0.211703
v -0.196590 0.679746 0.007296
v 0.000000 0.638162 -0.160481
v -0.158683 0.623001 -0.107805
v -0.091108 0.710867 -0.091753
v -0.227540 0.632236 0.048358
v -0.111011 0.735937 0.096820
v -0.159105 0.614841 0.194762
v -0.167347 0.657793 0.163406
v 0.000000 0.752195 -0.005485
v -0.108575 0.422763 -0.192479
v -0.101583 0.525301 -0.172552
v -0.270984 0.303886 0.002093
v -0.248881 0.431408 -0.041110
v -0.259282 0.478061 0.004910
v -0.248881 0.432335 0.137018
v -0.235430 0.525426 -0.037459
v -0.238660 0.577254 0.006925
v -0.235430 0.525396 0.132987
v -0.231604 0.278457 0.190197
v -0.218671 0.476693 0.178941
v -0.127774 0.425718 0.278827
v -0.199425 0.573588 0.169081
v -0.167112 0.665945 -0.073618
v -0.092178 0.633308 -0.148217
v 0.000000 0.722433 -0.099930
v -0.210115 0.628363 -0.032952
v -0.097989 0.738614 -0.000492
v -0.210124 0.626684 0.127671
v -0.109349 0.621113 0.231513
v -0.196598 0.679211 0.089123
v -0.106305 0.697906 0.178972
v -0.119838 0.523044 0.260946
v -0.061715 0.251254 -0.230066
v -0.054958 0.474298 -0.196221
v -0.050710 0.579303 -0.172166
v -0.046411 0.738344 -0.052174
v -0.046628 0.687346 -0.134444
v -0.047851 0.755447 0.033404
v -0.164809 0.263556 0.273114
v -0.151793 0.474853 0.250399
v -0.138272 0.571828 0.230357
v -0.154121 0.718811 0.048375
v -0.129024 0.655013 0.198583
v -0.162344 0.254253 -0.182466
v -0.148858 0.474717 -0.159594
v -0.135155 0.576279 -0.142487
v -0.146204 0.702947 0.134023
v -0.144228 0.707362 -0.040087
v -0.126163 0.669080 -0.114086
v -0.000000 0.259269 -0.234451
v -0.198923 0.268786 -0.140498
v -0.275335 0.316824 0.048050
v -0.199116 0.275685 0.235916
v -0.116221 0.257117 -0.213798
v -0.256122 0.294287 -0.045065
v -0.256122 0.296647 0.140906
v -0.136655 0.267012 0.296878
v -0.163487 0.288788 0.271082
v -0.230419 0.301777 0.189198
v -0.269978 0.324817 0.093633
v -0.269978 0.323872 0.002257
v -0.230378 0.297502 -0.092946
v -0.060157 0.277143 -0.228328
v -0.160123 0.279888 -0.181261
v -0.085446 0.745046 0.102602
v -0.108925 0.425324 0.290695
v -0.093543 0.623287 0.239988
v -0.086284 0.704379 0.185254
v -0.102142 0.522745 0.271819
v -0.043531 0.756688 0.053044
v -0.118104 0.265909 0.309792
v -0.121943 0.285150 0.305330
v -0.123484 0.259407 0.307579
v -0.091117 0.728549 0.144676
v -0.094082 0.668159 0.214563
v -0.102808 0.572930 0.255592
v 0.000000 0.758672 0.047543
v -0.079488 0.752680 0.064625
v -0.110726 0.473690 0.280225
v 0.000000 0.317883 -0.227750
v -0.195971 0.325446 -0.137533
v -0.273212 0.358741 0.048128
v -0.196317 0.331481 0.231800
v -0.113010 0.317129 -0.207642
v -0.253661 0.343584 -0.043796
v -0.253661 0.345648 0.139618
v -0.133521 0.325816 0.290761
v -0.114758 0.325007 0.303380
v -0.116948 0.375745 0.294785
v -0.158845 0.377397 0.262444
v -0.226325 0.383485 0.184953
v -0.266505 0.393579 0.092808
v -0.266505 0.392929 0.003414
v -0.226287 0.380406 -0.089577
v -0.155634 0.371460 -0.172756
v -0.057818 0.369329 -0.215904
v 0.231604 0.274033 -0.093412
v 0.270984 0.304874 0.093745
v 0.190727 0.425519 -0.130778
v 0.218639 0.476148 -0.084720
v 0.269004 0.435746 0.048277
v 0.259282 0.478182 0.091629
v 0.178208 0.525024 -0.120710
v 0.199378 0.575276 -0.077109
v 0.255290 0.525749 0.048355
v 0.238660 0.577186 0.089592
v 0.190988 0.428038 0.223922
v 0.178516 0.524398 0.211703
v 0.196590 0.679746 0.007296
v 0.158683 0.623001 -0.107805
v 0.091108 0.710867 -0.091753
v 0.227540 0.632236 0.048358
v 0.111011 0.735937 0.096820
v 0.159105 0.614841 0.194762
v 0.167347 0.657793 0.163406
v 0.108575 0.422763 -0.192479
v 0.101583 0.525301 -0.172552
v 0.270984 0.303886 0.002093
v 0.248881 0.431408 -0.041110
v 0.259282 0.478061 0.004910
v 0.248881 0.432335 0.137018
v 0.235430 0.525426 -0.037459
v 0.238660 0.577254 0.006925
v 0.235430 0.525396 0.132987
v 0.231604 0.278457 0.190197
v 0.218671 0.476693 0.178941
v 0.127774 0.425718 0.278827
v 0.199425 0.573588 0.169081
v 0.167112 0.665944 -0.073618
v 0.092178 0.633308 -0.148217
v 0.210115 0.628363 -0.032952
v 0.097989 0.738614 -0.000492
v 0.210124 0.626684 0.127671
v 0.109349 0.621113 0.231513
v 0.196598 0.679211 0.089123
v 0.106305 0.697906 0.178972
v 0.119838 0.523044 0.260946
v 0.061715 0.251254 -0.230066
v 0.054958 0.474298 -0.196221
v 0.050710 0.579303 -0.172166
v 0.046411 0.738344 -0.052174
v 0.046628 0.687346 -0.134444
v 0.047851 0.755447 0.033404
v 0.164809 0.263556 0.273114
v 0.151793 0.474853 0.250399
v 0.138272 0.571828 0.230357
v 0.154121 0.718811 0.048375
v 0.129024 0.655013 0.198583
v 0.162344 0.254253 -0.182466
v 0.148858 0.474717 -0.159594
v 0.135155 0.576279 -0.142487
v 0.146204 0.702947 0.134023
v 0.144228 0.707362 -0.040087
v 0.126163 0.669081 -0.114086
v 0.198923 0.268786 -0.140498
v 0.275335 0.316824 0.048050
v 0.199116 0.275685 0.235916
v 0.116221 0.257117 -0.213798
v 0.256122 0.294287 -0.045065
v 0.256122 0.296647 0.140906
v 0.136655 0.267012 0.296878
v 0.163487 0.288788 0.271082
v 0.230419 0.301777 0.189198
v 0.269978 0.324817 0.093633
v 0.269978 0.323872 0.002257
v 0.230378 0.297502 -0.092946
v 0.060157 0.277143 -0.228328
v 0.160123 0.279888 -0.181261
v 0.085446 0.745046 0.102602
v 0.108925 0.425324 0.290695
v 0.093543 0.623287 0.239988
v 0.086284 0.704379 0.185254
v 0.102142 0.522745 0.271819
v 0.043531 0.756688 0.053044
v 0.118104 0.265909 0.309792
v 0.121943 0.285150 0.305330
v 0.123484 0.259407 0.307579
v 0.091117 0.728549 0.144676
v 0.094082 0.668159 0.214563
v 0.102808 0.572929 0.255592
v 0.079488 0.752680 0.064625
v 0.110726 0.473690 0.280225
v 0.195971 0.325446 -0.137533
v 0.273212 0.358741 0.048128
v 0.196317 0.331481 0.231800
v 0.113010 0.317129 -0.207642
v 0.253661 0.343584 -0.043796
v 0.253661 0.345648 0.139618
v 0.133521 0.325816 0.290761
v 0.114758 0.325007 0.303380
v 0.116948 0.375745 0.294785
v 0.158845 0.377397 0.262444
v 0.226325 0.383485 0.184953
v 0.266505 0.393579 0.092808
v 0.266505 0.392929 0.003414
v 0.226287 0.380406 -0.089577
v 0.155634 0.371460 -0.172756
v 0.057818 0.369329 -0.215904
v -0.164460 0.270035 0.272717
v -0.056510 0.422453 -0.206707
v -0.152891 0.423714 -0.166688
v -0.052987 0.525437 -0.184681
v -0.142667 0.525111 -0.151380
v -0.223528 0.428231 -0.087411
v -0.264069 0.434340 0.004127
v -0.264069 0.434710 0.092285
v -0.223561 0.429987 0.182306
v -0.210170 0.525165 -0.081177
v -0.250471 0.525651 0.005826
v -0.250471 0.525658 0.090734
v -0.210208 0.524984 0.174378
v -0.186857 0.624690 -0.073438
v -0.223517 0.631171 0.007935
v -0.223518 0.630942 0.088532
v -0.186930 0.619779 0.164210
v -0.048391 0.636987 -0.157475
v -0.128136 0.627476 -0.132177
v -0.155912 0.426599 0.257080
v -0.145681 0.523662 0.241401
v -0.131226 0.616983 0.217169
v -0.045965 0.719813 -0.097973
v -0.133563 0.693825 -0.081811
v -0.047594 0.749471 -0.004381
v -0.151450 0.715673 0.003919
v -0.152981 0.714539 0.092454
v -0.161446 0.260782 -0.182498
v -0.231284 0.284528 0.190002
v -0.270712 0.310286 0.093756
v -0.270712 0.309303 0.002082
v -0.231260 0.280123 -0.093449
v -0.061009 0.257913 -0.230101
v -0.135952 0.683256 0.170453
v -0.123004 0.265912 0.307246
v -0.091466 0.703569 0.183495
v -0.098198 0.623015 0.237956
v -0.045507 0.757347 0.049653
v -0.107033 0.522782 0.269487
v -0.119782 0.325108 0.300829
v -0.091214 0.743956 0.100773
v -0.113961 0.425374 0.288238
v -0.161478 0.327737 0.267382
v -0.228645 0.337502 0.187380
v -0.268473 0.354569 0.093287
v -0.268473 0.353725 0.002742
v -0.228601 0.333601 -0.091540
v -0.158091 0.319813 -0.177843
v -0.059061 0.317234 -0.223411
v 0.164460 0.270035 0.272717
v 0.056510 0.422453 -0.206707
v 0.152891 0.423714 -0.166688
v 0.052987 0.525437 -0.184681
v 0.142667 0.525111 -0.151380
v 0.223528 0.428231 -0.087411
v 0.264069 0.434340 0.004127
v 0.264069 0.434710 0.092285
v 0.223561 0.429987 0.182306
v 0.210170 0.525165 -0.081177
v 0.250471 0.525651 0.005826
v 0.250471 0.525658 0.090734
v 0.210208 0.524984 0.174378
v 0.186857 0.624690 -0.073438
v 0.223517 0.631171 0.007935
v 0.223518 0.630942 0.088532
v 0.186930 0.619779 0.164210
v 0.048391 0.636987 -0.157475
v 0.128136 0.627476 -0.132177
v 0.155912 0.426599 0.257080
v 0.145681 0.523662 0.241401
v 0.131226 0.616983 0.217169
v 0.045965 0.719813 -0.097973
v 0.133563 0.693825 -0.081811
v 0.047594 0.749471 -0.004381
v 0.151450 0.715673 0.003919
v 0.152981 0.714539 0.092454
v 0.161446 0.260782 -0.182498
v 0.231284 0.284528 0.190002
v 0.270712 0.310286 0.093756
v 0.270712 0.309303 0.002082
v 0.231260 0.280123 -0.093449
v 0.061009 0.257913 -0.230101
v 0.135952 0.683256 0.170453
v 0.123004 0.265912 0.307246
v 0.091466 0.703569 0.183495
v 0.098198 0.623015 0.237956
v 0.045507 0.757347 0.049653
v 0.107033 0.522782 0.269487
v 0.119782 0.325108 0.300829
v 0.091214 0.743956 0.100773
v 0.113961 0.425374 0.288238
v 0.161478 0.327737 0.267382
v 0.228645 0.337502 0.187380
v 0.268473 0.354569 0.093287
v 0.268473 0.353725 0.002742
v 0.228601 0.333601 -0.091540
v 0.158091 0.319813 -0.177843
v 0.059061 0.317234 -0.223411
v 0.049152 0.301562 -0.277015
v 0.000000 0.291700 -0.286876
v 0.059014 0.350714 -0.286877
v 0.000000 0.350714 -0.309757
v -0.049152 0.301562 -0.277015
v -0.059014 0.291700 -0.227863
v -0.059014 0.350714 -0.286876
v -0.081894 0.350714 -0.227863
v -0.049152 0.301562 -0.178711
v 0.000000 0.291700 -0.168849
v -0.059014 0.350714 -0.168849
v 0.000000 0.350714 -0.145969
v 0.049152 0.301562 -0.178711
v 0.059014 0.291700 -0.227863
v 0.059014 0.350714 -0.168849
v 0.081894 0.350714 -0.227863
v 0.000000 0.268820 -0.227863
v 0.049152 0.399866 -0.277015
v 0.000000 0.409727 -0.286876
v -0.049152 0.399866 -0.277015
v 0.059014 0.409727 -0.227863
v 0.000000 0.432608 -0.227863
v -0.059014 0.409727 -0.227863
v 0.049152 0.399866 -0.178711
v 0.000000 0.409727 -0.168849
v -0.049152 0.399866 -0.178711
v 0.029415 0.294802 -0.283775
v 0.055912 0.321299 -0.283775
v 0.000000 0.318561 -0.303930
v -0.029415 0.294802 -0.283775
v -0.055912 0.294802 -0.257278
v -0.055912 0.321299 -0.283775
v -0.076067 0.318561 -0.227863
v -0.055912 0.294802 -0.198448
v -0.029415 0.294802 -0.171951
v -0.055912 0.321299 -0.171951
v 0.000000 0.318561 -0.151796
v 0.029415 0.294802 -0.171951
v 0.055912 0.294802 -0.198448
v 0.055912 0.321299 -0.171951
v 0.076067 0.318561 -0.227863
v -0.000000 0.274647 -0.195710
v 0.055912 0.380129 -0.283775
v 0.000000 0.382866 -0.303930
v -0.055912 0.380129 -0.283775
v 0.076067 0.382866 -0.227863
v -0.000000 0.426780 -0.260015
v -0.076067 0.382866 -0.227863
v 0.055912 0.380129 -0.171951
v 0.000000 0.382866 -0.151796
v -0.055912 0.380129 -0.171951
v 0.032152 0.350714 -0.151796
v 0.032152 0.350714 -0.303930
v 0.000000 0.426780 -0.195710
v -0.055912 0.406626 -0.257278
v -0.032152 0.350714 -0.151796
v -0.055912 0.406626 -0.198448
v 0.029415 0.406626 -0.171951
v -0.032152 0.350714 -0.303930
v 0.032152 0.426780 -0.227863
v 0.032152 0.274647 -0.227863
v 0.076067 0.350714 -0.195710
v -0.029415 0.406626 -0.171951
v 0.055912 0.294802 -0.257278
v -0.076067 0.350714 -0.260015
v 0.000000 0.274647 -0.260015
v 0.076067 0.350714 -0.260015
v -0.032152 0.426780 -0.227863
v 0.029415 0.406626 -0.283775
v 0.055912 0.406626 -0.198448
v -0.076067 0.350714 -0.195710
v 0.055912 0.406626 -0.257278
v -0.029415 0.406626 -0.283775
v -0.032152 0.274647 -0.227863
v 0.030924 0.319789 -0.298885
v -0.030924 0.319789 -0.298885
v 0.030924 0.381638 -0.298885
v -0.030924 0.381638 -0.298885
v -0.071022 0.319789 -0.258787
v -0.071022 0.319789 -0.196939
v -0.071022 0.381638 -0.258787
v -0.071022 0.381638 -0.196939
v -0.030924 0.319789 -0.156841
v 0.030924 0.319789 -0.156841
v -0.030924 0.381638 -0.156841
v 0.030924 0.381638 -0.156841
v 0.071022 0.319789 -0.196939
v 0.071022 0.319789 -0.258787
v 0.071022 0.381638 -0.196939
v 0.071022 0.381638 -0.258787
v 0.030924 0.279692 -0.196939
v -0.030924 0.279692 -0.196939
v 0.030924 0.279692 -0.258787
v -0.030924 0.279692 -0.258787
v 0.030924 0.421736 -0.258787
v -0.030924 0.421736 -0.258787
v 0.030924 0.421736 -0.196939
v -0.030924 0.421736 -0.196939
vt 0.904655 0.678759
vt 0.903370 0.667816
vt 0.911480 0.666885
vt 0.913986 0.678601
vt 0.901892 0.660375
vt 0.906908 0.657063
vt 0.915061 0.652506
vt 0.919633 0.664609
vt 0.924205 0.676713
vt 0.903196 0.705013
vt 0.904669 0.691503
vt 0.914483 0.692243
vt 0.913184 0.706655
vt 0.924205 0.692589
vt 0.924205 0.708466
vt 0.899629 0.565257
vt 0.891851 0.574657
vt 0.878848 0.565005
vt 0.885540 0.554888
vt 0.884074 0.584057
vt 0.871556 0.574482
vt 0.860267 0.565317
vt 0.866878 0.556209
vt 0.872806 0.546662
vt 0.913477 0.537086
vt 0.906553 0.551172
vt 0.891685 0.543241
vt 0.897177 0.530697
vt 0.878181 0.536224
vt 0.882950 0.525120
vt 0.856551 0.548699
vt 0.861935 0.539965
vt 0.850444 0.557101
vt 0.841700 0.549647
vt 0.847264 0.542074
vt 0.852027 0.534099
vt 0.866774 0.530492
vt 0.871064 0.520460
vt 0.856340 0.525413
vt 0.860232 0.516214
vt 0.838356 0.536119
vt 0.842124 0.528584
vt 0.833835 0.542901
vt 0.828527 0.538302
vt 0.829969 0.532228
vt 0.832517 0.524410
vt 0.895374 0.656792
vt 0.899387 0.649010
vt 0.886531 0.652770
vt 0.890232 0.642440
vt 0.895729 0.631115
vt 0.905395 0.641811
vt 0.877384 0.649665
vt 0.880515 0.637883
vt 0.868145 0.647528
vt 0.870505 0.634987
vt 0.873226 0.620861
vt 0.884478 0.625988
vt 0.858608 0.646247
vt 0.860009 0.634002
vt 0.848171 0.645944
vt 0.848480 0.634787
vt 0.848528 0.621829
vt 0.860877 0.621345
vt 0.836849 0.646683
vt 0.835537 0.637904
vt 0.828166 0.647859
vt 0.823777 0.643074
vt 0.815875 0.636078
vt 0.832201 0.628954
vt 0.874868 0.593996
vt 0.863528 0.583988
vt 0.865661 0.603934
vt 0.855269 0.593200
vt 0.845056 0.583283
vt 0.852892 0.574428
vt 0.857990 0.611911
vt 0.847280 0.601658
vt 0.850318 0.619889
vt 0.839380 0.609737
vt 0.828441 0.599585
vt 0.837041 0.591581
vt 0.144309 0.813222
vt 0.151236 0.804410
vt 0.163082 0.813720
vt 0.156023 0.822770
vt 0.158162 0.795598
vt 0.170896 0.804138
vt 0.182118 0.813166
vt 0.174566 0.822628
vt 0.167738 0.832319
vt 0.169185 0.782817
vt 0.180175 0.793459
vt 0.180209 0.770037
vt 0.189856 0.783090
vt 0.199628 0.793992
vt 0.190687 0.803328
vt 0.843476 0.565561
vt 0.835846 0.573827
vt 0.827456 0.564370
vt 0.835032 0.557135
vt 0.827805 0.581634
vt 0.819495 0.589245
vt 0.810550 0.578904
vt 0.819267 0.571260
vt 0.185654 0.830540
vt 0.179114 0.839802
vt 0.192640 0.821232
vt 0.203018 0.828396
vt 0.197000 0.837706
vt 0.190491 0.847285
vt 0.200456 0.811858
vt 0.208588 0.803179
vt 0.216745 0.810974
vt 0.209691 0.819210
vt 0.827526 0.548853
vt 0.819871 0.554454
vt 0.814593 0.543968
vt 0.822609 0.540555
vt 0.811427 0.559714
vt 0.802449 0.564871
vt 0.794347 0.550838
vt 0.805486 0.547350
vt 0.209381 0.844081
vt 0.205285 0.853635
vt 0.213725 0.834650
vt 0.224726 0.838642
vt 0.222326 0.848574
vt 0.220080 0.859984
vt 0.218621 0.825420
vt 0.224017 0.817634
vt 0.228949 0.822311
vt 0.227282 0.829179
vt 0.824189 0.654388
vt 0.815668 0.650910
vt 0.819598 0.664356
vt 0.809635 0.661248
vt 0.799576 0.656460
vt 0.807725 0.646269
vt 0.845733 0.520425
vt 0.849206 0.511892
vt 0.835507 0.516169
vt 0.838722 0.507783
vt 0.189005 0.761743
vt 0.199026 0.774464
vt 0.197801 0.753449
vt 0.208587 0.766955
vt 0.217385 0.779220
vt 0.208344 0.786053
vt 0.815620 0.676599
vt 0.804937 0.674112
vt 0.812697 0.690140
vt 0.801598 0.688316
vt 0.789704 0.686362
vt 0.794640 0.671411
vt 0.216536 0.795902
vt 0.224780 0.789692
vt 0.231325 0.798983
vt 0.223830 0.804411
vt 0.211023 0.745831
vt 0.219643 0.760042
vt 0.224246 0.738214
vt 0.231630 0.753759
vt 0.238134 0.767453
vt 0.227382 0.773023
vt 0.230307 0.812222
vt 0.237398 0.807932
vt 0.242216 0.817058
vt 0.234757 0.820119
vt 0.233870 0.784073
vt 0.243629 0.779021
vt 0.248567 0.789418
vt 0.239639 0.793996
vt 0.245198 0.803764
vt 0.253445 0.799687
vt 0.258225 0.809751
vt 0.250130 0.813538
vt 0.834575 0.656043
vt 0.830732 0.666726
vt 0.845747 0.657068
vt 0.842250 0.668700
vt 0.827208 0.678936
vt 0.824519 0.692083
vt 0.839077 0.681120
vt 0.836570 0.694064
vt 0.856152 0.658323
vt 0.853209 0.670548
vt 0.865912 0.659888
vt 0.863739 0.672349
vt 0.850500 0.683133
vt 0.848180 0.695972
vt 0.861586 0.685021
vt 0.859459 0.697825
vt 0.875501 0.661723
vt 0.874169 0.674135
vt 0.885064 0.663919
vt 0.884550 0.675941
vt 0.872595 0.686836
vt 0.870654 0.699665
vt 0.883534 0.688584
vt 0.881769 0.701492
vt 0.894531 0.666357
vt 0.894810 0.677678
vt 0.894312 0.690217
vt 0.892706 0.703289
vt 0.821772 0.531706
vt 0.823486 0.522481
vt 0.812943 0.532973
vt 0.814015 0.521856
vt 0.826197 0.513261
vt 0.829492 0.504165
vt 0.816552 0.511007
vt 0.820144 0.500500
vt 0.802921 0.534424
vt 0.802975 0.521375
vt 0.805486 0.547350
vt 0.791917 0.535832
vt 0.789487 0.520826
vt 0.805256 0.508571
vt 0.809136 0.496185
vt 0.792660 0.505898
vt 0.795832 0.490970
vt 0.250065 0.861888
vt 0.235072 0.860936
vt 0.235416 0.849822
vt 0.248348 0.848585
vt 0.235835 0.839198
vt 0.246797 0.837190
vt 0.278917 0.853313
vt 0.264491 0.857601
vt 0.260849 0.845279
vt 0.272838 0.840516
vt 0.257388 0.833810
vt 0.267589 0.829465
vt 0.236102 0.829128
vt 0.245083 0.826745
vt 0.254022 0.823388
vt 0.262835 0.819456
vt 0.896176 0.730354
vt 0.904965 0.733489
vt 0.898841 0.743787
vt 0.891456 0.740310
vt 0.914042 0.738549
vt 0.905838 0.748553
vt 0.897633 0.758556
vt 0.891367 0.751630
vt 0.887674 0.746886
vt 0.909802 0.720724
vt 0.900267 0.718284
vt 0.919124 0.723507
vt 0.922462 0.507009
vt 0.905080 0.505041
vt 0.907046 0.493072
vt 0.923144 0.494828
vt 0.890148 0.502423
vt 0.892287 0.491390
vt 0.893626 0.480216
vt 0.908136 0.481164
vt 0.923826 0.482646
vt 0.901672 0.517762
vt 0.917970 0.522048
vt 0.886998 0.513732
vt 0.877621 0.499948
vt 0.879607 0.489882
vt 0.866367 0.497518
vt 0.868292 0.488431
vt 0.869357 0.479094
vt 0.880837 0.479568
vt 0.874734 0.510186
vt 0.863628 0.506822
vt 0.855353 0.494834
vt 0.857710 0.486746
vt 0.845469 0.491367
vt 0.848913 0.483901
vt 0.851982 0.478465
vt 0.859003 0.478698
vt 0.881664 0.756852
vt 0.880353 0.748195
vt 0.885052 0.765595
vt 0.872471 0.772634
vt 0.870888 0.760146
vt 0.870687 0.749175
vt 0.860224 0.761354
vt 0.861028 0.749190
vt 0.860171 0.773891
vt 0.847870 0.775148
vt 0.849813 0.760893
vt 0.851591 0.748258
vt 0.839554 0.758468
vt 0.842146 0.746419
vt 0.836326 0.770737
vt 0.824781 0.766326
vt 0.828882 0.754035
vt 0.832161 0.743366
vt 0.817618 0.746940
vt 0.821671 0.739042
vt 0.811593 0.754351
vt 0.798406 0.742377
vt 0.808131 0.738277
vt 0.813821 0.735149
vt 0.908707 0.468734
vt 0.923827 0.469099
vt 0.894407 0.468520
vt 0.894676 0.456699
vt 0.908908 0.456364
vt 0.923826 0.455552
vt 0.908795 0.444730
vt 0.923620 0.444486
vt 0.894436 0.445165
vt 0.893566 0.433449
vt 0.908489 0.433435
vt 0.923413 0.433421
vt 0.332891 0.723647
vt 0.332891 0.738760
vt 0.321416 0.738513
vt 0.321685 0.723448
vt 0.332891 0.753872
vt 0.321065 0.753042
vt 0.308959 0.752917
vt 0.309052 0.738515
vt 0.310479 0.723249
vt 0.294912 0.738960
vt 0.293607 0.723718
vt 0.295920 0.753343
vt 0.283034 0.754375
vt 0.280758 0.739913
vt 0.276736 0.724187
vt 0.881474 0.468626
vt 0.869553 0.469069
vt 0.868912 0.458613
vt 0.881494 0.457377
vt 0.880900 0.446185
vt 0.867586 0.447994
vt 0.866387 0.436462
vt 0.879976 0.434955
vt 0.331503 0.767419
vt 0.320192 0.766636
vt 0.330115 0.780965
vt 0.318577 0.779958
vt 0.307559 0.778740
vt 0.308563 0.766170
vt 0.296359 0.766305
vt 0.296223 0.778108
vt 0.285381 0.778372
vt 0.284494 0.767125
vt 0.858418 0.470044
vt 0.849173 0.472790
vt 0.845611 0.464839
vt 0.856609 0.460734
vt 0.853989 0.451137
vt 0.841229 0.456169
vt 0.835427 0.446041
vt 0.850907 0.441251
vt 0.325689 0.796444
vt 0.315696 0.793582
vt 0.321263 0.811923
vt 0.311000 0.806455
vt 0.301785 0.802039
vt 0.305641 0.790991
vt 0.295394 0.788953
vt 0.292835 0.798042
vt 0.286458 0.794994
vt 0.285950 0.788217
vt 0.802956 0.728258
vt 0.812143 0.727691
vt 0.793946 0.730113
vt 0.789487 0.717850
vt 0.800549 0.716533
vt 0.810983 0.716778
vt 0.852457 0.503273
vt 0.842063 0.499445
vt 0.268278 0.741569
vt 0.264749 0.725765
vt 0.271373 0.756115
vt 0.260365 0.758805
vt 0.256416 0.744236
vt 0.252763 0.727342
vt 0.800215 0.702843
vt 0.811133 0.703905
vt 0.789596 0.702106
vt 0.273831 0.768687
vt 0.275818 0.779717
vt 0.266875 0.782097
vt 0.263809 0.771154
vt 0.244073 0.748438
vt 0.238504 0.732778
vt 0.249245 0.762638
vt 0.277781 0.789673
vt 0.281089 0.798111
vt 0.274004 0.801959
vt 0.269975 0.792458
vt 0.253711 0.774649
vt 0.257757 0.785390
vt 0.261816 0.795870
vt 0.266276 0.805869
vt 0.822290 0.718095
vt 0.822512 0.729447
vt 0.833834 0.719912
vt 0.833424 0.732050
vt 0.822859 0.705400
vt 0.834803 0.707129
vt 0.844808 0.721668
vt 0.843683 0.734192
vt 0.855361 0.723332
vt 0.853431 0.735833
vt 0.846269 0.708878
vt 0.857377 0.710637
vt 0.865813 0.724977
vt 0.863103 0.737162
vt 0.876226 0.726588
vt 0.872866 0.738143
vt 0.868387 0.712441
vt 0.879311 0.714286
vt 0.886503 0.728227
vt 0.882615 0.738864
vt 0.890043 0.716188
vt 0.837533 0.486646
vt 0.842544 0.478713
vt 0.830160 0.480668
vt 0.836929 0.471784
vt 0.833257 0.495251
vt 0.824649 0.490351
vt 0.821735 0.473518
vt 0.830563 0.463909
vt 0.811466 0.464755
vt 0.823447 0.455398
vt 0.814707 0.484461
vt 0.803649 0.477863
vt 0.303793 0.836368
vt 0.294567 0.826632
vt 0.303696 0.817390
vt 0.312528 0.824146
vt 0.286715 0.818230
vt 0.295196 0.811001
vt 0.284106 0.834233
vt 0.291355 0.844841
vt 0.277403 0.824303
vt 0.279702 0.810302
vt 0.287223 0.804846
vt 0.271451 0.815109
vt 0.568689 0.917030
vt 0.567429 0.912964
vt 0.568678 0.903067
vt 0.570373 0.903935
vt 0.562580 0.911463
vt 0.563893 0.901893
vt 0.565075 0.888622
vt 0.569748 0.889606
vt 0.572057 0.890839
vt 0.525733 0.728509
vt 0.531785 0.742844
vt 0.518824 0.748291
vt 0.512646 0.734594
vt 0.536994 0.756735
vt 0.524215 0.761549
vt 0.512029 0.766507
vt 0.506341 0.754007
vt 0.499559 0.740679
vt 0.540759 0.770225
vt 0.528284 0.774200
vt 0.543234 0.783735
vt 0.531229 0.786792
vt 0.519671 0.789781
vt 0.516371 0.778194
vt 0.494385 0.760160
vt 0.487681 0.747912
vt 0.500298 0.771655
vt 0.488686 0.777355
vt 0.482412 0.767180
vt 0.475802 0.755145
vt 0.504832 0.782201
vt 0.508331 0.792670
vt 0.497291 0.795628
vt 0.493559 0.786456
vt 0.544702 0.797532
vt 0.533349 0.799745
vt 0.545216 0.810829
vt 0.534643 0.812281
vt 0.524157 0.813621
vt 0.522294 0.801846
vt 0.544931 0.822874
vt 0.535131 0.823626
vt 0.544653 0.834114
vt 0.535216 0.834221
vt 0.525441 0.834298
vt 0.525144 0.824301
vt 0.545024 0.845318
vt 0.535231 0.844814
vt 0.545375 0.857319
vt 0.534843 0.856159
vt 0.524350 0.855010
vt 0.525229 0.844313
vt 0.544893 0.870602
vt 0.533659 0.868694
vt 0.543521 0.884199
vt 0.531734 0.881579
vt 0.520282 0.878859
vt 0.522644 0.866766
vt 0.511232 0.803804
vt 0.513396 0.814827
vt 0.502460 0.816060
vt 0.500290 0.805784
vt 0.514616 0.824887
vt 0.514991 0.834334
vt 0.503978 0.834316
vt 0.503645 0.825474
vt 0.514642 0.843804
vt 0.513484 0.853856
vt 0.502466 0.852562
vt 0.503606 0.843177
vt 0.511454 0.864789
vt 0.508788 0.875951
vt 0.497740 0.872867
vt 0.500482 0.862710
vt 0.489765 0.807710
vt 0.487105 0.798760
vt 0.491505 0.817250
vt 0.480468 0.817229
vt 0.480030 0.808179
vt 0.480233 0.801364
vt 0.492370 0.826027
vt 0.492555 0.834236
vt 0.480580 0.834123
vt 0.480654 0.825889
vt 0.492291 0.842466
vt 0.491551 0.851247
vt 0.480503 0.851154
vt 0.480501 0.842407
vt 0.490230 0.860729
vt 0.487972 0.869697
vt 0.481316 0.867100
vt 0.480705 0.860255
vt 0.470142 0.775764
vt 0.462113 0.766761
vt 0.477230 0.784011
vt 0.467685 0.791895
vt 0.459357 0.785454
vt 0.448425 0.778377
vt 0.482883 0.791303
vt 0.474792 0.797405
vt 0.541524 0.896609
vt 0.529358 0.893460
vt 0.539711 0.905673
vt 0.527322 0.902204
vt 0.515416 0.898383
vt 0.517616 0.890080
vt 0.505890 0.886261
vt 0.503534 0.893884
vt 0.491824 0.888539
vt 0.494532 0.881949
vt 0.484236 0.877033
vt 0.480750 0.882205
vt 0.471449 0.874668
vt 0.476318 0.870890
vt 0.452069 0.795988
vt 0.442043 0.790524
vt 0.461624 0.801127
vt 0.458195 0.811380
vt 0.447283 0.807362
vt 0.435660 0.802670
vt 0.470827 0.805587
vt 0.469295 0.815002
vt 0.444230 0.819352
vt 0.432465 0.816995
vt 0.456115 0.822170
vt 0.454779 0.833560
vt 0.442232 0.829138
vt 0.429269 0.831320
vt 0.468418 0.824496
vt 0.468016 0.833970
vt 0.468473 0.843543
vt 0.458811 0.845082
vt 0.469520 0.853192
vt 0.461032 0.855793
vt 0.572057 0.776997
vt 0.569625 0.777579
vt 0.568172 0.762507
vt 0.570150 0.762231
vt 0.564925 0.778593
vt 0.563305 0.763707
vt 0.559926 0.748988
vt 0.564957 0.747596
vt 0.568242 0.747464
vt 0.570920 0.858472
vt 0.571488 0.874656
vt 0.569725 0.874477
vt 0.568393 0.859551
vt 0.565305 0.873830
vt 0.564236 0.859272
vt 0.563016 0.833940
vt 0.566968 0.846206
vt 0.565727 0.846286
vt 0.564055 0.833849
vt 0.562081 0.846150
vt 0.560794 0.833890
vt 0.570691 0.808683
vt 0.566854 0.821311
vt 0.565622 0.821273
vt 0.568235 0.807854
vt 0.561980 0.821523
vt 0.564088 0.808277
vt 0.571374 0.792840
vt 0.569603 0.792982
vt 0.565179 0.793720
vt 0.554398 0.716862
vt 0.561320 0.732163
vt 0.559506 0.732539
vt 0.553248 0.717277
vt 0.554902 0.734065
vt 0.552097 0.717692
vt 0.471771 0.862682
vt 0.464931 0.865786
vt 0.566872 0.917233
vt 0.562214 0.916015
vt 0.568449 0.918006
vt 0.568209 0.918981
vt 0.567025 0.918740
vt 0.565841 0.918498
vt 0.461620 0.867575
vt 0.456924 0.857337
vt 0.468876 0.876755
vt 0.466307 0.878301
vt 0.460187 0.868533
vt 0.454067 0.858765
vt 0.478915 0.884803
vt 0.490411 0.891788
vt 0.489698 0.893726
vt 0.478002 0.886014
vt 0.441064 0.832958
vt 0.429238 0.832025
vt 0.450382 0.836956
vt 0.452556 0.834215
vt 0.440881 0.833473
vt 0.429206 0.832730
vt 0.502322 0.897551
vt 0.514301 0.902365
vt 0.513921 0.904229
vt 0.501810 0.898978
vt 0.552467 0.908964
vt 0.551720 0.913359
vt 0.538712 0.909928
vt 0.551750 0.914921
vt 0.537658 0.911343
vt 0.454419 0.846242
vt 0.453312 0.846491
vt 0.526270 0.906338
vt 0.525790 0.907786
vt 0.554009 0.899611
vt 0.555561 0.886711
vt 0.556303 0.872437
vt 0.555939 0.858432
vt 0.562081 0.846150
vt 0.554621 0.845795
vt 0.553764 0.833992
vt 0.554527 0.822113
vt 0.555795 0.809385
vt 0.556169 0.795366
vt 0.555383 0.780796
vt 0.553390 0.766475
vt 0.549859 0.752262
vt 0.544705 0.737827
vt 0.538915 0.723101
vt 0.139969 0.725199
vt 0.141653 0.738295
vt 0.139958 0.739163
vt 0.138710 0.729266
vt 0.143337 0.751390
vt 0.141028 0.752624
vt 0.136356 0.753608
vt 0.135173 0.740337
vt 0.133860 0.730767
vt 0.097013 0.913721
vt 0.083926 0.907636
vt 0.090104 0.893938
vt 0.103065 0.899386
vt 0.070839 0.901551
vt 0.077621 0.888223
vt 0.083309 0.875722
vt 0.095495 0.880681
vt 0.108274 0.885495
vt 0.099564 0.868030
vt 0.112040 0.872005
vt 0.087651 0.864035
vt 0.090951 0.852449
vt 0.102509 0.855437
vt 0.114514 0.858495
vt 0.058961 0.894317
vt 0.065665 0.882069
vt 0.047082 0.887084
vt 0.053692 0.875050
vt 0.059966 0.864875
vt 0.071579 0.870574
vt 0.076112 0.860029
vt 0.064839 0.855773
vt 0.068571 0.846601
vt 0.079611 0.849560
vt 0.104629 0.842485
vt 0.115982 0.844698
vt 0.093574 0.840384
vt 0.095437 0.828609
vt 0.105924 0.829949
vt 0.116496 0.831400
vt 0.106411 0.818604
vt 0.116211 0.819356
vt 0.096424 0.817928
vt 0.096722 0.807932
vt 0.106496 0.808008
vt 0.115933 0.808115
vt 0.106512 0.797416
vt 0.116305 0.796911
vt 0.096509 0.797917
vt 0.095630 0.787220
vt 0.106123 0.786071
vt 0.116655 0.784911
vt 0.104939 0.773536
vt 0.116173 0.771627
vt 0.093924 0.775464
vt 0.091562 0.763371
vt 0.103014 0.760651
vt 0.114801 0.758031
vt 0.082512 0.838426
vt 0.071570 0.836446
vt 0.073740 0.826169
vt 0.084676 0.827402
vt 0.085897 0.817343
vt 0.074926 0.816755
vt 0.075258 0.807913
vt 0.086271 0.807895
vt 0.085923 0.798425
vt 0.074887 0.799053
vt 0.073747 0.789667
vt 0.084764 0.788374
vt 0.082734 0.777440
vt 0.071763 0.779519
vt 0.069020 0.769362
vt 0.080068 0.766279
vt 0.058385 0.843470
vt 0.061045 0.834519
vt 0.051513 0.840865
vt 0.051310 0.834051
vt 0.051748 0.825000
vt 0.062785 0.824979
vt 0.063650 0.816203
vt 0.051934 0.816340
vt 0.051860 0.808106
vt 0.063835 0.807993
vt 0.063572 0.799763
vt 0.051782 0.799823
vt 0.051783 0.791076
vt 0.062832 0.790983
vt 0.061510 0.781500
vt 0.051986 0.781974
vt 0.052597 0.775129
vt 0.059253 0.772532
vt 0.033393 0.875468
vt 0.041422 0.866466
vt 0.019705 0.863853
vt 0.030637 0.856776
vt 0.038965 0.850335
vt 0.048510 0.858218
vt 0.054163 0.850926
vt 0.046072 0.844824
vt 0.100639 0.748770
vt 0.112805 0.745621
vt 0.088897 0.752149
vt 0.086696 0.743846
vt 0.098603 0.740026
vt 0.110991 0.736557
vt 0.077171 0.755968
vt 0.065813 0.760281
vt 0.063104 0.753691
vt 0.074815 0.748346
vt 0.055517 0.765197
vt 0.047599 0.771340
vt 0.042730 0.767561
vt 0.052031 0.760024
vt 0.013323 0.851706
vt 0.023349 0.846241
vt 0.006941 0.839559
vt 0.018563 0.834867
vt 0.029475 0.830849
vt 0.032904 0.841102
vt 0.042108 0.836643
vt 0.040575 0.827227
vt 0.003745 0.825234
vt 0.015510 0.822877
vt 0.000550 0.810909
vt 0.013512 0.813091
vt 0.026060 0.808669
vt 0.027395 0.820059
vt 0.039699 0.817733
vt 0.039296 0.808259
vt 0.030091 0.797147
vt 0.039754 0.798686
vt 0.032313 0.786436
vt 0.040800 0.789037
vt 0.143337 0.865233
vt 0.141430 0.879999
vt 0.139452 0.879723
vt 0.140905 0.864650
vt 0.139522 0.894766
vt 0.136237 0.894633
vt 0.131206 0.893242
vt 0.134585 0.878523
vt 0.136205 0.863636
vt 0.142200 0.783758
vt 0.139674 0.782678
vt 0.141005 0.767753
vt 0.142769 0.767574
vt 0.135516 0.782958
vt 0.136585 0.768400
vt 0.134296 0.808289
vt 0.135336 0.808380
vt 0.137008 0.795944
vt 0.138248 0.796023
vt 0.132074 0.808339
vt 0.133361 0.796080
vt 0.141971 0.833547
vt 0.139515 0.834376
vt 0.136902 0.820957
vt 0.138134 0.820918
vt 0.135368 0.833953
vt 0.133260 0.820706
vt 0.140883 0.849248
vt 0.142654 0.849390
vt 0.136459 0.848509
vt 0.125678 0.925368
vt 0.124528 0.924953
vt 0.130786 0.909691
vt 0.132600 0.910067
vt 0.123377 0.924538
vt 0.126182 0.908165
vt 0.036211 0.776443
vt 0.043052 0.779548
vt 0.133495 0.726215
vt 0.138152 0.724996
vt 0.137121 0.723731
vt 0.138305 0.723490
vt 0.139490 0.723249
vt 0.139729 0.724224
vt 0.028205 0.784892
vt 0.032901 0.774654
vt 0.025348 0.783463
vt 0.031468 0.773696
vt 0.037588 0.763929
vt 0.040156 0.765474
vt 0.050196 0.757427
vt 0.049283 0.756216
vt 0.060978 0.748503
vt 0.061691 0.750441
vt 0.000518 0.810204
vt 0.012344 0.809271
vt 0.000486 0.809499
vt 0.012161 0.808756
vt 0.023836 0.808014
vt 0.021662 0.805273
vt 0.073603 0.744678
vt 0.073090 0.743252
vt 0.085202 0.738001
vt 0.085581 0.739865
vt 0.109992 0.732302
vt 0.123000 0.728870
vt 0.123747 0.733266
vt 0.108939 0.730887
vt 0.123030 0.727309
vt 0.025699 0.795987
vt 0.024592 0.795739
vt 0.097550 0.735892
vt 0.097070 0.734444
vt 0.126841 0.755519
vt 0.125290 0.742619
vt 0.127219 0.783798
vt 0.127583 0.769792
vt 0.125044 0.808238
vt 0.125902 0.796435
vt 0.127076 0.832845
vt 0.125807 0.820117
vt 0.126664 0.861434
vt 0.127449 0.846864
vt 0.121139 0.889968
vt 0.124670 0.875755
vt 0.110195 0.919129
vt 0.115985 0.904403
vt 0.039333 0.942286
vt 0.042552 0.946768
vt 0.036400 0.950037
vt 0.033953 0.943514
vt 0.046007 0.953056
vt 0.039220 0.956116
vt 0.033047 0.958900
vt 0.030262 0.952727
vt 0.027202 0.945940
vt 0.048433 0.959807
vt 0.041910 0.962254
vt 0.049661 0.965186
vt 0.045179 0.968406
vt 0.038892 0.971860
vt 0.035831 0.965074
vt 0.024184 0.955547
vt 0.020914 0.949395
vt 0.026873 0.961685
vt 0.020087 0.964746
vt 0.017661 0.957994
vt 0.016433 0.952615
vt 0.029693 0.967763
vt 0.032140 0.974286
vt 0.026761 0.975514
vt 0.023542 0.971033
vt 0.055372 0.967348
vt 0.050215 0.974596
vt 0.065607 0.971220
vt 0.056669 0.981341
vt 0.047732 0.991461
vt 0.042540 0.979949
vt 0.086820 0.926340
vt 0.090693 0.936575
vt 0.083445 0.941732
vt 0.076700 0.935278
vt 0.092854 0.942287
vt 0.089635 0.946768
vt 0.086180 0.953056
vt 0.078092 0.949408
vt 0.066579 0.944215
vt 0.033446 0.982159
vt 0.034229 0.991461
vt 0.020727 0.991461
vt 0.024600 0.981226
vt 0.075882 0.958501
vt 0.066579 0.957718
vt 0.083754 0.959807
vt 0.082526 0.965186
vt 0.076814 0.967348
vt 0.066579 0.971220
vt 0.098233 0.943514
vt 0.095787 0.950037
vt 0.104985 0.945940
vt 0.101924 0.952727
vt 0.099140 0.958900
vt 0.092966 0.956116
vt 0.111273 0.949395
vt 0.108003 0.955547
vt 0.115754 0.952615
vt 0.114526 0.957994
vt 0.112100 0.964745
vt 0.105314 0.961685
vt 0.090277 0.962254
vt 0.096356 0.965074
vt 0.093295 0.971860
vt 0.087007 0.968406
vt 0.102493 0.967764
vt 0.108645 0.971033
vt 0.105426 0.975514
vt 0.100047 0.974286
vt 0.121466 0.950453
vt 0.122398 0.959300
vt 0.131701 0.946581
vt 0.131701 0.960083
vt 0.131701 0.973585
vt 0.120188 0.968393
vt 0.045366 0.926340
vt 0.041494 0.936575
vt 0.032647 0.935643
vt 0.031864 0.926340
vt 0.023554 0.937852
vt 0.018362 0.926340
vt 0.114835 0.976069
vt 0.121580 0.982523
vt 0.111460 0.991461
vt 0.107587 0.981226
vt 0.015878 0.943205
vt 0.009424 0.936460
vt 0.010721 0.950454
vt 0.000486 0.946581
vt 0.116308 0.943206
vt 0.108633 0.937852
vt 0.113825 0.926340
vt 0.122763 0.936460
vt 0.099539 0.935643
vt 0.100323 0.926340
vt 0.055487 0.935278
vt 0.048742 0.941732
vt 0.065607 0.944215
vt 0.054095 0.949408
vt 0.065607 0.957718
vt 0.056305 0.958501
vt 0.009789 0.959300
vt 0.011998 0.968393
vt 0.000486 0.973585
vt 0.000486 0.960083
vt 0.017352 0.976069
vt 0.010606 0.982523
vt 0.097957 0.991461
vt 0.098741 0.982158
vt 0.084455 0.991461
vt 0.089647 0.979949
vt 0.075517 0.981341
vt 0.081971 0.974595
vn -0.2802 -0.6824 -0.6751
vn -0.4609 -0.6072 -0.6471
vn -0.5052 -0.3393 -0.7935
vn -0.3086 -0.4058 -0.8603
vn -0.6133 -0.5099 -0.6032
vn -0.6787 -0.2847 -0.6769
vn -0.6960 -0.0927 -0.7120
vn -0.5300 -0.1224 -0.8391
vn -0.3279 -0.1661 -0.9300
vn 0.0000 -0.7255 -0.6882
vn -0.1213 -0.7172 -0.6862
vn -0.1334 -0.4408 -0.8876
vn 0.0000 -0.4502 -0.8929
vn -0.1440 -0.1971 -0.9697
vn 0.0000 -0.2073 -0.9783
vn -0.5405 0.0056 -0.8413
vn -0.3449 -0.0292 -0.9382
vn -0.6936 0.0301 -0.7197
vn -0.6883 0.1206 -0.7153
vn -0.5491 0.1018 -0.8295
vn -0.3594 0.0758 -0.9301
vn -0.1558 -0.0560 -0.9862
vn 0.0000 -0.0651 -0.9979
vn -0.1651 0.0566 -0.9846
vn 0.0000 0.0504 -0.9987
vn -0.5517 0.1938 -0.8112
vn -0.3660 0.1809 -0.9128
vn -0.6780 0.2015 -0.7069
vn -0.6623 0.2641 -0.7012
vn -0.5480 0.2687 -0.7921
vn -0.3657 0.2704 -0.8906
vn -0.1681 0.1722 -0.9706
vn 0.0000 0.1698 -0.9854
vn -0.1665 0.2713 -0.9480
vn 0.0000 0.2717 -0.9623
vn -0.5369 0.3334 -0.7750
vn -0.3605 0.3606 -0.8602
vn -0.6444 0.3121 -0.6981
vn -0.6230 0.3735 -0.6872
vn -0.5261 0.4375 -0.7292
vn -0.3545 0.5058 -0.7864
vn -0.6533 -0.5873 -0.4777
vn -0.7909 -0.3057 -0.5300
vn -0.6789 -0.6560 -0.3297
vn -0.8598 -0.3509 -0.3709
vn -0.9084 -0.1062 -0.4045
vn -0.8158 -0.0920 -0.5709
vn -0.6949 -0.6996 -0.1661
vn -0.9051 -0.3811 -0.1885
vn -0.6999 -0.7142 -0.0005
vn -0.9202 -0.3914 -0.0006
vn -0.9923 -0.1236 -0.0006
vn -0.9710 -0.1189 -0.2075
vn -0.6950 -0.7017 0.1568
vn -0.9069 -0.3822 0.1771
vn -0.6825 -0.6700 0.2920
vn -0.8746 -0.3577 0.3272
vn -0.9276 -0.1025 0.3592
vn -0.9735 -0.1184 0.1954
vn -0.6631 -0.6266 0.4094
vn -0.8286 -0.3223 0.4576
vn -0.6236 -0.5758 0.5287
vn -0.7142 -0.3222 0.6214
vn -0.7443 -0.0768 0.6634
vn -0.8623 -0.0804 0.5000
vn -0.8082 0.0379 -0.5877
vn -0.9055 0.0378 -0.4226
vn -0.8934 0.1301 -0.4299
vn -0.7948 0.1271 -0.5933
vn -0.9751 0.0370 -0.2187
vn -0.9993 0.0369 -0.0005
vn -0.9905 0.1370 -0.0005
vn -0.9657 0.1346 -0.2221
vn -0.9774 0.0384 0.2076
vn -0.9233 0.0464 0.3813
vn -0.9086 0.1377 0.3943
vn -0.9676 0.1358 0.2127
vn -0.8499 0.0625 0.5231
vn -0.7369 0.0730 0.6720
vn -0.7230 0.1583 0.6724
vn -0.8300 0.1484 0.5376
vn -0.7768 0.2001 -0.5970
vn -0.8787 0.1993 -0.4338
vn -0.8616 0.2557 -0.4385
vn -0.7544 0.2563 -0.6043
vn -0.9536 0.2040 -0.2211
vn -0.9783 0.2073 -0.0004
vn -0.9636 0.2675 -0.0003
vn -0.9397 0.2632 -0.2184
vn -0.9554 0.2047 0.2129
vn -0.8929 0.2032 0.4018
vn -0.8766 0.2572 0.4066
vn -0.9413 0.2635 0.2106
vn -0.8097 0.2104 0.5477
vn -0.7082 0.2194 0.6710
vn -0.6926 0.2655 0.6706
vn -0.7899 0.2582 0.5562
vn -0.7292 0.3167 -0.6065
vn -0.8315 0.3439 -0.4362
vn -0.7460 0.5145 -0.4227
vn -0.6734 0.4341 -0.5983
vn -0.9045 0.3700 -0.2121
vn -0.9252 0.3795 0.0000
vn -0.8068 0.5907 0.0005
vn -0.7944 0.5726 -0.2026
vn -0.9056 0.3710 0.2055
vn -0.8454 0.3483 0.4050
vn -0.7524 0.5244 0.3985
vn -0.7939 0.5742 0.1997
vn -0.7652 0.3237 0.5564
vn -0.6731 0.3177 0.6678
vn -0.6450 0.4026 0.6495
vn -0.6950 0.4593 0.5532
vn -0.4436 -0.6836 0.5796
vn -0.5061 -0.4050 0.7614
vn -0.2574 -0.7559 0.6020
vn -0.2931 -0.4862 0.8232
vn -0.3232 -0.1727 0.9304
vn -0.5464 -0.1162 0.8294
vn -0.1635 0.3759 -0.9121
vn 0.0000 0.3797 -0.9251
vn -0.1614 0.5461 -0.8220
vn 0.0000 0.5564 -0.8309
vn -0.5579 0.0597 0.8277
vn -0.3438 0.0282 0.9386
vn -0.3571 0.1373 0.9239
vn -0.5616 0.1538 0.8130
vn -0.1122 -0.7837 0.6109
vn -0.1263 -0.5234 0.8426
vn 0.0000 -0.7898 0.6133
vn 0.0000 -0.5327 0.8463
vn 0.0000 -0.2205 0.9754
vn -0.1410 -0.2093 0.9676
vn -0.5595 0.2204 0.7990
vn -0.3606 0.2156 0.9074
vn -0.3558 0.2802 0.8915
vn -0.5515 0.2734 0.7881
vn -0.1541 0.0023 0.9880
vn 0.0000 -0.0067 1.0000
vn 0.0000 0.1178 0.9930
vn -0.1628 0.1228 0.9789
vn -0.5337 0.3430 0.7729
vn -0.3457 0.3743 0.8604
vn -0.3421 0.5418 0.7677
vn -0.5229 0.4747 0.7079
vn -0.1647 0.2117 0.9633
vn 0.0000 0.2105 0.9776
vn 0.0000 0.2858 0.9583
vn -0.1615 0.2844 0.9450
vn -0.1570 0.3901 0.9072
vn 0.0000 0.3941 0.9191
vn 0.0000 0.5862 0.8102
vn -0.1560 0.5773 0.8014
vn -0.4187 -0.8185 0.3933
vn -0.2360 -0.8850 0.4013
vn -0.4188 -0.8677 0.2678
vn -0.2248 -0.9390 0.2602
vn -0.1028 -0.9086 0.4047
vn 0.0000 -0.9141 0.4055
vn -0.0955 -0.9617 0.2570
vn 0.0000 -0.9668 0.2554
vn -0.4141 -0.8993 0.1406
vn -0.2153 -0.9675 0.1326
vn -0.4117 -0.9113 -0.0003
vn -0.2112 -0.9774 -0.0002
vn -0.0887 -0.9878 0.1279
vn 0.0000 -0.9920 0.1258
vn -0.0858 -0.9963 -0.0002
vn 0.0000 -1.0000 -0.0002
vn -0.4150 -0.8978 -0.1474
vn -0.2160 -0.9666 -0.1376
vn -0.4238 -0.8553 -0.2979
vn -0.2295 -0.9310 -0.2838
vn -0.0890 -0.9872 -0.1320
vn 0.0000 -0.9915 -0.1296
vn -0.0972 -0.9559 -0.2770
vn 0.0000 -0.9616 -0.2744
vn -0.4328 -0.7786 -0.4544
vn -0.2503 -0.8541 -0.4559
vn -0.1082 -0.8841 -0.4546
vn 0.0000 -0.8911 -0.4538
vn -0.5443 0.5820 -0.6041
vn -0.3564 0.6956 -0.6238
vn -0.5755 0.7082 -0.4090
vn -0.3573 0.8444 -0.3990
vn -0.1597 0.7572 -0.6334
vn 0.0000 0.7728 -0.6346
vn -0.1536 0.9083 -0.3892
vn 0.0000 0.9231 -0.3844
vn -0.5896 0.7841 -0.1934
vn -0.3514 0.9179 -0.1842
vn -0.5921 0.8058 0.0011
vn -0.3482 0.9374 0.0013
vn -0.1447 0.9739 -0.1746
vn 0.0000 0.9854 -0.1700
vn -0.1408 0.9900 0.0014
vn 0.0000 1.0000 0.0014
vn -0.5884 0.7846 0.1952
vn -0.3507 0.9171 0.1894
vn -0.5736 0.7171 0.3959
vn -0.3540 0.8476 0.3952
vn -0.1446 0.9727 0.1813
vn 0.0000 0.9842 0.1771
vn -0.1523 0.9079 0.3904
vn 0.0000 0.9220 0.3871
vn -0.5445 0.6143 0.5710
vn -0.3495 0.7208 0.5986
vn -0.1565 0.7752 0.6120
vn 0.0000 0.7889 0.6145
vn 0.2802 -0.6824 -0.6751
vn 0.3086 -0.4058 -0.8603
vn 0.5052 -0.3393 -0.7935
vn 0.4609 -0.6072 -0.6471
vn 0.3279 -0.1661 -0.9300
vn 0.5300 -0.1224 -0.8391
vn 0.6960 -0.0927 -0.7120
vn 0.6787 -0.2847 -0.6769
vn 0.6133 -0.5099 -0.6032
vn 0.1334 -0.4408 -0.8876
vn 0.1213 -0.7172 -0.6862
vn 0.1440 -0.1971 -0.9697
vn 0.3449 -0.0292 -0.9382
vn 0.5405 0.0056 -0.8413
vn 0.3594 0.0758 -0.9301
vn 0.5491 0.1018 -0.8295
vn 0.6883 0.1206 -0.7153
vn 0.6936 0.0301 -0.7197
vn 0.1558 -0.0560 -0.9862
vn 0.1651 0.0566 -0.9846
vn 0.3660 0.1809 -0.9128
vn 0.5517 0.1938 -0.8112
vn 0.3657 0.2704 -0.8906
vn 0.5480 0.2687 -0.7921
vn 0.6623 0.2641 -0.7012
vn 0.6780 0.2015 -0.7069
vn 0.1681 0.1722 -0.9706
vn 0.1665 0.2713 -0.9480
vn 0.3605 0.3606 -0.8602
vn 0.5369 0.3334 -0.7750
vn 0.3545 0.5058 -0.7864
vn 0.5261 0.4375 -0.7292
vn 0.6230 0.3735 -0.6872
vn 0.6444 0.3121 -0.6981
vn 0.7909 -0.3057 -0.5300
vn 0.6533 -0.5873 -0.4777
vn 0.8158 -0.0920 -0.5709
vn 0.9084 -0.1062 -0.4045
vn 0.8598 -0.3509 -0.3709
vn 0.6789 -0.6560 -0.3297
vn 0.9051 -0.3811 -0.1885
vn 0.6949 -0.6996 -0.1661
vn 0.9710 -0.1189 -0.2075
vn 0.9923 -0.1236 -0.0006
vn 0.9202 -0.3914 -0.0006
vn 0.6999 -0.7142 -0.0005
vn 0.9069 -0.3822 0.1771
vn 0.6950 -0.7017 0.1568
vn 0.9735 -0.1184 0.1954
vn 0.9276 -0.1025 0.3592
vn 0.8746 -0.3577 0.3272
vn 0.6825 -0.6700 0.2920
vn 0.8286 -0.3223 0.4576
vn 0.6631 -0.6266 0.4094
vn 0.8623 -0.0804 0.5000
vn 0.7443 -0.0768 0.6634
vn 0.7142 -0.3222 0.6214
vn 0.6236 -0.5758 0.5287
vn 0.8082 0.0379 -0.5877
vn 0.7948 0.1271 -0.5933
vn 0.8934 0.1301 -0.4299
vn 0.9055 0.0378 -0.4226
vn 0.9751 0.0370 -0.2187
vn 0.9657 0.1346 -0.2221
vn 0.9905 0.1370 -0.0005
vn 0.9993 0.0369 -0.0005
vn 0.9774 0.0384 0.2076
vn 0.9676 0.1358 0.2127
vn 0.9086 0.1377 0.3943
vn 0.9233 0.0464 0.3813
vn 0.8499 0.0625 0.5231
vn 0.8300 0.1484 0.5376
vn 0.7230 0.1583 0.6724
vn 0.7369 0.0730 0.6720
vn 0.7768 0.2001 -0.5970
vn 0.7544 0.2563 -0.6043
vn 0.8616 0.2557 -0.4385
vn 0.8787 0.1993 -0.4338
vn 0.9536 0.2040 -0.2211
vn 0.9397 0.2632 -0.2184
vn 0.9636 0.2675 -0.0003
vn 0.9783 0.2073 -0.0004
vn 0.9554 0.2047 0.2129
vn 0.9413 0.2635 0.2106
vn 0.8766 0.2572 0.4066
vn 0.8929 0.2032 0.4018
vn 0.8097 0.2104 0.5477
vn 0.7899 0.2582 0.5562
vn 0.6926 0.2655 0.6706
vn 0.7082 0.2194 0.6710
vn 0.7292 0.3167 -0.6065
vn 0.6734 0.4341 -0.5983
vn 0.7460 0.5145 -0.4227
vn 0.8315 0.3439 -0.4362
vn 0.9045 0.3700 -0.2121
vn 0.7944 0.5726 -0.2026
vn 0.8068 0.5907 0.0005
vn 0.9252 0.3795 0.0000
vn 0.9056 0.3710 0.2055
vn 0.7939 0.5742 0.1997
vn 0.7524 0.5244 0.3985
vn 0.8454 0.3483 0.4050
vn 0.7652 0.3237 0.5564
vn 0.6950 0.4593 0.5532
vn 0.6450 0.4026 0.6495
vn 0.6731 0.3177 0.6678
vn 0.5061 -0.4050 0.7614
vn 0.4436 -0.6836 0.5796
vn 0.5464 -0.1162 0.8294
vn 0.3232 -0.1727 0.9304
vn 0.2931 -0.4862 0.8232
vn 0.2574 -0.7559 0.6020
vn 0.1635 0.3759 -0.9121
vn 0.1614 0.5461 -0.8220
vn 0.5579 0.0597 0.8277
vn 0.5616 0.1538 0.8130
vn 0.3571 0.1373 0.9239
vn 0.3438 0.0282 0.9386
vn 0.1263 -0.5234 0.8426
vn 0.1122 -0.7837 0.6109
vn 0.1410 -0.2093 0.9676
vn 0.5595 0.2204 0.7990
vn 0.5515 0.2734 0.7881
vn 0.3558 0.2802 0.8915
vn 0.3606 0.2156 0.9074
vn 0.1541 0.0023 0.9880
vn 0.1628 0.1228 0.9789
vn 0.5337 0.3430 0.7729
vn 0.5229 0.4747 0.7079
vn 0.3421 0.5418 0.7677
vn 0.3457 0.3743 0.8604
vn 0.1647 0.2117 0.9633
vn 0.1615 0.2844 0.9450
vn 0.1570 0.3901 0.9072
vn 0.1560 0.5773 0.8014
vn 0.2360 -0.8850 0.4013
vn 0.4187 -0.8185 0.3933
vn 0.2248 -0.9390 0.2602
vn 0.4188 -0.8677 0.2678
vn 0.1028 -0.9086 0.4047
vn 0.0955 -0.9617 0.2570
vn 0.2153 -0.9675 0.1326
vn 0.4141 -0.8993 0.1406
vn 0.2112 -0.9774 -0.0002
vn 0.4117 -0.9113 -0.0003
vn 0.0887 -0.9878 0.1279
vn 0.0858 -0.9963 -0.0002
vn 0.2160 -0.9666 -0.1376
vn 0.4150 -0.8978 -0.1474
vn 0.2295 -0.9310 -0.2838
vn 0.4238 -0.8553 -0.2979
vn 0.0890 -0.9872 -0.1320
vn 0.0972 -0.9559 -0.2770
vn 0.2503 -0.8541 -0.4559
vn 0.4328 -0.7786 -0.4544
vn 0.1082 -0.8841 -0.4546
vn 0.3564 0.6956 -0.6238
vn 0.5443 0.5820 -0.6041
vn 0.3573 0.8444 -0.3990
vn 0.5755 0.7082 -0.4090
vn 0.1597 0.7572 -0.6334
vn 0.1536 0.9083 -0.3892
vn 0.3514 0.9179 -0.1842
vn 0.5896 0.7841 -0.1934
vn 0.3482 0.9374 0.0013
vn 0.5921 0.8058 0.0011
vn 0.1447 0.9739 -0.1746
vn 0.1408 0.9900 0.0014
vn 0.3507 0.9171 0.1894
vn 0.5884 0.7846 0.1952
vn 0.3540 0.8476 0.3952
vn 0.5736 0.7171 0.3959
vn 0.1446 0.9727 0.1813
vn 0.1523 0.9079 0.3904
vn 0.3495 0.7208 0.5986
vn 0.5445 0.6143 0.5710
vn 0.1565 0.7752 0.6120
vn -0.6233 0.0815 0.7777
vn -0.6218 0.0942 0.7775
vn -0.6830 0.0887 0.7250
vn -0.6827 0.0798 0.7263
vn -0.6160 0.1111 0.7798
vn -0.6779 0.1004 0.7282
vn -0.7617 0.0851 0.6423
vn -0.7658 0.0786 0.6382
vn -0.7632 0.0742 0.6419
vn 0.0000 0.1584 -0.9874
vn -0.1723 0.1559 -0.9726
vn -0.1666 0.1835 -0.9688
vn 0.0000 0.1864 -0.9825
vn -0.3989 0.1423 -0.9059
vn -0.3801 0.1689 -0.9094
vn -0.3612 0.1984 -0.9111
vn -0.1604 0.2094 -0.9646
vn 0.0000 0.2119 -0.9773
vn -0.6157 0.1146 -0.7796
vn -0.5922 0.1401 -0.7935
vn -0.7534 0.0869 -0.6518
vn -0.7383 0.1122 -0.6651
vn -0.7205 0.1601 -0.6746
vn -0.5682 0.1786 -0.8032
vn -0.1545 0.2248 -0.9620
vn 0.0000 0.2267 -0.9739
vn -0.3462 0.2188 -0.9122
vn -0.3348 0.2341 -0.9127
vn -0.1488 0.2385 -0.9597
vn 0.0000 0.2402 -0.9707
vn -0.5500 0.2107 -0.8081
vn -0.7045 0.2041 -0.6797
vn -0.6941 0.2277 -0.6829
vn -0.5383 0.2293 -0.8109
vn -0.8402 0.0705 -0.5376
vn -0.8330 0.0960 -0.5448
vn -0.9147 0.0623 -0.3992
vn -0.9106 0.0889 -0.4037
vn -0.9019 0.1451 -0.4067
vn -0.8214 0.1491 -0.5505
vn -0.9748 0.0575 -0.2154
vn -0.9720 0.0863 -0.2182
vn -0.9984 0.0555 -0.0002
vn -0.9963 0.0856 -0.0001
vn -0.9890 0.1480 0.0000
vn -0.9646 0.1464 -0.2191
vn -0.9747 0.0572 0.2158
vn -0.9718 0.0864 0.2194
vn -0.9138 0.0640 0.4009
vn -0.9081 0.0916 0.4084
vn -0.8974 0.1492 0.4152
vn -0.9640 0.1470 0.2214
vn -0.8355 0.0770 0.5440
vn -0.8258 0.1043 0.5542
vn -0.7447 0.0952 0.6605
vn -0.7317 0.1218 0.6707
vn -0.7150 0.1752 0.6767
vn -0.8103 0.1603 0.5636
vn -0.8075 0.1993 -0.5552
vn -0.8909 0.1983 -0.4086
vn -0.8812 0.2361 -0.4096
vn -0.7964 0.2298 -0.5593
vn -0.9548 0.2025 -0.2176
vn -0.9786 0.2056 0.0002
vn -0.9682 0.2500 0.0005
vn -0.9454 0.2453 -0.2143
vn -0.9536 0.2036 0.2217
vn -0.8829 0.2040 0.4229
vn -0.8675 0.2438 0.4334
vn -0.9433 0.2470 0.2215
vn -0.7896 0.2149 0.5747
vn -0.6959 0.2301 0.6803
vn -0.6743 0.2698 0.6874
vn -0.7664 0.2520 0.5908
vn -0.7812 0.3036 -0.5455
vn -0.6818 0.2797 -0.6759
vn -0.8526 0.3417 -0.3953
vn -0.7341 0.5773 -0.3574
vn -0.6989 0.5049 -0.5066
vn -0.6515 0.4128 -0.6365
vn -0.9061 0.3706 -0.2039
vn -0.9242 0.3818 0.0016
vn -0.7664 0.6423 0.0024
vn -0.7579 0.6254 -0.1854
vn -0.9018 0.3732 0.2178
vn -0.8300 0.3479 0.4358
vn -0.7096 0.5621 0.4249
vn -0.7538 0.6227 0.2096
vn -0.7338 0.3217 0.5983
vn -0.6454 0.3213 0.6930
vn -0.6064 0.4108 0.6808
vn -0.6491 0.4791 0.5908
vn -0.1448 0.3335 -0.9315
vn 0.0000 0.3355 -0.9420
vn -0.3241 0.3233 -0.8890
vn -0.3235 0.5669 -0.7575
vn -0.1482 0.5910 -0.7929
vn 0.0000 0.5952 -0.8035
vn -0.5200 0.2970 -0.8008
vn -0.5084 0.5043 -0.6980
vn -0.6568 0.1136 0.7454
vn -0.6422 0.1384 0.7539
vn -0.5941 0.1273 0.7942
vn -0.5795 0.1503 0.8010
vn -0.5670 0.1924 0.8009
vn -0.6278 0.1862 0.7557
vn -0.6157 0.2388 0.7508
vn -0.5585 0.2421 0.7934
vn -0.5491 0.2932 0.7826
vn -0.6024 0.2846 0.7457
vn -0.5768 0.3469 0.7396
vn -0.5282 0.3706 0.7640
vn -0.4951 0.5057 0.7065
vn -0.5438 0.4664 0.6977
vn -0.1498 0.8401 -0.5213
vn 0.0000 0.8489 -0.5286
vn -0.3233 0.8016 -0.5028
vn -0.3174 0.8996 -0.2999
vn -0.1461 0.9424 -0.3009
vn 0.0000 0.9533 -0.3019
vn -0.5153 0.7056 -0.4864
vn -0.5201 0.7939 -0.3150
vn -0.1430 0.9717 -0.1880
vn 0.0000 0.9820 -0.1887
vn -0.3192 0.9307 -0.1788
vn -0.3513 0.9351 -0.0462
vn -0.1395 0.9816 -0.1304
vn 0.0000 0.9927 -0.1203
vn -0.5221 0.8353 -0.1721
vn -0.5332 0.8459 -0.0070
vn -0.5445 0.8155 0.1959
vn -0.4329 0.8816 0.1879
vn -0.5412 0.7348 0.4088
vn -0.4436 0.8017 0.4006
vn -0.7763 0.0670 -0.6268
vn -0.7765 0.0699 -0.6262
vn -0.6500 0.0861 -0.7550
vn -0.6550 0.0799 -0.7514
vn -0.7719 0.0754 -0.6312
vn -0.6451 0.0949 -0.7582
vn -0.4213 0.1087 -0.9004
vn -0.4218 0.0781 -0.9033
vn -0.4392 0.0596 -0.8964
vn -0.9160 0.0531 0.3976
vn -0.8459 0.0629 0.5296
vn -0.8493 0.0651 0.5239
vn -0.9203 0.0549 0.3874
vn -0.8465 0.0692 0.5278
vn -0.9189 0.0578 0.3901
vn -0.9987 0.0496 -0.0009
vn -0.9740 0.0496 0.2211
vn -0.9764 0.0509 0.2098
vn -0.9987 0.0504 -0.0002
vn -0.9761 0.0524 0.2109
vn -0.9987 0.0511 -0.0002
vn -0.9142 0.0464 -0.4025
vn -0.9735 0.0485 -0.2232
vn -0.9762 0.0506 -0.2107
vn -0.9189 0.0508 -0.3912
vn -0.9759 0.0527 -0.2115
vn -0.9178 0.0560 -0.3931
vn -0.8478 0.0502 -0.5279
vn -0.8502 0.0551 -0.5235
vn -0.8477 0.0622 -0.5268
vn 0.0000 -0.0022 -1.0000
vn -0.1859 0.0171 -0.9824
vn -0.1759 0.0558 -0.9828
vn 0.0000 0.0465 -0.9989
vn -0.1780 0.1101 -0.9778
vn 0.0000 0.1089 -0.9940
vn -0.5325 0.6133 0.5833
vn -0.4632 0.6699 0.5802
vn -0.5315 0.1003 0.8411
vn -0.5229 0.1174 0.8442
vn -0.5438 0.0880 0.8346
vn -0.4741 0.0944 0.8754
vn -0.4639 0.1050 0.8796
vn -0.4522 0.1191 0.8839
vn -0.3780 0.7119 0.5918
vn -0.3486 0.8445 0.4065
vn -0.4146 0.5385 0.7336
vn -0.3593 0.5447 0.7577
vn -0.3231 0.7190 0.6153
vn -0.2862 0.8560 0.4304
vn -0.4455 0.3895 0.8061
vn -0.4652 0.3021 0.8320
vn -0.4039 0.3059 0.8621
vn -0.3864 0.3952 0.8333
vn -0.0975 0.9951 0.0125
vn 0.0000 0.9963 0.0858
vn -0.2543 0.9666 0.0316
vn -0.1429 0.9813 0.1291
vn -0.0387 0.9792 0.1990
vn 0.0000 0.9633 0.2681
vn -0.4756 0.2469 0.8443
vn -0.4842 0.1976 0.8523
vn -0.4237 0.1997 0.8835
vn -0.4150 0.2492 0.8750
vn -0.6070 0.1182 0.7859
vn -0.5156 0.1256 0.8475
vn -0.5059 0.1352 0.8519
vn -0.4464 0.1276 0.8856
vn -0.4399 0.1374 0.8875
vn -0.3328 0.9191 0.2107
vn -0.2455 0.9379 0.2452
vn -0.4946 0.1576 0.8547
vn -0.4320 0.1598 0.8876
vn -0.6693 0.1055 0.7354
vn -0.7548 0.0883 0.6500
vn -0.8421 0.0712 0.5346
vn -0.9170 0.0590 0.3945
vn -0.9757 0.0528 0.2127
vn -0.9756 0.0532 -0.2130
vn -0.9166 0.0577 -0.3956
vn -0.8447 0.0650 -0.5313
vn -0.7645 0.0790 -0.6397
vn -0.6339 0.1017 -0.7667
vn -0.4135 0.1233 -0.9021
vn -0.1765 0.1327 -0.9753
vn 0.0000 0.1341 -0.9910
vn 0.6233 0.0815 0.7777
vn 0.6827 0.0798 0.7263
vn 0.6830 0.0887 0.7250
vn 0.6218 0.0942 0.7775
vn 0.7632 0.0742 0.6419
vn 0.7658 0.0786 0.6382
vn 0.7617 0.0851 0.6423
vn 0.6779 0.1004 0.7282
vn 0.6160 0.1111 0.7798
vn 0.1666 0.1835 -0.9688
vn 0.1723 0.1559 -0.9726
vn 0.1604 0.2094 -0.9646
vn 0.3612 0.1984 -0.9111
vn 0.3801 0.1689 -0.9094
vn 0.3989 0.1423 -0.9059
vn 0.5922 0.1401 -0.7935
vn 0.6157 0.1146 -0.7796
vn 0.5682 0.1786 -0.8032
vn 0.7205 0.1601 -0.6746
vn 0.7383 0.1122 -0.6651
vn 0.7534 0.0869 -0.6518
vn 0.1545 0.2248 -0.9620
vn 0.1488 0.2385 -0.9597
vn 0.3348 0.2341 -0.9127
vn 0.3462 0.2188 -0.9122
vn 0.5500 0.2107 -0.8081
vn 0.5383 0.2293 -0.8109
vn 0.6941 0.2277 -0.6829
vn 0.7045 0.2041 -0.6797
vn 0.8330 0.0960 -0.5448
vn 0.8402 0.0705 -0.5376
vn 0.8214 0.1491 -0.5505
vn 0.9019 0.1451 -0.4067
vn 0.9106 0.0889 -0.4037
vn 0.9147 0.0623 -0.3992
vn 0.9720 0.0863 -0.2182
vn 0.9748 0.0575 -0.2154
vn 0.9646 0.1464 -0.2191
vn 0.9890 0.1480 0.0000
vn 0.9963 0.0856 -0.0001
vn 0.9984 0.0555 -0.0002
vn 0.9718 0.0864 0.2194
vn 0.9747 0.0572 0.2158
vn 0.9640 0.1470 0.2214
vn 0.8974 0.1492 0.4152
vn 0.9081 0.0916 0.4084
vn 0.9138 0.0640 0.4009
vn 0.8258 0.1043 0.5542
vn 0.8355 0.0770 0.5440
vn 0.8103 0.1603 0.5636
vn 0.7150 0.1752 0.6767
vn 0.7317 0.1218 0.6707
vn 0.7447 0.0952 0.6605
vn 0.8075 0.1993 -0.5552
vn 0.7964 0.2298 -0.5593
vn 0.8812 0.2361 -0.4096
vn 0.8909 0.1983 -0.4086
vn 0.9548 0.2025 -0.2176
vn 0.9454 0.2453 -0.2143
vn 0.9682 0.2500 0.0005
vn 0.9786 0.2056 0.0002
vn 0.9536 0.2036 0.2217
vn 0.9433 0.2470 0.2215
vn 0.8675 0.2438 0.4334
vn 0.8829 0.2040 0.4229
vn 0.7896 0.2149 0.5747
vn 0.7664 0.2520 0.5908
vn 0.6743 0.2698 0.6874
vn 0.6959 0.2301 0.6803
vn 0.6818 0.2797 -0.6759
vn 0.7812 0.3036 -0.5455
vn 0.6515 0.4128 -0.6365
vn 0.6989 0.5049 -0.5066
vn 0.7341 0.5773 -0.3574
vn 0.8526 0.3417 -0.3953
vn 0.9061 0.3706 -0.2039
vn 0.7579 0.6254 -0.1854
vn 0.7664 0.6423 0.0024
vn 0.9242 0.3818 0.0016
vn 0.9018 0.3732 0.2178
vn 0.7538 0.6227 0.2096
vn 0.7096 0.5621 0.4249
vn 0.8300 0.3479 0.4358
vn 0.7338 0.3217 0.5983
vn 0.6491 0.4791 0.5908
vn 0.6064 0.4108 0.6808
vn 0.6454 0.3213 0.6930
vn 0.1448 0.3335 -0.9315
vn 0.1482 0.5910 -0.7929
vn 0.3235 0.5669 -0.7575
vn 0.3241 0.3233 -0.8890
vn 0.5200 0.2970 -0.8008
vn 0.5084 0.5043 -0.6980
vn 0.6422 0.1384 0.7539
vn 0.6568 0.1136 0.7454
vn 0.6278 0.1862 0.7557
vn 0.5670 0.1924 0.8009
vn 0.5795 0.1503 0.8010
vn 0.5941 0.1273 0.7942
vn 0.6157 0.2388 0.7508
vn 0.6024 0.2846 0.7457
vn 0.5491 0.2932 0.7826
vn 0.5585 0.2421 0.7934
vn 0.5768 0.3469 0.7396
vn 0.5438 0.4664 0.6977
vn 0.4951 0.5057 0.7065
vn 0.5282 0.3706 0.7640
vn 0.1498 0.8401 -0.5213
vn 0.1461 0.9424 -0.3009
vn 0.3174 0.8996 -0.2999
vn 0.3233 0.8016 -0.5028
vn 0.5153 0.7056 -0.4864
vn 0.5201 0.7939 -0.3150
vn 0.1430 0.9717 -0.1880
vn 0.1395 0.9816 -0.1304
vn 0.3513 0.9351 -0.0462
vn 0.3192 0.9307 -0.1788
vn 0.5221 0.8353 -0.1721
vn 0.5332 0.8459 -0.0070
vn 0.4329 0.8816 0.1879
vn 0.5445 0.8155 0.1959
vn 0.4436 0.8017 0.4006
vn 0.5412 0.7348 0.4088
vn 0.7763 0.0670 -0.6268
vn 0.6550 0.0799 -0.7514
vn 0.6500 0.0861 -0.7550
vn 0.7765 0.0699 -0.6262
vn 0.4392 0.0596 -0.8964
vn 0.4218 0.0780 -0.9033
vn 0.4213 0.1087 -0.9004
vn 0.6451 0.0949 -0.7582
vn 0.7719 0.0754 -0.6312
vn 0.9160 0.0531 0.3976
vn 0.9203 0.0549 0.3874
vn 0.8493 0.0651 0.5239
vn 0.8459 0.0629 0.5296
vn 0.9189 0.0578 0.3901
vn 0.8465 0.0692 0.5278
vn 0.9987 0.0496 -0.0009
vn 0.9987 0.0504 -0.0002
vn 0.9764 0.0509 0.2098
vn 0.9740 0.0496 0.2211
vn 0.9987 0.0511 -0.0002
vn 0.9761 0.0524 0.2109
vn 0.9142 0.0464 -0.4025
vn 0.9189 0.0508 -0.3912
vn 0.9762 0.0506 -0.2107
vn 0.9735 0.0485 -0.2232
vn 0.9178 0.0560 -0.3931
vn 0.9759 0.0527 -0.2115
vn 0.8502 0.0551 -0.5235
vn 0.8478 0.0502 -0.5279
vn 0.8477 0.0622 -0.5268
vn 0.1759 0.0558 -0.9828
vn 0.1859 0.0171 -0.9824
vn 0.1780 0.1101 -0.9778
vn 0.4632 0.6699 0.5802
vn 0.5325 0.6133 0.5833
vn 0.5229 0.1174 0.8442
vn 0.5315 0.1003 0.8411
vn 0.4522 0.1191 0.8839
vn 0.4639 0.1050 0.8796
vn 0.4741 0.0944 0.8754
vn 0.5438 0.0880 0.8346
vn 0.3486 0.8445 0.4065
vn 0.3780 0.7119 0.5918
vn 0.2862 0.8560 0.4304
vn 0.3231 0.7190 0.6153
vn 0.3593 0.5447 0.7577
vn 0.4146 0.5385 0.7336
vn 0.4455 0.3895 0.8061
vn 0.3864 0.3952 0.8333
vn 0.4040 0.3059 0.8621
vn 0.4652 0.3021 0.8320
vn 0.0975 0.9951 0.0125
vn 0.0387 0.9792 0.1990
vn 0.1429 0.9813 0.1291
vn 0.2543 0.9666 0.0316
vn 0.4756 0.2469 0.8443
vn 0.4150 0.2492 0.8750
vn 0.4237 0.1997 0.8835
vn 0.4842 0.1976 0.8523
vn 0.5059 0.1352 0.8519
vn 0.5156 0.1256 0.8475
vn 0.6070 0.1182 0.7859
vn 0.4399 0.1374 0.8875
vn 0.4464 0.1276 0.8856
vn 0.3328 0.9191 0.2107
vn 0.2455 0.9379 0.2452
vn 0.4946 0.1576 0.8547
vn 0.4320 0.1598 0.8876
vn 0.7548 0.0883 0.6500
vn 0.6693 0.1055 0.7354
vn 0.9170 0.0590 0.3945
vn 0.8421 0.0712 0.5346
vn 0.9757 0.0528 0.2127
vn 0.9166 0.0577 -0.3956
vn 0.9756 0.0532 -0.2130
vn 0.7645 0.0790 -0.6397
vn 0.8447 0.0650 -0.5313
vn 0.4135 0.1233 -0.9021
vn 0.6339 0.1017 -0.7667
vn 0.1765 0.1327 -0.9753
vn 0.5773 -0.5773 -0.5773
vn 0.3037 -0.6737 -0.6737
vn 0.3310 -0.3310 -0.8836
vn 0.6737 -0.3037 -0.6737
vn 0.0000 -0.7071 -0.7071
vn 0.0000 -0.3561 -0.9344
vn 0.0000 0.0000 -1.0000
vn 0.3561 0.0000 -0.9344
vn 0.7071 0.0000 -0.7071
vn -0.3037 -0.6737 -0.6737
vn -0.3310 -0.3310 -0.8836
vn -0.5773 -0.5773 -0.5773
vn -0.6737 -0.3037 -0.6737
vn -0.7071 0.0000 -0.7071
vn -0.3561 0.0000 -0.9344
vn 0.3310 0.3310 -0.8836
vn 0.6737 0.3037 -0.6737
vn 0.0000 0.3561 -0.9344
vn 0.0000 0.7071 -0.7071
vn 0.3037 0.6737 -0.6737
vn 0.5773 0.5773 -0.5773
vn -0.3310 0.3310 -0.8836
vn -0.6737 0.3037 -0.6737
vn -0.5773 0.5773 -0.5773
vn -0.3037 0.6737 -0.6737
vn -0.6737 -0.6737 -0.3037
vn -0.8836 -0.3310 -0.3310
vn -0.7071 -0.7071 0.0000
vn -0.9344 -0.3561 0.0000
vn -1.0000 0.0000 0.0000
vn -0.9344 0.0000 -0.3561
vn -0.6737 -0.6737 0.3037
vn -0.8836 -0.3310 0.3310
vn -0.5773 -0.5773 0.5773
vn -0.6737 -0.3037 0.6737
vn -0.7071 0.0000 0.7071
vn -0.9344 0.0000 0.3561
vn -0.8836 0.3310 -0.3310
vn -0.9344 0.3561 0.0000
vn -0.7071 0.7071 0.0000
vn -0.6737 0.6737 -0.3037
vn -0.8836 0.3310 0.3310
vn -0.6737 0.3037 0.6737
vn -0.5773 0.5773 0.5773
vn -0.6737 0.6737 0.3037
vn -0.3037 -0.6737 0.6737
vn -0.3310 -0.3310 0.8836
vn 0.0000 -0.7071 0.7071
vn 0.0000 -0.3561 0.9344
vn 0.0000 0.0000 1.0000
vn -0.3561 0.0000 0.9344
vn 0.3037 -0.6737 0.6737
vn 0.3310 -0.3310 0.8836
vn 0.5773 -0.5773 0.5773
vn 0.6737 -0.3037 0.6737
vn 0.7071 0.0000 0.7071
vn 0.3561 0.0000 0.9344
vn -0.3310 0.3310 0.8836
vn 0.0000 0.3561 0.9344
vn 0.0000 0.7071 0.7071
vn -0.3037 0.6737 0.6737
vn 0.3310 0.3310 0.8836
vn 0.6737 0.3037 0.6737
vn 0.5773 0.5773 0.5773
vn 0.3037 0.6737 0.6737
vn 0.6737 -0.6737 0.3037
vn 0.8836 -0.3310 0.3310
vn 0.7071 -0.7071 0.0000
vn 0.9344 -0.3561 0.0000
vn 1.0000 0.0000 0.0000
vn 0.9344 0.0000 0.3561
vn 0.6737 -0.6737 -0.3037
vn 0.8836 -0.3310 -0.3310
vn 0.9344 0.0000 -0.3561
vn 0.8836 0.3310 0.3310
vn 0.9344 0.3561 0.0000
vn 0.7071 0.7071 0.0000
vn 0.6737 0.6737 0.3037
vn 0.8836 0.3310 -0.3310
vn 0.6737 0.6737 -0.3037
vn 0.3310 -0.8836 0.3310
vn 0.0000 -0.9344 0.3561
vn 0.0000 -1.0000 0.0000
vn 0.3561 -0.9344 0.0000
vn -0.3310 -0.8836 0.3310
vn -0.3561 -0.9344 0.0000
vn 0.3310 -0.8836 -0.3310
vn 0.0000 -0.9344 -0.3561
vn -0.3310 -0.8836 -0.3310
vn 0.3310 0.8836 -0.3310
vn 0.0000 0.9344 -0.3561
vn 0.0000 1.0000 0.0000
vn 0.3561 0.9344 0.0000
vn -0.3310 0.8836 -0.3310
vn -0.3561 0.9344 0.0000
vn 0.3310 0.8836 0.3310
vn 0.0000 0.9344 0.3561
vn -0.3310 0.8836 0.3310
usemtl JJ
s 1
f 1/1/1 149/2/2 291/3/3 146/4/4
f 149/2/2 5/5/5 104/6/6 291/3/3
f 291/3/3 104/6/6 9/7/7 151/8/8
f 146/4/4 291/3/3 151/8/8 2/9/9
f 42/10/10 187/11/11 292/12/12 99/13/13
f 187/11/11 1/1/1 146/4/4 292/12/12
f 292/12/12 146/4/4 2/9/9 188/14/14
f 99/13/13 292/12/12 188/14/14 44/15/15
f 2/16/9 151/17/8 293/18/16 147/19/17
f 151/17/8 9/20/7 108/21/18 293/18/16
f 293/18/16 108/21/18 13/22/19 155/23/20
f 147/19/17 293/18/16 155/23/20 3/24/21
f 44/25/15 188/26/14 294/27/22 100/28/23
f 188/26/14 2/16/9 147/19/17 294/27/22
f 294/27/22 147/19/17 3/24/21 189/29/24
f 100/28/23 294/27/22 189/29/24 46/30/25
f 3/24/21 155/23/20 295/31/26 148/32/27
f 155/23/20 13/22/19 112/33/28 295/31/26
f 295/31/26 112/33/28 17/34/29 159/35/30
f 148/32/27 295/31/26 159/35/30 4/36/31
f 46/30/25 189/29/24 296/37/32 101/38/33
f 189/29/24 3/24/21 148/32/27 296/37/32
f 296/37/32 148/32/27 4/36/31 190/39/34
f 101/38/33 296/37/32 190/39/34 48/40/35
f 4/36/31 159/35/30 297/41/36 172/42/37
f 159/35/30 17/34/29 131/43/38 297/41/36
f 297/41/36 131/43/38 33/44/39 185/45/40
f 172/42/37 297/41/36 185/45/40 32/46/41
f 5/5/5 102/47/42 298/48/43 104/6/6
f 102/47/42 6/49/44 152/50/45 298/48/43
f 298/48/43 152/50/45 10/51/46 105/52/47
f 104/6/6 298/48/43 105/52/47 9/7/7
f 6/49/44 150/53/48 299/54/49 152/50/45
f 150/53/48 7/55/50 106/56/51 299/54/49
f 299/54/49 106/56/51 11/57/52 153/58/53
f 152/50/45 299/54/49 153/58/53 10/51/46
f 7/55/50 103/59/54 300/60/55 106/56/51
f 103/59/54 8/61/56 154/62/57 300/60/55
f 300/60/55 154/62/57 12/63/58 107/64/59
f 106/56/51 300/60/55 107/64/59 11/57/52
f 8/61/56 163/65/60 301/66/61 154/62/57
f 163/65/60 21/67/62 117/68/63 301/66/61
f 301/66/61 117/68/63 23/69/64 164/70/65
f 154/62/57 301/66/61 164/70/65 12/63/58
f 9/20/7 105/71/47 302/72/66 108/21/18
f 105/71/47 10/73/46 156/74/67 302/72/66
f 302/72/66 156/74/67 14/75/68 109/76/69
f 108/21/18 302/72/66 109/76/69 13/22/19
f 10/73/46 153/77/53 303/78/70 156/74/67
f 153/77/53 11/79/52 110/80/71 303/78/70
f 303/78/70 110/80/71 15/81/72 157/82/73
f 156/74/67 303/78/70 157/82/73 14/75/68
f 11/83/52 107/84/59 304/85/74 110/86/71
f 107/84/59 12/87/58 158/88/75 304/85/74
f 304/85/74 158/88/75 16/89/76 111/90/77
f 110/86/71 304/85/74 111/90/77 15/91/72
f 12/87/58 164/92/65 305/93/78 158/88/75
f 164/92/65 23/94/64 120/95/79 305/93/78
f 305/93/78 120/95/79 25/96/80 166/97/81
f 158/88/75 305/93/78 166/97/81 16/89/76
f 13/22/19 109/76/69 306/98/82 112/33/28
f 109/76/69 14/75/68 160/99/83 306/98/82
f 306/98/82 160/99/83 18/100/84 113/101/85
f 112/33/28 306/98/82 113/101/85 17/34/29
f 14/75/68 157/82/73 307/102/86 160/99/83
f 157/82/73 15/81/72 114/103/87 307/102/86
f 307/102/86 114/103/87 19/104/88 161/105/89
f 160/99/83 307/102/86 161/105/89 18/100/84
f 15/91/72 111/90/77 308/106/90 114/107/87
f 111/90/77 16/89/76 162/108/91 308/106/90
f 308/106/90 162/108/91 20/109/92 115/110/93
f 114/107/87 308/106/90 115/110/93 19/111/88
f 16/89/76 166/97/81 309/112/94 162/108/91
f 166/97/81 25/96/80 123/113/95 309/112/94
f 309/112/94 123/113/95 27/114/96 168/115/97
f 162/108/91 309/112/94 168/115/97 20/109/92
f 17/34/29 113/101/85 310/116/98 131/43/38
f 113/101/85 18/100/84 174/117/99 310/116/98
f 310/116/98 174/117/99 35/118/100 169/119/101
f 131/43/38 310/116/98 169/119/101 33/44/39
f 18/100/84 161/105/89 311/120/102 174/117/99
f 161/105/89 19/104/88 133/121/103 311/120/102
f 311/120/102 133/121/103 37/122/104 128/123/105
f 174/117/99 311/120/102 128/123/105 35/118/100
f 19/111/88 115/110/93 312/124/106 133/125/103
f 115/110/93 20/109/92 177/126/107 312/124/106
f 312/124/106 177/126/107 39/127/108 180/128/109
f 133/125/103 312/124/106 180/128/109 37/129/104
f 20/109/92 168/115/97 313/130/110 177/126/107
f 168/115/97 27/114/96 136/131/111 313/130/110
f 313/130/110 136/131/111 41/132/112 141/133/113
f 177/126/107 313/130/110 141/133/113 39/127/108
f 21/67/62 116/134/114 314/135/115 117/68/63
f 116/134/114 22/136/116 165/137/117 314/135/115
f 314/135/115 165/137/117 24/138/118 118/139/119
f 117/68/63 314/135/115 118/139/119 23/69/64
f 48/40/35 190/39/34 315/140/120 130/141/121
f 190/39/34 4/36/31 172/42/37 315/140/120
f 315/140/120 172/42/37 32/46/41 195/142/122
f 130/141/121 315/140/120 195/142/122 84/143/123
f 23/94/64 118/144/119 316/145/124 120/95/79
f 118/144/119 24/146/118 167/147/125 316/145/124
f 316/145/124 167/147/125 26/148/126 121/149/127
f 120/95/79 316/145/124 121/149/127 25/96/80
f 22/136/116 196/150/128 317/151/129 165/137/117
f 196/150/128 68/152/130 119/153/131 317/151/129
f 317/151/129 119/153/131 71/154/132 197/155/133
f 165/137/117 317/151/129 197/155/133 24/138/118
f 25/96/80 121/149/127 318/156/134 123/113/95
f 121/149/127 26/148/126 184/157/135 318/156/134
f 318/156/134 184/157/135 28/158/136 124/159/137
f 123/113/95 318/156/134 124/159/137 27/114/96
f 24/146/118 197/160/133 319/161/138 167/147/125
f 197/160/133 71/162/132 122/163/139 319/161/138
f 319/161/138 122/163/139 74/164/140 198/165/141
f 167/147/125 319/161/138 198/165/141 26/148/126
f 27/114/96 124/159/137 320/166/142 136/131/111
f 124/159/137 28/158/136 178/167/143 320/166/142
f 320/166/142 178/167/143 40/168/144 143/169/145
f 136/131/111 320/166/142 143/169/145 41/132/112
f 26/148/126 198/165/141 321/170/146 184/157/135
f 198/165/141 74/164/140 125/171/147 321/170/146
f 321/170/146 125/171/147 77/172/148 199/173/149
f 184/157/135 321/170/146 199/173/149 28/158/136
f 28/158/136 199/173/149 322/174/150 178/167/143
f 199/173/149 77/172/148 135/175/151 322/174/150
f 322/174/150 135/175/151 96/176/152 202/177/153
f 178/167/143 322/174/150 202/177/153 40/168/144
f 22/136/116 116/134/114 323/178/154 170/179/155
f 116/134/114 21/67/62 163/65/60 323/178/154
f 323/178/154 163/65/60 8/61/56 142/180/156
f 170/179/155 323/178/154 142/180/156 29/181/157
f 68/152/130 196/150/128 324/182/158 126/183/159
f 196/150/128 22/136/116 170/179/155 324/182/158
f 324/182/158 170/179/155 29/181/157 191/184/160
f 126/183/159 324/182/158 191/184/160 78/185/161
f 29/181/157 142/180/156 325/186/162 127/187/163
f 142/180/156 8/61/56 103/59/54 325/186/162
f 325/186/162 103/59/54 7/55/50 186/188/164
f 127/187/163 325/186/162 186/188/164 30/189/165
f 78/185/161 191/184/160 326/190/166 171/191/167
f 191/184/160 29/181/157 127/187/163 326/190/166
f 326/190/166 127/187/163 30/189/165 201/192/168
f 171/191/167 326/190/166 201/192/168 80/193/169
f 30/189/165 186/188/164 327/194/170 139/195/171
f 186/188/164 7/55/50 150/53/48 327/194/170
f 327/194/170 150/53/48 6/49/44 145/196/172
f 139/195/171 327/194/170 145/196/172 31/197/173
f 80/193/169 201/192/168 328/198/174 129/199/175
f 201/192/168 30/189/165 139/195/171 328/198/174
f 328/198/174 139/195/171 31/197/173 194/200/176
f 129/199/175 328/198/174 194/200/176 82/201/177
f 31/197/173 145/196/172 329/202/178 138/203/179
f 145/196/172 6/49/44 102/47/42 329/202/178
f 329/202/178 102/47/42 5/5/5 149/2/2
f 138/203/179 329/202/178 149/2/2 1/1/1
f 82/201/177 194/200/176 330/204/180 179/205/181
f 194/200/176 31/197/173 138/203/179 330/204/180
f 330/204/180 138/203/179 1/1/1 187/11/11
f 179/205/181 330/204/180 187/11/11 42/10/10
f 32/46/41 185/45/40 331/206/182 132/207/183
f 185/45/40 33/44/39 169/119/101 331/206/182
f 331/206/182 169/119/101 35/118/100 183/208/184
f 132/207/183 331/206/182 183/208/184 34/209/185
f 84/143/123 195/142/122 332/210/186 173/211/187
f 195/142/122 32/46/41 132/207/183 332/210/186
f 332/210/186 132/207/183 34/209/185 192/212/188
f 173/211/187 332/210/186 192/212/188 87/213/189
f 34/209/185 183/208/184 333/214/190 175/215/191
f 183/208/184 35/118/100 128/216/105 333/214/190
f 333/214/190 128/216/105 37/122/104 137/217/192
f 175/215/191 333/214/190 137/217/192 36/218/193
f 87/213/189 192/212/188 334/219/194 144/220/195
f 192/212/188 34/209/185 175/215/191 334/219/194
f 334/219/194 175/215/191 36/218/193 200/221/196
f 144/220/195 334/219/194 200/221/196 90/222/197
f 36/223/193 137/224/192 335/225/198 134/226/199
f 137/224/192 37/129/104 180/128/109 335/225/198
f 335/225/198 180/128/109 39/127/108 181/227/200
f 134/226/199 335/225/198 181/227/200 38/228/201
f 90/229/197 200/230/196 336/231/202 176/232/203
f 200/230/196 36/223/193 134/226/199 336/231/202
f 336/231/202 134/226/199 38/228/201 193/233/204
f 176/232/203 336/231/202 193/233/204 93/234/205
f 38/228/201 181/227/200 337/235/206 182/236/207
f 181/227/200 39/127/108 141/133/113 337/235/206
f 337/235/206 141/133/113 41/132/112 143/169/145
f 182/236/207 337/235/206 143/169/145 40/168/144
f 93/234/205 193/233/204 338/237/208 140/238/209
f 193/233/204 38/228/201 182/236/207 338/237/208
f 338/237/208 182/236/207 40/168/144 202/177/153
f 140/238/209 338/237/208 202/177/153 96/176/152
f 43/239/210 238/240/211 339/241/212 241/242/213
f 238/240/211 45/243/214 243/244/215 339/241/212
f 339/241/212 243/244/215 54/245/216 205/246/217
f 241/242/213 339/241/212 205/246/217 50/247/218
f 42/10/10 99/13/13 340/248/219 275/249/220
f 99/13/13 44/15/15 276/250/221 340/248/219
f 340/248/219 276/250/221 45/243/214 238/240/211
f 275/249/220 340/248/219 238/240/211 43/239/210
f 45/251/214 239/252/222 341/253/223 243/254/215
f 239/252/222 47/255/224 247/256/225 341/253/223
f 341/253/223 247/256/225 58/257/226 209/258/227
f 243/254/215 341/253/223 209/258/227 54/259/216
f 44/25/15 100/28/23 342/260/228 276/261/221
f 100/28/23 46/30/25 277/262/229 342/260/228
f 342/260/228 277/262/229 47/255/224 239/252/222
f 276/261/221 342/260/228 239/252/222 45/251/214
f 47/255/224 240/263/230 343/264/231 247/256/225
f 240/263/230 49/265/232 251/266/233 343/264/231
f 343/264/231 251/266/233 62/267/234 213/268/235
f 247/256/225 343/264/231 213/268/235 58/257/226
f 46/30/25 101/38/33 344/269/236 277/262/229
f 101/38/33 48/40/35 278/270/237 344/269/236
f 344/269/236 278/270/237 49/265/232 240/263/230
f 277/262/229 344/269/236 240/263/230 47/255/224
f 49/265/232 263/271/238 345/272/239 251/266/233
f 263/271/238 85/273/240 273/274/241 345/272/239
f 345/272/239 273/274/241 86/275/242 226/276/243
f 251/266/233 345/272/239 226/276/243 62/267/234
f 50/247/218 205/246/217 346/277/244 203/278/245
f 205/246/217 54/245/216 206/279/246 346/277/244
f 346/277/244 206/279/246 55/280/247 244/281/248
f 203/278/245 346/277/244 244/281/248 51/282/249
f 51/282/249 244/281/248 347/283/250 242/284/251
f 244/281/248 55/280/247 245/285/252 347/283/250
f 347/283/250 245/285/252 56/286/253 207/287/254
f 242/284/251 347/283/250 207/287/254 52/288/255
f 52/288/255 207/287/254 348/289/256 204/290/257
f 207/287/254 56/286/253 208/291/258 348/289/256
f 348/289/256 208/291/258 57/292/259 246/293/260
f 204/290/257 348/289/256 246/293/260 53/294/261
f 53/294/261 246/293/260 349/295/262 255/296/263
f 246/293/260 57/292/259 256/297/264 349/295/262
f 349/295/262 256/297/264 69/298/265 218/299/266
f 255/296/263 349/295/262 218/299/266 66/300/267
f 54/259/216 209/258/227 350/301/268 206/302/246
f 209/258/227 58/257/226 210/303/269 350/301/268
f 350/301/268 210/303/269 59/304/270 248/305/271
f 206/302/246 350/301/268 248/305/271 55/306/247
f 55/306/247 248/305/271 351/307/272 245/308/252
f 248/305/271 59/304/270 249/309/273 351/307/272
f 351/307/272 249/309/273 60/310/274 211/311/275
f 245/308/252 351/307/272 211/311/275 56/312/253
f 56/313/253 211/314/275 352/315/276 208/316/258
f 211/314/275 60/317/274 212/318/277 352/315/276
f 352/315/276 212/318/277 61/319/278 250/320/279
f 208/316/258 352/315/276 250/320/279 57/321/259
f 57/321/259 250/320/279 353/322/280 256/323/264
f 250/320/279 61/319/278 258/324/281 353/322/280
f 353/322/280 258/324/281 72/325/282 220/326/283
f 256/323/264 353/322/280 220/326/283 69/327/265
f 58/257/226 213/268/235 354/328/284 210/303/269
f 213/268/235 62/267/234 214/329/285 354/328/284
f 354/328/284 214/329/285 63/330/286 252/331/287
f 210/303/269 354/328/284 252/331/287 59/304/270
f 59/304/270 252/331/287 355/332/288 249/309/273
f 252/331/287 63/330/286 253/333/289 355/332/288
f 355/332/288 253/333/289 64/334/290 215/335/291
f 249/309/273 355/332/288 215/335/291 60/310/274
f 60/317/274 215/336/291 356/337/292 212/318/277
f 215/336/291 64/338/290 216/339/293 356/337/292
f 356/337/292 216/339/293 65/340/294 254/341/295
f 212/318/277 356/337/292 254/341/295 61/319/278
f 61/319/278 254/341/295 357/342/296 258/324/281
f 254/341/295 65/340/294 260/343/297 357/342/296
f 357/342/296 260/343/297 75/344/298 222/345/299
f 258/324/281 357/342/296 222/345/299 72/325/282
f 62/267/234 226/276/243 358/346/300 214/329/285
f 226/276/243 86/275/242 261/347/301 358/346/300
f 358/346/300 261/347/301 89/348/302 264/349/303
f 214/329/285 358/346/300 264/349/303 63/330/286
f 63/330/286 264/349/303 359/350/304 253/333/289
f 264/349/303 89/348/302 225/351/305 359/350/304
f 359/350/304 225/351/305 92/352/306 228/353/307
f 253/333/289 359/350/304 228/353/307 64/334/290
f 64/338/290 228/354/307 360/355/308 216/339/293
f 228/354/307 92/356/306 268/357/309 360/355/308
f 360/355/308 268/357/309 95/358/310 266/359/311
f 216/339/293 360/355/308 266/359/311 65/340/294
f 65/340/294 266/359/311 361/360/312 260/343/297
f 266/359/311 95/358/310 234/361/313 361/360/312
f 361/360/312 234/361/313 98/362/314 230/363/315
f 260/343/297 361/360/312 230/363/315 75/344/298
f 66/300/267 218/299/266 362/364/316 217/365/317
f 218/299/266 69/298/265 219/366/318 362/364/316
f 362/364/316 219/366/318 70/367/319 257/368/320
f 217/365/317 362/364/316 257/368/320 67/369/321
f 48/40/35 130/141/121 363/370/322 278/270/237
f 130/141/121 84/143/123 283/371/323 363/370/322
f 363/370/322 283/371/323 85/273/240 263/271/238
f 278/270/237 363/370/322 263/271/238 49/265/232
f 69/327/265 220/326/283 364/372/324 219/373/318
f 220/326/283 72/325/282 221/374/325 364/372/324
f 364/372/324 221/374/325 73/375/326 259/376/327
f 219/373/318 364/372/324 259/376/327 70/377/319
f 67/369/321 257/368/320 365/378/328 284/379/329
f 257/368/320 70/367/319 285/380/330 365/378/328
f 365/378/328 285/380/330 71/154/132 119/153/131
f 284/379/329 365/378/328 119/153/131 68/152/130
f 72/325/282 222/345/299 366/381/331 221/374/325
f 222/345/299 75/344/298 223/382/332 366/381/331
f 366/381/331 223/382/332 76/383/333 272/384/334
f 221/374/325 366/381/331 272/384/334 73/375/326
f 70/377/319 259/376/327 367/385/335 285/386/330
f 259/376/327 73/375/326 286/387/336 367/385/335
f 367/385/335 286/387/336 74/164/140 122/163/139
f 285/386/330 367/385/335 122/163/139 71/162/132
f 75/344/298 230/363/315 368/388/337 223/382/332
f 230/363/315 98/362/314 236/389/338 368/388/337
f 368/388/337 236/389/338 97/390/339 267/391/340
f 223/382/332 368/388/337 267/391/340 76/383/333
f 73/375/326 272/384/334 369/392/341 286/387/336
f 272/384/334 76/383/333 287/393/342 369/392/341
f 369/392/341 287/393/342 77/172/148 125/171/147
f 286/387/336 369/392/341 125/171/147 74/164/140
f 76/383/333 267/391/340 370/394/343 287/393/342
f 267/391/340 97/390/339 290/395/344 370/394/343
f 370/394/343 290/395/344 96/176/152 135/175/151
f 287/393/342 370/394/343 135/175/151 77/172/148
f 67/369/321 262/396/345 371/397/346 217/365/317
f 262/396/345 79/398/347 235/399/348 371/397/346
f 371/397/346 235/399/348 53/294/261 255/296/263
f 217/365/317 371/397/346 255/296/263 66/300/267
f 68/152/130 126/183/159 372/400/349 284/379/329
f 126/183/159 78/185/161 279/401/350 372/400/349
f 372/400/349 279/401/350 79/398/347 262/396/345
f 284/379/329 372/400/349 262/396/345 67/369/321
f 79/398/347 224/402/351 373/403/352 235/399/348
f 224/402/351 81/404/353 274/405/354 373/403/352
f 373/403/352 274/405/354 52/288/255 204/290/257
f 235/399/348 373/403/352 204/290/257 53/294/261
f 78/185/161 171/191/167 374/406/355 279/401/350
f 171/191/167 80/193/169 289/407/356 374/406/355
f 374/406/355 289/407/356 81/404/353 224/402/351
f 279/401/350 374/406/355 224/402/351 79/398/347
f 81/404/353 233/408/357 375/409/358 274/405/354
f 233/408/357 83/410/359 237/411/360 375/409/358
f 375/409/358 237/411/360 51/282/249 242/284/251
f 274/405/354 375/409/358 242/284/251 52/288/255
f 80/193/169 129/199/175 376/412/361 289/407/356
f 129/199/175 82/201/177 282/413/362 376/412/361
f 376/412/361 282/413/362 83/410/359 233/408/357
f 289/407/356 376/412/361 233/408/357 81/404/353
f 83/410/359 232/414/363 377/415/364 237/411/360
f 232/414/363 43/239/210 241/242/213 377/415/364
f 377/415/364 241/242/213 50/247/218 203/278/245
f 237/411/360 377/415/364 203/278/245 51/282/249
f 82/201/177 179/205/181 378/416/365 282/413/362
f 179/205/181 42/10/10 275/249/220 378/416/365
f 378/416/365 275/249/220 43/239/210 232/414/363
f 282/413/362 378/416/365 232/414/363 83/410/359
f 85/273/240 227/417/366 379/418/367 273/274/241
f 227/417/366 88/419/368 271/420/369 379/418/367
f 379/418/367 271/420/369 89/348/302 261/347/301
f 273/274/241 379/418/367 261/347/301 86/275/242
f 84/143/123 173/211/187 380/421/370 283/371/323
f 173/211/187 87/213/189 280/422/371 380/421/370
f 380/421/370 280/422/371 88/419/368 227/417/366
f 283/371/323 380/421/370 227/417/366 85/273/240
f 88/419/368 265/423/372 381/424/373 271/420/369
f 265/423/372 91/425/374 231/426/375 381/424/373
f 381/424/373 231/426/375 92/352/306 225/351/305
f 271/420/369 381/424/373 225/351/305 89/348/302
f 87/213/189 144/220/195 382/427/376 280/422/371
f 144/220/195 90/222/197 288/428/377 382/427/376
f 382/427/376 288/428/377 91/425/374 265/423/372
f 280/422/371 382/427/376 265/423/372 88/419/368
f 91/429/374 229/430/378 383/431/379 231/432/375
f 229/430/378 94/433/380 269/434/381 383/431/379
f 383/431/379 269/434/381 95/358/310 268/357/309
f 231/432/375 383/431/379 268/357/309 92/356/306
f 90/229/197 176/232/203 384/435/382 288/436/377
f 176/232/203 93/234/205 281/437/383 384/435/382
f 384/435/382 281/437/383 94/433/380 229/430/378
f 288/436/377 384/435/382 229/430/378 91/429/374
f 94/433/380 270/438/384 385/439/385 269/434/381
f 270/438/384 97/390/339 236/389/338 385/439/385
f 385/439/385 236/389/338 98/362/314 234/361/313
f 269/434/381 385/439/385 234/361/313 95/358/310
f 93/234/205 140/238/209 386/440/386 281/437/383
f 140/238/209 96/176/152 290/395/344 386/440/386
f 386/440/386 290/395/344 97/390/339 270/438/384
f 281/437/383 386/440/386 270/438/384 94/433/380
f 403/441/387 572/442/388 714/443/389 554/444/390
f 572/442/388 424/445/391 573/446/392 714/443/389
f 714/443/389 573/446/392 420/447/393 568/448/394
f 554/444/390 714/443/389 568/448/394 402/449/395
f 493/450/396 611/451/397 715/452/398 502/453/399
f 611/451/397 435/454/400 525/455/401 715/452/398
f 715/452/398 525/455/401 388/456/402 549/457/403
f 502/453/399 715/452/398 549/457/403 442/458/404
f 435/454/400 610/459/405 716/460/406 525/455/401
f 610/459/405 432/461/407 506/462/408 716/460/406
f 716/460/406 506/462/408 394/463/409 560/464/410
f 525/455/401 716/460/406 560/464/410 388/456/402
f 442/458/404 549/457/403 717/465/411 503/466/412
f 549/457/403 388/456/402 526/467/413 717/465/411
f 717/465/411 526/467/413 389/468/414 550/469/415
f 503/466/412 717/465/411 550/469/415 444/470/416
f 388/456/402 560/464/410 718/471/417 526/467/413
f 560/464/410 394/463/409 510/472/418 718/471/417
f 718/471/417 510/472/418 398/473/419 561/474/420
f 526/467/413 718/471/417 561/474/420 389/468/414
f 432/461/407 609/475/421 719/476/422 506/462/408
f 609/475/421 436/477/423 528/478/424 719/476/422
f 719/476/422 528/478/424 395/479/425 507/480/426
f 506/462/408 719/476/422 507/480/426 394/463/409
f 436/477/423 608/481/427 720/482/428 528/478/424
f 608/481/427 433/483/429 508/484/430 720/482/428
f 720/482/428 508/484/430 396/485/431 529/486/432
f 528/478/424 720/482/428 529/486/432 395/479/425
f 433/483/429 607/487/433 721/488/434 508/484/430
f 607/487/433 437/489/435 530/490/436 721/488/434
f 721/488/434 530/490/436 397/491/437 509/492/438
f 508/484/430 721/488/434 509/492/438 396/485/431
f 437/489/435 606/493/439 722/494/440 530/490/436
f 606/493/439 434/495/441 514/496/442 722/494/440
f 722/494/440 514/496/442 404/497/443 535/498/444
f 530/490/436 722/494/440 535/498/444 397/491/437
f 394/463/409 507/480/426 723/499/445 510/472/418
f 507/480/426 395/479/425 531/500/446 723/499/445
f 723/499/445 531/500/446 399/501/447 511/502/448
f 510/472/418 723/499/445 511/502/448 398/473/419
f 395/479/425 529/486/432 724/503/449 531/500/446
f 529/486/432 396/485/431 512/504/450 724/503/449
f 724/503/449 512/504/450 400/505/451 532/506/452
f 531/500/446 724/503/449 532/506/452 399/501/447
f 396/485/431 509/492/438 725/507/453 512/504/450
f 509/492/438 397/491/437 533/508/454 725/507/453
f 725/507/453 533/508/454 401/509/455 513/510/456
f 512/504/450 725/507/453 513/510/456 400/505/451
f 397/491/437 535/498/444 726/511/457 533/508/454
f 535/498/444 404/497/443 515/512/458 726/511/457
f 726/511/457 515/512/458 406/513/459 537/514/460
f 533/508/454 726/511/457 537/514/460 401/509/455
f 398/473/419 511/502/448 727/515/461 518/516/462
f 511/502/448 399/501/447 541/517/463 727/515/461
f 727/515/461 541/517/463 411/518/464 538/519/465
f 518/516/462 727/515/461 538/519/465 409/520/466
f 399/501/447 532/506/452 728/521/467 541/517/463
f 532/506/452 400/505/451 520/522/468 728/521/467
f 728/521/467 520/522/468 413/523/469 516/524/470
f 541/517/463 728/521/467 516/524/470 411/518/464
f 400/505/451 513/510/456 729/525/471 520/522/468
f 513/510/456 401/509/455 543/526/472 729/525/471
f 729/525/471 543/526/472 415/527/473 545/528/474
f 520/522/468 729/525/471 545/528/474 413/523/469
f 401/509/455 537/514/460 730/529/475 543/526/472
f 537/514/460 406/513/459 522/530/476 730/529/475
f 730/529/475 522/530/476 417/531/477 523/532/478
f 543/526/472 730/529/475 523/532/478 415/527/473
f 444/470/416 550/469/415 731/533/479 517/534/480
f 550/469/415 389/468/414 539/535/481 731/533/479
f 731/533/479 539/535/481 408/536/482 552/537/483
f 517/534/480 731/533/479 552/537/483 464/538/484
f 389/468/414 561/474/420 732/539/485 539/535/481
f 561/474/420 398/473/419 518/516/462 732/539/485
f 732/539/485 518/516/462 409/520/466 564/540/486
f 539/535/481 732/539/485 564/540/486 408/536/482
f 434/495/441 605/541/487 733/542/488 514/496/442
f 605/541/487 438/543/489 536/544/490 733/542/488
f 733/542/488 536/544/490 405/545/491 555/546/492
f 514/496/442 733/542/488 555/546/492 404/497/443
f 404/497/443 555/546/492 734/547/493 515/512/458
f 555/546/492 405/545/491 547/548/494 734/547/493
f 734/547/493 547/548/494 407/549/495 556/550/496
f 515/512/458 734/547/493 556/550/496 406/513/459
f 406/513/459 556/550/496 735/551/497 522/530/476
f 556/550/496 407/549/495 544/552/498 735/551/497
f 735/551/497 544/552/498 416/553/499 558/554/500
f 522/530/476 735/551/497 558/554/500 417/531/477
f 464/538/484 552/537/483 736/555/501 540/556/502
f 552/537/483 408/536/482 519/557/503 736/555/501
f 736/555/501 519/557/503 410/558/504 551/559/505
f 540/556/502 736/555/501 551/559/505 467/560/506
f 408/536/482 564/540/486 737/561/507 519/557/503
f 564/540/486 409/520/466 538/519/465 737/561/507
f 737/561/507 538/519/465 411/518/464 563/562/508
f 519/557/503 737/561/507 563/562/508 410/558/504
f 467/560/506 551/559/505 738/563/509 524/564/510
f 551/559/505 410/558/504 542/565/511 738/563/509
f 738/563/509 542/565/511 412/566/512 553/567/513
f 524/564/510 738/563/509 553/567/513 470/568/514
f 410/558/504 563/562/508 739/569/515 542/565/511
f 563/562/508 411/518/464 516/524/470 739/569/515
f 739/569/515 516/524/470 413/523/469 557/570/516
f 542/565/511 739/569/515 557/570/516 412/566/512
f 412/566/512 557/570/516 740/571/517 521/572/518
f 557/570/516 413/523/469 545/528/474 740/571/517
f 740/571/517 545/528/474 415/527/473 562/573/519
f 521/572/518 740/571/517 562/573/519 414/574/520
f 390/575/521 566/576/522 741/577/523 559/578/524
f 566/576/522 418/579/525 579/580/526 741/577/523
f 741/577/523 579/580/526 421/581/527 569/582/528
f 559/578/524 741/577/523 569/582/528 387/583/529
f 393/584/530 534/585/531 742/586/532 571/587/533
f 534/585/531 402/449/395 568/448/394 742/586/532
f 742/586/532 568/448/394 420/447/393 574/588/534
f 571/587/533 742/586/532 574/588/534 423/589/535
f 392/590/536 505/591/537 743/592/538 567/593/539
f 505/591/537 393/584/530 571/587/533 743/592/538
f 743/592/538 571/587/533 423/589/535 575/594/540
f 567/593/539 743/592/538 575/594/540 419/595/541
f 391/596/542 527/597/543 744/598/544 570/599/545
f 527/597/543 392/590/536 567/593/539 744/598/544
f 744/598/544 567/593/539 419/595/541 576/600/546
f 570/599/545 744/598/544 576/600/546 422/601/547
f 390/575/521 504/602/548 745/603/549 566/576/522
f 504/602/548 391/596/542 570/599/545 745/603/549
f 745/603/549 570/599/545 422/601/547 577/604/550
f 566/576/522 745/603/549 577/604/550 418/579/525
f 440/605/551 548/606/552 746/607/553 565/608/554
f 548/606/552 387/583/529 569/582/528 746/607/553
f 746/607/553 569/582/528 421/581/527 578/609/555
f 565/608/554 746/607/553 578/609/555 477/610/556
f 414/574/520 562/573/519 747/611/557 546/612/558
f 562/573/519 415/527/473 523/532/478 747/611/557
f 747/611/557 523/532/478 417/531/477 558/554/500
f 546/612/558 747/611/557 558/554/500 416/553/499
f 424/445/391 572/442/388 748/613/559 587/614/560
f 572/442/388 403/441/387 588/615/561 748/613/559
f 748/613/559 588/615/561 425/616/562 586/617/563
f 587/614/560 748/613/559 586/617/563 431/618/564
f 414/574/520 546/612/558 749/619/565 589/620/566
f 546/612/558 416/553/499 590/621/567 749/619/565
f 749/619/565 590/621/567 430/622/568 583/623/569
f 589/620/566 749/619/565 583/623/569 429/624/570
f 416/553/499 544/552/498 750/625/571 590/621/567
f 544/552/498 407/549/495 591/626/572 750/625/571
f 750/625/571 591/626/572 427/627/573 582/628/574
f 590/621/567 750/625/571 582/628/574 430/622/568
f 470/568/514 553/567/513 751/629/575 592/630/576
f 553/567/513 412/566/512 593/631/577 751/629/575
f 751/629/575 593/631/577 428/632/578 585/633/579
f 592/630/576 751/629/575 585/633/579 488/634/580
f 407/549/495 547/548/494 752/635/581 591/626/572
f 547/548/494 405/545/491 594/636/582 752/635/581
f 752/635/581 594/636/582 426/637/583 584/638/584
f 591/626/572 752/635/581 584/638/584 427/627/573
f 438/543/489 602/639/585 753/640/586 604/641/587
f 602/639/585 424/445/391 587/614/560 753/640/586
f 753/640/586 587/614/560 431/618/564 603/642/588
f 604/641/587 753/640/586 603/642/588 439/643/589
f 412/566/512 521/572/518 754/644/590 593/631/577
f 521/572/518 414/574/520 589/620/566 754/644/590
f 754/644/590 589/620/566 429/624/570 580/645/591
f 593/631/577 754/644/590 580/645/591 428/632/578
f 405/545/491 536/544/490 755/646/592 594/636/582
f 536/544/490 438/543/489 604/641/587 755/646/592
f 755/646/592 604/641/587 439/643/589 581/647/593
f 594/636/582 755/646/592 581/647/593 426/637/583
f 420/447/393 573/446/392 756/648/594 598/649/595
f 573/446/392 424/445/391 602/639/585 756/648/594
f 756/648/594 602/639/585 438/543/489 605/541/487
f 598/649/595 756/648/594 605/541/487 434/495/441
f 423/589/535 574/588/534 757/650/596 601/651/597
f 574/588/534 420/447/393 598/649/595 757/650/596
f 757/650/596 598/649/595 434/495/441 606/493/439
f 601/651/597 757/650/596 606/493/439 437/489/435
f 419/595/541 575/652/540 758/653/598 597/654/541
f 575/652/540 423/589/535 601/651/597 758/653/598
f 758/653/598 601/651/597 437/489/435 607/487/433
f 597/654/541 758/653/598 607/487/433 433/483/429
f 422/601/547 576/600/546 759/655/599 600/656/600
f 576/600/546 419/595/541 597/654/541 759/655/599
f 759/655/599 597/654/541 433/483/429 608/481/427
f 600/656/600 759/655/599 608/481/427 436/477/423
f 418/579/525 577/604/550 760/657/601 596/658/602
f 577/604/550 422/601/547 600/656/600 760/657/601
f 760/657/601 600/656/600 436/477/423 609/475/421
f 596/658/602 760/657/601 609/475/421 432/461/407
f 421/581/527 579/580/526 761/659/603 599/660/604
f 579/580/526 418/579/525 596/658/602 761/659/603
f 761/659/603 596/658/602 432/461/407 610/459/405
f 599/660/604 761/659/603 610/459/405 435/454/400
f 477/610/556 578/609/555 762/661/605 595/662/606
f 578/609/555 421/581/527 599/660/604 762/661/605
f 762/661/605 599/660/604 435/454/400 611/451/397
f 595/662/606 762/661/605 611/451/397 493/450/396
f 459/663/607 659/664/608 763/665/609 676/666/610
f 659/664/608 458/667/611 672/668/612 763/665/609
f 763/665/609 672/668/612 480/669/613 677/670/614
f 676/666/610 763/665/609 677/670/614 484/671/615
f 493/672/396 502/673/399 764/674/616 713/675/617
f 502/673/399 442/676/404 654/677/618 764/674/616
f 764/674/616 654/677/618 443/678/619 631/679/620
f 713/675/617 764/674/616 631/679/620 497/680/621
f 497/680/621 631/679/620 765/681/622 712/682/623
f 631/679/620 443/678/619 665/683/624 765/681/622
f 765/681/622 665/683/624 450/684/625 614/685/626
f 712/682/623 765/681/622 614/685/626 494/686/627
f 442/676/404 503/687/412 766/688/628 654/677/618
f 503/687/412 444/689/416 655/690/629 766/688/628
f 766/688/628 655/690/629 445/691/630 632/692/631
f 654/677/618 766/688/628 632/692/631 443/678/619
f 443/678/619 632/692/631 767/693/632 665/683/624
f 632/692/631 445/691/630 666/694/633 767/693/632
f 767/693/632 666/694/633 454/695/634 618/696/635
f 665/683/624 767/693/632 618/696/635 450/684/625
f 494/686/627 614/685/626 768/697/636 711/698/637
f 614/685/626 450/684/625 615/699/638 768/697/636
f 768/697/636 615/699/638 451/700/639 634/701/640
f 711/698/637 768/697/636 634/701/640 498/702/641
f 498/702/641 634/701/640 769/703/642 710/704/643
f 634/701/640 451/700/639 635/705/644 769/703/642
f 769/703/642 635/705/644 452/706/645 616/707/646
f 710/704/643 769/703/642 616/707/646 495/708/647
f 495/708/647 616/707/646 770/709/648 709/710/649
f 616/707/646 452/706/645 617/711/650 770/709/648
f 770/709/648 617/711/650 453/712/651 636/713/652
f 709/710/649 770/709/648 636/713/652 499/714/653
f 499/714/653 636/713/652 771/715/654 708/716/655
f 636/713/652 453/712/651 641/717/656 771/715/654
f 771/715/654 641/717/656 460/718/657 622/719/658
f 708/716/655 771/715/654 622/719/658 496/720/659
f 450/684/625 618/696/635 772/721/660 615/699/638
f 618/696/635 454/695/634 619/722/661 772/721/660
f 772/721/660 619/722/661 455/723/662 637/724/663
f 615/699/638 772/721/660 637/724/663 451/700/639
f 451/700/639 637/724/663 773/725/664 635/705/644
f 637/724/663 455/723/662 638/726/665 773/725/664
f 773/725/664 638/726/665 456/727/666 620/728/667
f 635/705/644 773/725/664 620/728/667 452/706/645
f 452/706/645 620/728/667 774/729/668 617/711/650
f 620/728/667 456/727/666 621/730/669 774/729/668
f 774/729/668 621/730/669 457/731/670 639/732/671
f 617/711/650 774/729/668 639/732/671 453/712/651
f 453/712/651 639/732/671 775/733/672 641/717/656
f 639/732/671 457/731/670 643/734/673 775/733/672
f 775/733/672 643/734/673 462/735/674 623/736/675
f 641/717/656 775/733/672 623/736/675 460/718/657
f 454/695/634 625/737/676 776/738/677 619/722/661
f 625/737/676 466/739/678 644/740/679 776/738/677
f 776/738/677 644/740/679 469/741/680 646/742/681
f 619/722/661 776/738/677 646/742/681 455/723/662
f 455/723/662 646/742/681 777/743/682 638/726/665
f 646/742/681 469/741/680 624/744/683 777/743/682
f 777/743/682 624/744/683 472/745/684 627/746/685
f 638/726/665 777/743/682 627/746/685 456/727/666
f 456/727/666 627/746/685 778/747/686 621/730/669
f 627/746/685 472/745/684 650/748/687 778/747/686
f 778/747/686 650/748/687 474/749/688 648/750/689
f 621/730/669 778/747/686 648/750/689 457/731/670
f 457/731/670 648/750/689 779/751/690 643/734/673
f 648/750/689 474/749/688 630/752/691 779/751/690
f 779/751/690 630/752/691 476/753/692 629/754/693
f 643/734/673 779/751/690 629/754/693 462/735/674
f 444/689/416 517/755/480 780/756/694 655/690/629
f 517/755/480 464/757/484 657/758/695 780/756/694
f 780/756/694 657/758/695 465/759/696 645/760/697
f 655/690/629 780/756/694 645/760/697 445/691/630
f 445/691/630 645/760/697 781/761/698 666/694/633
f 645/760/697 465/759/696 669/762/699 781/761/698
f 781/761/698 669/762/699 466/739/678 625/737/676
f 666/694/633 781/761/698 625/737/676 454/695/634
f 496/720/659 622/719/658 782/763/700 707/764/701
f 622/719/658 460/718/657 660/765/702 782/763/700
f 782/763/700 660/765/702 461/766/703 642/767/704
f 707/764/701 782/763/700 642/767/704 500/768/705
f 460/718/657 623/736/675 783/769/706 660/765/702
f 623/736/675 462/735/674 661/770/707 783/769/706
f 783/769/706 661/770/707 463/771/708 652/772/709
f 660/765/702 783/769/706 652/772/709 461/766/703
f 462/735/674 629/754/693 784/773/710 661/770/707
f 629/754/693 476/753/692 663/774/711 784/773/710
f 784/773/710 663/774/711 475/775/712 649/776/713
f 661/770/707 784/773/710 649/776/713 463/771/708
f 464/757/484 540/777/502 785/778/714 657/758/695
f 540/777/502 467/779/506 656/780/715 785/778/714
f 785/778/714 656/780/715 468/781/716 626/782/717
f 657/758/695 785/778/714 626/782/717 465/759/696
f 465/759/696 626/782/717 786/783/718 669/762/699
f 626/782/717 468/781/716 668/784/719 786/783/718
f 786/783/718 668/784/719 469/741/680 644/740/679
f 669/762/699 786/783/718 644/740/679 466/739/678
f 467/779/506 524/785/510 787/786/720 656/780/715
f 524/785/510 470/787/514 658/788/721 787/786/720
f 787/786/720 658/788/721 471/789/722 647/790/723
f 656/780/715 787/786/720 647/790/723 468/781/716
f 468/781/716 647/790/723 788/791/724 668/784/719
f 647/790/723 471/789/722 662/792/725 788/791/724
f 788/791/724 662/792/725 472/745/684 624/744/683
f 668/784/719 788/791/724 624/744/683 469/741/680
f 471/789/722 628/793/726 789/794/727 662/792/725
f 628/793/726 473/795/728 667/796/729 789/794/727
f 789/794/727 667/796/729 474/749/688 650/748/687
f 662/792/725 789/794/727 650/748/687 472/745/684
f 446/797/730 664/798/731 790/799/732 670/800/733
f 664/798/731 441/801/734 673/802/735 790/799/732
f 790/799/732 673/802/735 481/803/736 683/804/737
f 670/800/733 790/799/732 683/804/737 478/805/738
f 449/806/739 675/807/740 791/808/741 640/809/742
f 675/807/740 483/810/743 678/811/744 791/808/741
f 791/808/741 678/811/744 480/669/613 672/668/612
f 640/809/742 791/808/741 672/668/612 458/667/611
f 448/812/745 671/813/746 792/814/747 613/815/748
f 671/813/746 479/816/749 679/817/750 792/814/747
f 792/814/747 679/817/750 483/810/743 675/807/740
f 613/815/748 792/814/747 675/807/740 449/806/739
f 447/818/751 674/819/752 793/820/753 633/821/754
f 674/819/752 482/822/755 680/823/756 793/820/753
f 793/820/753 680/823/756 479/816/749 671/813/746
f 633/821/754 793/820/753 671/813/746 448/812/745
f 446/797/730 670/800/733 794/824/757 612/825/758
f 670/800/733 478/805/738 681/826/759 794/824/757
f 794/824/757 681/826/759 482/822/755 674/819/752
f 612/825/758 794/824/757 674/819/752 447/818/751
f 440/827/551 565/828/554 795/829/760 653/830/761
f 565/828/554 477/831/556 682/832/762 795/829/760
f 795/829/760 682/832/762 481/803/736 673/802/735
f 653/830/761 795/829/760 673/802/735 441/801/734
f 473/795/728 651/833/763 796/834/764 667/796/729
f 651/833/763 475/775/712 663/774/711 796/834/764
f 796/834/764 663/774/711 476/753/692 630/752/691
f 667/796/729 796/834/764 630/752/691 474/749/688
f 484/671/615 691/835/765 797/836/766 676/666/610
f 691/835/765 492/837/767 690/838/768 797/836/766
f 797/836/766 690/838/768 485/839/769 692/840/770
f 676/666/610 797/836/766 692/840/770 459/663/607
f 473/795/728 693/841/771 798/842/772 651/833/763
f 693/841/771 490/843/773 687/844/774 798/842/772
f 798/842/772 687/844/774 491/845/775 694/846/776
f 651/833/763 798/842/772 694/846/776 475/775/712
f 475/775/712 694/846/776 799/847/777 649/776/713
f 694/846/776 491/845/775 686/848/778 799/847/777
f 799/847/777 686/848/778 487/849/779 695/850/780
f 649/776/713 799/847/777 695/850/780 463/771/708
f 470/787/514 592/851/576 800/852/781 658/788/721
f 592/851/576 488/853/580 689/854/782 800/852/781
f 800/852/781 689/854/782 489/855/783 696/856/784
f 658/788/721 800/852/781 696/856/784 471/789/722
f 463/771/708 695/850/780 801/857/785 652/772/709
f 695/850/780 487/849/779 688/858/786 801/857/785
f 801/857/785 688/858/786 486/859/787 697/860/788
f 652/772/709 801/857/785 697/860/788 461/766/703
f 500/768/705 706/861/789 802/862/790 704/863/791
f 706/861/789 501/864/792 705/865/793 802/862/790
f 802/862/790 705/865/793 492/837/767 691/835/765
f 704/863/791 802/862/790 691/835/765 484/671/615
f 471/789/722 696/856/784 803/866/794 628/793/726
f 696/856/784 489/855/783 684/867/795 803/866/794
f 803/866/794 684/867/795 490/843/773 693/841/771
f 628/793/726 803/866/794 693/841/771 473/795/728
f 461/766/703 697/860/788 804/868/796 642/767/704
f 697/860/788 486/859/787 685/869/797 804/868/796
f 804/868/796 685/869/797 501/864/792 706/861/789
f 642/767/704 804/868/796 706/861/789 500/768/705
f 480/669/613 700/870/798 805/871/799 677/670/614
f 700/870/798 496/720/659 707/764/701 805/871/799
f 805/871/799 707/764/701 500/768/705 704/863/791
f 677/670/614 805/871/799 704/863/791 484/671/615
f 483/810/743 703/872/800 806/873/801 678/811/744
f 703/872/800 499/714/653 708/716/655 806/873/801
f 806/873/801 708/716/655 496/720/659 700/870/798
f 678/811/744 806/873/801 700/870/798 480/669/613
f 479/816/749 699/874/749 807/875/802 679/817/750
f 699/874/749 495/708/647 709/710/649 807/875/802
f 807/875/802 709/710/649 499/714/653 703/872/800
f 679/817/750 807/875/802 703/872/800 483/810/743
f 482/822/755 702/876/803 808/877/804 680/823/756
f 702/876/803 498/702/641 710/704/643 808/877/804
f 808/877/804 710/704/643 495/708/647 699/874/749
f 680/823/756 808/877/804 699/874/749 479/816/749
f 478/805/738 698/878/805 809/879/806 681/826/759
f 698/878/805 494/686/627 711/698/637 809/879/806
f 809/879/806 711/698/637 498/702/641 702/876/803
f 681/826/759 809/879/806 702/876/803 482/822/755
f 481/803/736 701/880/807 810/881/808 683/804/737
f 701/880/807 497/680/621 712/682/623 810/881/808
f 810/881/808 712/682/623 494/686/627 698/878/805
f 683/804/737 810/881/808 698/878/805 478/805/738
f 477/831/556 595/882/606 811/883/809 682/832/762
f 595/882/606 493/672/396 713/675/617 811/883/809
f 811/883/809 713/675/617 497/680/621 701/880/807
f 682/832/762 811/883/809 701/880/807 481/803/736
f 812/884/810 838/885/811 886/886/812 839/887/813
f 838/885/811 813/888/814 840/889/815 886/886/812
f 886/886/812 840/889/815 815/890/816 864/891/817
f 839/887/813 886/886/812 864/891/817 814/892/818
f 813/888/814 841/893/819 887/894/820 840/889/815
f 841/893/819 816/895/821 843/896/822 887/894/820
f 887/894/820 843/896/822 818/897/823 870/898/824
f 840/889/815 887/894/820 870/898/824 815/890/816
f 814/892/818 864/891/817 888/899/825 854/900/826
f 864/891/817 815/890/816 855/901/827 888/899/825
f 888/899/825 855/901/827 830/902/828 880/903/829
f 854/900/826 888/899/825 880/903/829 829/904/830
f 815/890/816 870/898/824 889/905/831 855/901/827
f 870/898/824 818/897/823 856/906/832 889/905/831
f 889/905/831 856/906/832 831/907/833 884/908/834
f 855/901/827 889/905/831 884/908/834 830/902/828
f 816/895/821 842/909/835 890/910/836 843/896/822
f 842/909/835 817/911/837 844/912/838 890/910/836
f 890/910/836 844/912/838 819/913/839 876/914/840
f 843/896/822 890/910/836 876/914/840 818/897/823
f 817/915/837 845/916/841 891/917/842 844/918/838
f 845/916/841 820/919/843 847/920/844 891/917/842
f 891/917/842 847/920/844 822/921/845 882/922/846
f 844/918/838 891/917/842 882/922/846 819/923/839
f 818/897/823 876/914/840 892/924/847 856/906/832
f 876/914/840 819/913/839 859/925/848 892/924/847
f 892/924/847 859/925/848 834/926/849 866/927/850
f 856/906/832 892/924/847 866/927/850 831/907/833
f 819/923/839 882/922/846 893/928/851 859/929/848
f 882/922/846 822/921/845 862/930/852 893/928/851
f 893/928/851 862/930/852 837/931/853 868/932/854
f 859/929/848 893/928/851 868/932/854 834/933/849
f 820/919/843 846/934/855 894/935/856 847/920/844
f 846/934/855 821/936/857 848/937/858 894/935/856
f 894/935/856 848/937/858 823/938/859 867/939/860
f 847/920/844 894/935/856 867/939/860 822/921/845
f 821/936/857 849/940/861 895/941/862 848/937/858
f 849/940/861 824/942/863 851/943/864 895/941/862
f 895/941/862 851/943/864 826/944/865 863/945/866
f 848/937/858 895/941/862 863/945/866 823/938/859
f 822/921/845 867/939/860 896/946/867 862/930/852
f 867/939/860 823/938/859 861/947/868 896/946/867
f 896/946/867 861/947/868 836/948/869 874/949/870
f 862/930/852 896/946/867 874/949/870 837/931/853
f 823/938/859 863/945/866 897/950/871 861/947/868
f 863/945/866 826/944/865 860/951/872 897/950/871
f 897/950/871 860/951/872 835/952/873 869/953/874
f 861/947/868 897/950/871 869/953/874 836/948/869
f 824/942/863 850/954/875 898/955/876 851/943/864
f 850/954/875 825/956/877 852/957/878 898/955/876
f 898/955/876 852/957/878 827/958/879 873/959/880
f 851/943/864 898/955/876 873/959/880 826/944/865
f 825/960/877 875/961/881 899/962/882 852/963/878
f 875/961/881 812/884/810 839/887/813 899/962/882
f 899/962/882 839/887/813 814/892/818 878/964/883
f 852/963/878 899/962/882 878/964/883 827/965/879
f 826/944/865 873/959/880 900/966/884 860/951/872
f 873/959/880 827/958/879 857/967/885 900/966/884
f 900/966/884 857/967/885 832/968/886 881/969/887
f 860/951/872 900/966/884 881/969/887 835/952/873
f 827/965/879 878/964/883 901/970/888 857/971/885
f 878/964/883 814/892/818 854/900/826 901/970/888
f 901/970/888 854/900/826 829/904/830 883/972/889
f 857/971/885 901/970/888 883/972/889 832/973/886
f 824/942/863 849/940/861 902/974/890 850/954/875
f 849/940/861 821/936/857 853/975/891 902/974/890
f 902/974/890 853/975/891 828/976/892 872/977/893
f 850/954/875 902/974/890 872/977/893 825/956/877
f 821/936/857 846/934/855 903/978/894 853/975/891
f 846/934/855 820/919/843 845/916/841 903/978/894
f 903/978/894 845/916/841 817/915/837 885/979/895
f 853/975/891 903/978/894 885/979/895 828/976/892
f 825/960/877 872/980/893 904/981/896 875/961/881
f 872/980/893 828/982/892 877/983/897 904/981/896
f 904/981/896 877/983/897 813/888/814 838/885/811
f 875/961/881 904/981/896 838/885/811 812/884/810
f 828/982/892 885/984/895 905/985/898 877/983/897
f 885/984/895 817/911/837 842/909/835 905/985/898
f 905/985/898 842/909/835 816/895/821 841/893/819
f 877/983/897 905/985/898 841/893/819 813/888/814
f 829/904/830 880/903/829 906/986/899 883/972/889
f 880/903/829 830/902/828 858/987/900 906/986/899
f 906/986/899 858/987/900 833/988/901 871/989/902
f 883/972/889 906/986/899 871/989/902 832/973/886
f 830/902/828 884/908/834 907/990/903 858/987/900
f 884/908/834 831/907/833 866/927/850 907/990/903
f 907/990/903 866/927/850 834/926/849 879/991/904
f 858/987/900 907/990/903 879/991/904 833/988/901
f 832/968/886 871/992/902 908/993/905 881/969/887
f 871/992/902 833/994/901 865/995/906 908/993/905
f 908/993/905 865/995/906 836/948/869 869/953/874
f 881/969/887 908/993/905 869/953/874 835/952/873
f 833/994/901 879/996/904 909/997/907 865/995/906
f 879/996/904 834/933/849 868/932/854 909/997/907
f 909/997/907 868/932/854 837/931/853 874/949/870
f 865/995/906 909/997/907 874/949/870 836/948/869
o Right_Leg.001_Roundcube.043
v -0.075762 0.008310 0.000174
v -0.173884 0.008310 0.000174
v -0.173884 0.008310 0.098296
v -0.075762 0.008310 0.098296
v -0.075762 0.098958 0.000174
v -0.173884 0.098958 0.000174
v -0.075762 0.098958 0.098296
v -0.173884 0.098958 0.098296
v -0.124823 0.005566 -0.010401
v -0.124823 0.005566 0.108871
v -0.124823 0.101892 0.108871
v -0.124823 0.101892 -0.010401
v -0.184459 0.005566 0.049235
v -0.184459 0.101892 0.049235
v -0.065187 0.005566 0.049235
v -0.065187 0.101892 0.049235
v -0.124823 0.107760 0.049235
v -0.124823 0.000079 0.049235
v -0.061773 0.034107 -0.013815
v -0.061773 0.071828 -0.013815
v -0.187872 0.034107 -0.013815
v -0.187872 0.071828 -0.013815
v -0.061773 0.034107 0.112284
v -0.061773 0.071828 0.112284
v -0.187872 0.034107 0.112284
v -0.187872 0.071828 0.112284
v -0.124823 0.034107 0.136077
v -0.124823 0.071828 0.136077
v -0.124823 0.034107 -0.037608
v -0.124823 0.071828 -0.037608
v -0.037980 0.034107 0.049235
v -0.037980 0.071828 0.049235
v -0.211665 0.034107 0.049235
v -0.211665 0.071828 0.049235
v -0.153909 0.006036 -0.006873
v -0.180931 0.006036 0.078321
v -0.095736 0.006036 0.105343
v -0.180931 0.101389 0.078321
v -0.068715 0.006036 0.078321
v -0.153909 0.101389 0.105343
v -0.153909 0.101389 -0.006873
v -0.068715 0.101389 0.078321
v -0.095736 0.006036 -0.006873
v -0.153909 0.006036 0.105343
v -0.095736 0.101389 0.105343
v -0.095736 0.101389 -0.006873
v -0.124823 0.107026 0.081716
v -0.124823 0.000765 0.016753
v -0.068052 0.088951 -0.007536
v -0.181593 0.088951 -0.007536
v -0.068052 0.088951 0.106005
v -0.181593 0.088951 0.106005
v -0.124823 0.089332 0.126645
v -0.124823 0.089332 -0.028176
v -0.180931 0.006036 0.020148
v -0.180931 0.101389 0.020148
v -0.068715 0.006036 0.020148
v -0.068715 0.101389 0.020148
v -0.124823 0.107026 0.016753
v -0.124823 0.000765 0.081716
v -0.092341 0.000765 0.049235
v -0.092341 0.107026 0.049235
v -0.157304 0.107026 0.049235
v -0.157304 0.000765 0.049235
v -0.047413 0.089332 0.049235
v -0.202233 0.089332 0.049235
v -0.068052 0.017720 -0.007536
v -0.059584 0.052825 -0.016004
v -0.181593 0.017720 -0.007536
v -0.190061 0.052825 -0.016004
v -0.068052 0.017720 0.106005
v -0.059584 0.052825 0.114473
v -0.181593 0.017720 0.106005
v -0.190061 0.052825 0.114473
v -0.124823 0.017365 0.126645
v -0.124823 0.052825 0.139092
v -0.124823 0.017365 -0.028176
v -0.124823 0.052825 -0.040623
v -0.047413 0.017365 0.049235
v -0.034965 0.052825 0.049235
v -0.202233 0.017365 0.049235
v -0.214681 0.052825 0.049235
v -0.090367 0.034107 -0.031638
v -0.090367 0.071828 -0.031638
v -0.090367 0.034107 0.130107
v -0.090367 0.071828 0.130107
v -0.159279 0.034107 -0.031638
v -0.159279 0.071828 -0.031638
v -0.159279 0.034107 0.130107
v -0.159279 0.071828 0.130107
v -0.043950 0.034107 0.083691
v -0.043950 0.071828 0.083691
v -0.205695 0.034107 0.083691
v -0.205695 0.071828 0.083691
v -0.205695 0.034107 0.014779
v -0.205695 0.071828 0.014779
v -0.043950 0.034107 0.014779
v -0.043950 0.071828 0.014779
v -0.052623 0.089237 0.017904
v -0.197022 0.089237 0.017904
v -0.197022 0.089237 0.080565
v -0.155697 0.001425 0.018361
v -0.155697 0.106320 0.080109
v -0.093949 0.106320 0.080109
v -0.093949 0.001425 0.018361
v -0.052623 0.089237 0.080565
v -0.156153 0.089237 0.121434
v -0.156153 0.089237 -0.022965
v -0.093492 0.089237 0.121434
v -0.093949 0.001425 0.080109
v -0.093949 0.106320 0.018361
v -0.155697 0.106320 0.018361
v -0.155697 0.001425 0.080109
v -0.093492 0.089237 -0.022965
v -0.093492 0.017454 -0.022965
v -0.089170 0.052825 -0.034446
v -0.093492 0.017454 0.121434
v -0.089170 0.052825 0.132916
v -0.156153 0.017454 -0.022965
v -0.160475 0.052825 -0.034446
v -0.156153 0.017454 0.121434
v -0.160475 0.052825 0.132916
v -0.052623 0.017454 0.080565
v -0.041142 0.052825 0.084887
v -0.197022 0.017454 0.080565
v -0.208504 0.052825 0.084887
v -0.197022 0.017454 0.017904
v -0.208504 0.052825 0.013582
v -0.052623 0.017454 0.017904
v -0.041142 0.052825 0.013582
v -0.084432 0.071510 -0.002953
v -0.120695 0.070275 -0.010858
v -0.047034 0.156382 -0.038553
v -0.117445 0.159918 -0.065212
v -0.158367 0.072997 -0.002953
v -0.168360 0.071189 0.036547
v -0.188479 0.163563 -0.038553
v -0.218413 0.165186 0.037976
v -0.157054 0.072997 0.079847
v -0.120635 0.070275 0.088511
v -0.187603 0.163563 0.123354
v -0.117384 0.159918 0.152963
v -0.085382 0.071510 0.079847
v -0.073499 0.069371 0.036547
v -0.047667 0.156382 0.123354
v -0.016661 0.154714 0.037976
v -0.120516 0.064696 0.036547
v -0.038680 0.358212 -0.048247
v -0.110165 0.382341 -0.065028
v -0.186612 0.379947 -0.048247
v -0.020931 0.367866 0.039602
v -0.108386 0.417739 0.039602
v -0.205600 0.396976 0.039181
v -0.038521 0.358212 0.138890
v -0.109729 0.382341 0.157537
v -0.186387 0.379947 0.136363
v -0.031144 0.226232 -0.053295
v -0.115159 0.232983 -0.084278
v -0.201051 0.239930 -0.053295
v -0.001333 0.223118 0.039182
v -0.235744 0.242967 0.038761
v -0.031038 0.226232 0.144123
v -0.114723 0.232983 0.178840
v -0.200901 0.239930 0.142438
v -0.028481 0.296425 -0.061578
v -0.114344 0.307909 -0.094485
v -0.205502 0.318167 -0.061578
v 0.001872 0.292133 0.039565
v -0.241926 0.323877 0.037880
v -0.028056 0.296425 0.154320
v -0.112601 0.307909 0.190080
v -0.204903 0.318167 0.147581
v -0.067433 0.093231 -0.019872
v -0.119764 0.094835 -0.040364
v -0.174183 0.096484 -0.019872
v -0.196273 0.097202 0.036786
v -0.170681 0.096484 0.098723
v -0.119522 0.094835 0.120974
v -0.069967 0.093231 0.098723
v -0.043455 0.092497 0.036786
v -0.099780 0.070363 -0.008152
v -0.057108 0.121456 -0.029496
v -0.118738 0.123893 -0.053228
v -0.142299 0.071175 -0.008152
v -0.164813 0.071613 0.012940
v -0.181733 0.126403 -0.029496
v -0.207694 0.127512 0.037294
v -0.164133 0.071613 0.061766
v -0.141612 0.071175 0.085675
v -0.179216 0.126403 0.110887
v -0.118564 0.123893 0.136886
v -0.100264 0.070363 0.085675
v -0.078080 0.069931 0.061766
v -0.058929 0.121456 0.110887
v -0.029417 0.120317 0.037294
v -0.120615 0.066097 0.064085
v -0.031992 0.332423 -0.057646
v -0.112416 0.347024 -0.087994
v -0.197732 0.355254 -0.057646
v -0.003029 0.330332 0.039598
v -0.108796 0.407898 -0.020507
v -0.231621 0.363918 0.038387
v -0.031682 0.332423 0.150161
v -0.111164 0.347024 0.183688
v -0.197293 0.355254 0.145194
v -0.079955 0.158027 0.146062
v -0.079527 0.158027 -0.058681
v -0.108742 0.407898 0.104807
v -0.198992 0.391404 -0.014822
v -0.155042 0.161858 0.146062
v -0.198933 0.391404 0.097465
v -0.066535 0.371628 0.152340
v -0.155651 0.161858 -0.058681
v -0.058197 0.399522 0.039602
v -0.095219 0.065668 0.036547
v -0.025195 0.155182 0.084264
v -0.154696 0.384600 0.151032
v -0.077588 0.069931 0.012940
v -0.210579 0.164746 -0.004993
v -0.120623 0.066097 0.010718
v -0.024760 0.155182 -0.004993
v -0.161437 0.416334 0.039550
v -0.066846 0.371628 -0.059854
v -0.026772 0.364923 0.098825
v -0.209977 0.164746 0.084264
v -0.026797 0.364923 -0.014769
v -0.155042 0.384600 -0.059854
v -0.146206 0.066530 0.036547
v -0.037881 0.191624 -0.046389
v -0.116079 0.196556 -0.075428
v -0.194981 0.201637 -0.046389
v -0.007328 0.189318 0.038655
v -0.227763 0.203881 0.038602
v -0.037947 0.191624 0.134582
v -0.116017 0.196556 0.167196
v -0.194853 0.201637 0.134371
v -0.008549 0.223984 -0.013098
v -0.008535 0.223984 0.096136
v -0.068610 0.229363 0.171249
v -0.161369 0.236691 0.170090
v -0.226683 0.242150 0.094925
v -0.226726 0.242150 -0.013151
v -0.161705 0.236691 -0.076838
v -0.068916 0.229363 -0.076838
v -0.028120 0.260772 -0.059192
v -0.114944 0.269817 -0.091700
v -0.205701 0.278925 -0.059192
v 0.001802 0.256755 0.039460
v -0.241729 0.283037 0.038249
v -0.027814 0.260772 0.151412
v -0.113692 0.269817 0.187143
v -0.205270 0.278925 0.146568
v -0.005518 0.293170 -0.017770
v -0.005465 0.293170 0.102004
v -0.065537 0.301798 0.183234
v -0.162155 0.313390 0.178601
v -0.232413 0.322149 0.097161
v -0.232586 0.322149 -0.017981
v -0.163502 0.313390 -0.086732
v -0.066764 0.301798 -0.086732
v -0.077277 0.077404 -0.010524
v -0.120426 0.078194 -0.027084
v -0.165596 0.079497 -0.010524
v -0.184197 0.079704 0.036577
v -0.163015 0.079497 0.088197
v -0.120252 0.078194 0.106247
v -0.079145 0.077404 0.088197
v -0.057188 0.076702 0.036577
v -0.049819 0.092700 0.005209
v -0.051561 0.092700 0.070343
v -0.093394 0.093974 0.115645
v -0.146410 0.095716 0.115645
v -0.188578 0.097009 0.070343
v -0.190985 0.097009 0.005209
v -0.148848 0.095716 -0.035254
v -0.091682 0.093974 -0.035254
v -0.085654 0.122588 -0.047361
v -0.152522 0.125231 -0.047361
v -0.067568 0.339479 -0.080835
v -0.158750 0.351737 -0.080835
v -0.201211 0.127213 -0.000050
v -0.199481 0.127213 0.077190
v -0.222705 0.360933 -0.016366
v -0.222578 0.360933 0.096965
v -0.150770 0.125231 0.130736
v -0.086884 0.122588 0.130736
v -0.157780 0.351737 0.173678
v -0.066685 0.339479 0.177039
v -0.038065 0.120636 0.077190
v -0.036812 0.120636 -0.000050
v -0.010311 0.330420 0.100478
v -0.010350 0.330420 -0.016215
v -0.097495 0.066786 0.062860
v -0.144205 0.067591 0.062860
v -0.097391 0.066786 0.011919
v -0.144352 0.067591 0.011919
v -0.061520 0.392235 -0.018134
v -0.158398 0.407568 -0.018141
v -0.061481 0.392235 0.102405
v -0.158351 0.407568 0.102118
v -0.015131 0.189963 -0.009284
v -0.015184 0.189963 0.090674
v -0.073535 0.193915 0.159742
v -0.158597 0.199263 0.159597
v -0.219044 0.203275 0.090523
v -0.219124 0.203275 -0.009290
v -0.158715 0.199263 -0.068382
v -0.073519 0.193915 -0.068382
v -0.005340 0.257849 -0.016398
v -0.005301 0.257849 0.100306
v -0.065967 0.264968 0.179924
v -0.163094 0.274683 0.176594
v -0.232366 0.281910 0.096825
v -0.232490 0.281910 -0.016550
v -0.164062 0.274683 -0.083977
v -0.066849 0.264968 -0.083977
v -0.062748 0.076908 0.010124
v -0.064011 0.076908 0.064748
v -0.098452 0.077716 0.101874
v -0.142827 0.078836 0.101874
v -0.177773 0.079657 0.064748
v -0.179519 0.079657 0.010124
v -0.144596 0.078836 -0.022898
v -0.097210 0.077716 -0.022898
vt 0.975624 0.570340
vt 0.969243 0.559947
vt 0.973572 0.555629
vt 0.980339 0.563135
vt 0.964294 0.551667
vt 0.968101 0.549013
vt 0.971095 0.546641
vt 0.976376 0.549640
vt 0.985054 0.555930
vt 0.946077 0.504971
vt 0.954610 0.506168
vt 0.955806 0.516176
vt 0.949721 0.516594
vt 0.963142 0.507365
vt 0.962139 0.518025
vt 0.960905 0.523953
vt 0.957165 0.524627
vt 0.952682 0.525750
vt 0.975624 0.498789
vt 0.969243 0.488397
vt 0.973572 0.484078
vt 0.980339 0.491584
vt 0.964294 0.480117
vt 0.968101 0.477463
vt 0.971095 0.475091
vt 0.976376 0.478089
vt 0.985054 0.484379
vt 0.925066 0.553884
vt 0.924932 0.539827
vt 0.933429 0.539961
vt 0.935938 0.548986
vt 0.924798 0.525771
vt 0.933178 0.531686
vt 0.938348 0.534467
vt 0.940214 0.539478
vt 0.942861 0.545869
vt 0.985054 0.455156
vt 0.985054 0.469768
vt 0.976293 0.469523
vt 0.973781 0.460232
vt 0.969286 0.469935
vt 0.966642 0.463444
vt 0.963142 0.435814
vt 0.974098 0.445485
vt 0.968492 0.452199
vt 0.962139 0.446474
vt 0.963555 0.457163
vt 0.960905 0.452403
vt 0.945966 0.572696
vt 0.935516 0.563290
vt 0.941032 0.556843
vt 0.947059 0.562506
vt 0.945877 0.552087
vt 0.948385 0.556800
vt 0.946077 0.433421
vt 0.954610 0.434617
vt 0.955806 0.444626
vt 0.949721 0.445044
vt 0.957165 0.453077
vt 0.952682 0.454200
vt 0.960686 0.473352
vt 0.964417 0.471455
vt 0.957904 0.467400
vt 0.961651 0.465690
vt 0.957904 0.538950
vt 0.955338 0.532916
vt 0.959205 0.531347
vt 0.961651 0.537241
vt 0.963555 0.528714
vt 0.966642 0.534994
vt 0.955338 0.461366
vt 0.959205 0.459797
vt 0.938348 0.462916
vt 0.940214 0.467928
vt 0.933428 0.468410
vt 0.933178 0.460136
vt 0.942861 0.474319
vt 0.935938 0.477436
vt 0.925066 0.482334
vt 0.924932 0.468277
vt 0.924798 0.454220
vt 0.969286 0.541485
vt 0.976293 0.541073
vt 0.973781 0.531783
vt 0.985054 0.526707
vt 0.985054 0.541318
vt 0.968492 0.523750
vt 0.974098 0.517036
vt 0.945877 0.480537
vt 0.941032 0.485293
vt 0.948385 0.485250
vt 0.947059 0.490955
vt 0.945966 0.501146
vt 0.935516 0.491740
vt 0.960686 0.544902
vt 0.964417 0.543005
vt 0.950099 0.549601
vt 0.951981 0.556254
vt 0.947675 0.543700
vt 0.951295 0.542045
vt 0.953845 0.548113
vt 0.956305 0.555274
vt 0.957285 0.546620
vt 0.960392 0.553775
vt 0.954578 0.540507
vt 0.944884 0.466404
vt 0.947675 0.472149
vt 0.941148 0.460571
vt 0.944744 0.457942
vt 0.948474 0.464543
vt 0.951295 0.470495
vt 0.951839 0.462863
vt 0.954578 0.468957
vt 0.948551 0.455798
vt 0.944884 0.537955
vt 0.941148 0.532122
vt 0.944744 0.529493
vt 0.948474 0.536093
vt 0.951839 0.534414
vt 0.948551 0.527349
vt 0.950099 0.478051
vt 0.951981 0.484704
vt 0.953845 0.476563
vt 0.956305 0.483724
vt 0.957285 0.475069
vt 0.960392 0.482225
vt 0.928786 0.447508
vt 0.935616 0.454384
vt 0.932773 0.440795
vt 0.939544 0.450129
vt 0.939425 0.437108
vt 0.944323 0.447051
vt 0.952974 0.492926
vt 0.953646 0.502572
vt 0.958747 0.492771
vt 0.961325 0.503999
vt 0.964191 0.491171
vt 0.968475 0.501394
vt 0.928786 0.519058
vt 0.935616 0.525935
vt 0.932773 0.512345
vt 0.939544 0.521680
vt 0.939425 0.508658
vt 0.944323 0.518602
vt 0.952974 0.564476
vt 0.953646 0.574123
vt 0.958747 0.564321
vt 0.961325 0.575549
vt 0.964191 0.562721
vt 0.968475 0.572945
vt 0.863138 0.061756
vt 0.867723 0.054686
vt 0.875320 0.058445
vt 0.870454 0.067090
vt 0.870548 0.047401
vt 0.878542 0.049781
vt 0.887797 0.052537
vt 0.884205 0.062470
vt 0.879208 0.072636
vt 0.872107 0.039487
vt 0.880647 0.040578
vt 0.871982 0.030756
vt 0.881297 0.030316
vt 0.892200 0.030589
vt 0.890520 0.042204
vt 0.914471 0.085225
vt 0.918280 0.073292
vt 0.926821 0.075749
vt 0.923609 0.086723
vt 0.922537 0.062773
vt 0.931110 0.065867
vt 0.941279 0.069971
vt 0.935798 0.080221
vt 0.931060 0.087893
vt 0.927339 0.052180
vt 0.935785 0.055928
vt 0.933486 0.040657
vt 0.941983 0.045811
vt 0.948273 0.050346
vt 0.945565 0.059087
vt 0.869536 0.021228
vt 0.880122 0.018661
vt 0.863000 0.011709
vt 0.877637 0.006097
vt 0.892273 0.000486
vt 0.892649 0.016924
vt 0.800568 0.799835
vt 0.811762 0.806696
vt 0.809582 0.817396
vt 0.795124 0.814878
vt 0.822311 0.809215
vt 0.822420 0.818507
vt 0.823254 0.829343
vt 0.808187 0.830095
vt 0.789681 0.829921
vt 0.941701 0.027562
vt 0.951448 0.035398
vt 0.952056 0.011703
vt 0.963328 0.023966
vt 0.974601 0.036229
vt 0.957958 0.045849
vt 0.803513 0.892058
vt 0.821000 0.878890
vt 0.829922 0.888071
vt 0.817631 0.903058
vt 0.835130 0.868602
vt 0.840800 0.876312
vt 0.845803 0.882394
vt 0.841479 0.893897
vt 0.831750 0.914057
vt 0.830988 0.809234
vt 0.832650 0.817653
vt 0.838157 0.807381
vt 0.841046 0.815177
vt 0.844369 0.824118
vt 0.834886 0.827294
vt 0.844526 0.804004
vt 0.848761 0.811321
vt 0.850775 0.798339
vt 0.856737 0.805148
vt 0.863085 0.813402
vt 0.853357 0.819852
vt 0.846702 0.861285
vt 0.850778 0.868885
vt 0.856551 0.855915
vt 0.860004 0.863680
vt 0.865009 0.873831
vt 0.854565 0.878764
vt 0.866066 0.851222
vt 0.869008 0.859016
vt 0.878010 0.846567
vt 0.880152 0.855230
vt 0.882235 0.862569
vt 0.874635 0.867754
vt 0.857212 0.789614
vt 0.865601 0.795869
vt 0.861815 0.777420
vt 0.874960 0.784559
vt 0.888105 0.791697
vt 0.874469 0.803837
vt 0.845862 0.074650
vt 0.856185 0.068839
vt 0.863466 0.076100
vt 0.855049 0.085334
vt 0.872366 0.083558
vt 0.864236 0.096018
vt 0.894661 0.841436
vt 0.895975 0.853058
vt 0.915560 0.834602
vt 0.915560 0.851390
vt 0.915560 0.868177
vt 0.894016 0.865376
vt 0.906578 0.117354
vt 0.911009 0.099825
vt 0.922472 0.100350
vt 0.922181 0.116395
vt 0.934182 0.097651
vt 0.937784 0.115437
vt 0.843927 0.791346
vt 0.839658 0.793844
vt 0.839141 0.786695
vt 0.846046 0.785377
vt 0.833958 0.796389
vt 0.831352 0.789175
vt 0.827986 0.779518
vt 0.839357 0.777819
vt 0.850726 0.776120
vt 0.827836 0.798300
vt 0.823703 0.792469
vt 0.822817 0.799284
vt 0.817422 0.796068
vt 0.808102 0.792010
vt 0.818044 0.785764
vt 0.842810 0.063355
vt 0.843425 0.051846
vt 0.851134 0.050615
vt 0.850524 0.057784
vt 0.844040 0.040337
vt 0.852909 0.042538
vt 0.859548 0.044255
vt 0.857511 0.050397
vt 0.855595 0.055091
vt 0.849407 0.029895
vt 0.855556 0.034546
vt 0.854773 0.019454
vt 0.858758 0.027868
vt 0.861854 0.032587
vt 0.861033 0.037776
vt 0.945463 0.088595
vt 0.954594 0.075613
vt 0.974601 0.084385
vt 0.956193 0.099911
vt 0.958613 0.060267
vt 0.974601 0.060307
vt 0.900072 0.889677
vt 0.885403 0.877950
vt 0.884583 0.911176
vt 0.872603 0.888522
vt 0.858167 0.912617
vt 0.856801 0.893628
vt 0.881669 0.089647
vt 0.874244 0.102608
vt 0.888144 0.077410
vt 0.896946 0.081054
vt 0.891089 0.094390
vt 0.884252 0.109198
vt 0.881733 0.812668
vt 0.868489 0.821868
vt 0.896508 0.801693
vt 0.904911 0.811687
vt 0.887477 0.821824
vt 0.872669 0.830179
vt 0.857469 0.828245
vt 0.847669 0.832753
vt 0.860880 0.836203
vt 0.850768 0.840848
vt 0.837548 0.836590
vt 0.825047 0.839984
vt 0.840404 0.845318
vt 0.827608 0.850137
vt 0.808632 0.842956
vt 0.789584 0.845691
vt 0.810703 0.855557
vt 0.789487 0.861460
vt 0.905451 0.017033
vt 0.903187 0.031669
vt 0.907373 0.000845
vt 0.922472 0.001203
vt 0.918075 0.018710
vt 0.913842 0.033630
vt 0.900327 0.044129
vt 0.896954 0.055249
vt 0.909751 0.046357
vt 0.905750 0.057799
vt 0.893084 0.066104
vt 0.901672 0.069068
vt 0.900737 0.097695
vt 0.895415 0.113276
vt 0.905612 0.083502
vt 0.891684 0.831269
vt 0.875697 0.838287
vt 0.910235 0.823145
vt 0.863617 0.843760
vt 0.853636 0.848501
vt 0.843325 0.853562
vt 0.830801 0.859790
vt 0.814838 0.867717
vt 0.796500 0.876759
vt 0.930293 0.022224
vt 0.924011 0.036565
vt 0.937264 0.006453
vt 0.918752 0.048980
vt 0.914224 0.060210
vt 0.909990 0.071311
vt 0.852109 0.063205
vt 0.844336 0.069002
vt 0.858319 0.057613
vt 0.851311 0.786317
vt 0.846465 0.793942
vt 0.856271 0.776770
vt 0.841457 0.798827
vt 0.835999 0.801751
vt 0.829787 0.803275
vt 0.822572 0.802970
vt 0.814007 0.800231
vt 0.804335 0.795922
vt 0.862947 0.023962
vt 0.865575 0.031715
vt 0.858887 0.015581
vt 0.865991 0.038950
vt 0.864780 0.045704
vt 0.862338 0.051865
vn 0.9498 0.3129 0.0000
vn 0.8885 0.3113 -0.3370
vn 0.7288 0.6313 -0.2651
vn 0.7628 0.6465 0.0000
vn 0.6722 0.3104 -0.6722
vn 0.5584 0.6135 -0.5584
vn 0.3667 0.8550 -0.3667
vn 0.4050 0.8995 -0.1636
vn 0.4098 0.9121 0.0000
vn -0.9498 0.3129 0.0000
vn -0.7628 0.6465 0.0000
vn -0.7288 0.6313 -0.2651
vn -0.8885 0.3113 -0.3370
vn -0.4098 0.9121 0.0000
vn -0.4050 0.8995 -0.1636
vn -0.3667 0.8550 -0.3667
vn -0.5584 0.6135 -0.5584
vn -0.6722 0.3104 -0.6722
vn -0.8885 0.3113 0.3370
vn -0.7288 0.6313 0.2651
vn -0.6722 0.3104 0.6722
vn -0.5584 0.6135 0.5584
vn -0.3667 0.8550 0.3667
vn -0.4050 0.8995 0.1636
vn 0.0000 -1.0000 0.0000
vn -0.1026 -0.9947 0.0000
vn -0.1046 -0.9890 -0.1046
vn 0.0000 -0.9947 -0.1026
vn -0.3905 -0.9206 0.0000
vn -0.3869 -0.9088 -0.1562
vn -0.3511 -0.8680 -0.3511
vn -0.1562 -0.9088 -0.3869
vn 0.0000 -0.9206 -0.3905
vn 0.0000 1.0000 0.0000
vn -0.1096 0.9940 0.0000
vn -0.1115 0.9875 0.1115
vn 0.0000 0.9940 0.1096
vn -0.1636 0.8995 0.4050
vn 0.0000 0.9121 0.4098
vn 0.1096 0.9940 0.0000
vn 0.1115 0.9875 0.1115
vn 0.4050 0.8995 0.1636
vn 0.1636 0.8995 0.4050
vn 0.3667 0.8550 0.3667
vn 0.3905 -0.9206 0.0000
vn 0.1026 -0.9947 0.0000
vn 0.1046 -0.9890 -0.1046
vn 0.3869 -0.9088 -0.1562
vn 0.1562 -0.9088 -0.3869
vn 0.3511 -0.8680 -0.3511
vn 0.7288 0.6313 0.2651
vn 0.8885 0.3113 0.3370
vn 0.5584 0.6135 0.5584
vn 0.6722 0.3104 0.6722
vn -0.3370 0.3113 0.8885
vn -0.2651 0.6313 0.7288
vn 0.0000 0.3129 0.9498
vn 0.0000 0.6465 0.7628
vn 0.0000 0.3129 -0.9498
vn -0.3370 0.3113 -0.8885
vn -0.2651 0.6313 -0.7288
vn 0.0000 0.6465 -0.7628
vn -0.1636 0.8995 -0.4050
vn 0.0000 0.9121 -0.4098
vn 0.3370 0.3113 0.8885
vn 0.2651 0.6313 0.7288
vn 0.3511 -0.8680 0.3511
vn 0.1562 -0.9088 0.3869
vn 0.1046 -0.9890 0.1046
vn 0.3869 -0.9088 0.1562
vn 0.0000 -0.9206 0.3905
vn 0.0000 -0.9947 0.1026
vn 0.1636 0.8995 -0.4050
vn 0.1115 0.9875 -0.1115
vn 0.0000 0.9940 -0.1096
vn -0.1115 0.9875 -0.1115
vn -0.1562 -0.9088 0.3869
vn -0.1046 -0.9890 0.1046
vn -0.3511 -0.8680 0.3511
vn -0.3869 -0.9088 0.1562
vn 0.3370 0.3113 -0.8885
vn 0.2651 0.6313 -0.7288
vn 0.2601 -0.6492 -0.7147
vn 0.5481 -0.6318 -0.5481
vn 0.0000 -0.6641 -0.7476
vn 0.0000 -0.3225 -0.9466
vn 0.3358 -0.3208 -0.8856
vn 0.6700 -0.3197 -0.6700
vn 0.3571 -0.0012 -0.9340
vn 0.7071 -0.0012 -0.7071
vn 0.0000 -0.0012 -1.0000
vn 0.2601 -0.6492 0.7147
vn 0.0000 -0.6641 0.7476
vn 0.5481 -0.6318 0.5481
vn 0.6700 -0.3197 0.6700
vn 0.3358 -0.3208 0.8856
vn 0.0000 -0.3225 0.9466
vn 0.3571 -0.0012 0.9340
vn 0.0000 -0.0012 1.0000
vn 0.7071 -0.0012 0.7071
vn -0.2601 -0.6492 -0.7147
vn -0.5481 -0.6318 -0.5481
vn -0.6700 -0.3197 -0.6700
vn -0.3358 -0.3208 -0.8856
vn -0.3571 -0.0012 -0.9340
vn -0.7071 -0.0012 -0.7071
vn -0.2601 -0.6492 0.7147
vn -0.5481 -0.6318 0.5481
vn -0.3358 -0.3208 0.8856
vn -0.6700 -0.3197 0.6700
vn -0.3571 -0.0012 0.9340
vn -0.7071 -0.0012 0.7071
vn 0.7476 -0.6641 0.0000
vn 0.7147 -0.6492 0.2601
vn 0.9466 -0.3225 0.0000
vn 0.8856 -0.3208 0.3358
vn 1.0000 -0.0012 0.0000
vn 0.9340 -0.0012 0.3571
vn -0.7147 -0.6492 0.2601
vn -0.7476 -0.6641 0.0000
vn -0.8856 -0.3208 0.3358
vn -0.9466 -0.3225 0.0000
vn -0.9340 -0.0012 0.3571
vn -1.0000 -0.0012 0.0000
vn -0.7147 -0.6492 -0.2601
vn -0.8856 -0.3208 -0.3358
vn -0.9340 -0.0012 -0.3571
vn 0.7147 -0.6492 -0.2601
vn 0.8856 -0.3208 -0.3358
vn 0.9340 -0.0012 -0.3571
vn 0.5702 -0.5438 -0.6157
vn 0.2924 -0.5292 -0.7965
vn 0.3182 -0.3803 -0.8684
vn 0.6269 -0.3976 -0.6700
vn -0.0136 -0.5126 -0.8585
vn -0.0128 -0.3599 -0.9329
vn -0.0142 -0.2933 -0.9559
vn 0.3214 -0.3161 -0.8926
vn 0.6494 -0.3330 -0.6836
vn -0.3185 -0.4986 -0.8061
vn -0.3428 -0.3460 -0.8733
vn -0.6141 -0.4836 -0.6237
vn -0.6623 -0.3304 -0.6725
vn -0.6759 -0.2710 -0.6853
vn -0.3483 -0.2818 -0.8940
vn 0.7376 0.0486 -0.6735
vn 0.3628 0.0407 -0.9310
vn 0.3754 0.3188 -0.8703
vn 0.7268 0.2745 -0.6296
vn 0.0068 0.0457 -0.9989
vn 0.0490 0.3566 -0.9330
vn 0.1063 0.7217 -0.6840
vn 0.4030 0.6593 -0.6347
vn 0.6620 0.5387 -0.5210
vn -0.3354 0.0611 -0.9401
vn -0.2743 0.3594 -0.8919
vn -0.6941 0.0887 -0.7144
vn -0.6267 0.3698 -0.6859
vn -0.4875 0.6534 -0.5791
vn -0.1989 0.7172 -0.6679
vn -0.8241 -0.4666 -0.3212
vn -0.8840 -0.3135 -0.3468
vn -0.8870 -0.4613 0.0209
vn -0.9486 -0.3163 0.0128
vn -0.9661 -0.2582 0.0014
vn -0.8995 -0.2564 -0.3536
vn -0.8161 -0.4774 0.3255
vn -0.8762 -0.3474 0.3338
vn -0.6302 -0.5141 0.5818
vn -0.6804 -0.3944 0.6176
vn -0.7037 -0.3354 0.6263
vn -0.9013 -0.2881 0.3235
vn -0.9274 0.1148 -0.3560
vn -0.8447 0.4163 -0.3363
vn -0.9922 0.1240 -0.0049
vn -0.8979 0.4402 -0.0046
vn -0.6128 0.7902 -0.0045
vn -0.5782 0.7555 -0.3079
vn -0.9398 0.1147 0.3218
vn -0.8608 0.4067 0.3059
vn -0.7459 0.0909 0.6598
vn -0.6799 0.3582 0.6399
vn -0.5278 0.6635 0.5302
vn -0.5931 0.7550 0.2795
vn -0.3404 -0.5485 0.7637
vn -0.3660 -0.4276 0.8265
vn -0.0167 -0.5693 0.8219
vn -0.0173 -0.4448 0.8954
vn -0.0201 -0.3863 0.9221
vn -0.3743 -0.3687 0.8508
vn 0.3079 -0.5803 0.7540
vn 0.3327 -0.4610 0.8227
vn 0.5850 -0.5759 0.5710
vn 0.6419 -0.4583 0.6147
vn 0.6720 -0.3979 0.6246
vn 0.3367 -0.4052 0.8500
vn -0.4041 0.0631 0.9125
vn -0.3348 0.3648 0.8687
vn -0.0301 0.0450 0.9985
vn 0.0224 0.3819 0.9239
vn 0.0988 0.7631 0.6387
vn -0.2307 0.7434 0.6278
vn 0.3905 0.0378 0.9198
vn 0.4010 0.3487 0.8471
vn 0.7846 0.0462 0.6183
vn 0.7665 0.2906 0.5726
vn 0.6897 0.5640 0.4541
vn 0.4191 0.6978 0.5808
vn 0.7602 -0.5619 0.3260
vn 0.8371 -0.4296 0.3387
vn 0.8322 -0.5543 0.0117
vn 0.9141 -0.4054 0.0064
vn 0.9484 -0.3169 -0.0010
vn 0.8784 -0.3515 0.3238
vn 0.7650 -0.5504 -0.3343
vn 0.8429 -0.4001 -0.3597
vn 0.8770 -0.3218 -0.3568
vn 0.9636 0.0598 0.2607
vn 0.9314 0.2746 0.2390
vn 0.9979 0.0637 -0.0054
vn 0.9595 0.2815 -0.0053
vn 0.7896 0.6136 -0.0051
vn 0.7658 0.6038 0.2213
vn 0.9515 0.0605 -0.3015
vn 0.9217 0.2718 -0.2768
vn 0.7600 0.5973 -0.2561
vn 0.2694 -0.9251 0.2676
vn 0.1238 -0.9481 0.2930
vn 0.0976 -0.9895 0.1067
vn 0.2968 -0.9439 0.1445
vn -0.0192 -0.9537 0.2999
vn -0.0171 -0.9940 0.1084
vn -0.0164 -0.9998 -0.0015
vn 0.1037 -0.9946 -0.0011
vn 0.3046 -0.9525 0.0022
vn -0.1627 -0.9397 0.3006
vn -0.1335 -0.9852 0.1072
vn -0.3171 -0.9069 0.2775
vn -0.3487 -0.9257 0.1466
vn -0.3551 -0.9348 0.0051
vn -0.1385 -0.9904 -0.0007
vn 0.0962 -0.9884 -0.1173
vn 0.2887 -0.9456 -0.1500
vn -0.0168 -0.9925 -0.1206
vn -0.0181 -0.9454 -0.3253
vn 0.1161 -0.9417 -0.3157
vn 0.2526 -0.9234 -0.2889
vn -0.1308 -0.9845 -0.1166
vn -0.3366 -0.9302 -0.1460
vn -0.2942 -0.9094 -0.2941
vn -0.1514 -0.9350 -0.3206
vn 0.4595 0.8404 -0.2874
vn 0.1451 0.9348 -0.3243
vn 0.1559 0.9877 -0.0059
vn 0.4908 0.8712 -0.0055
vn -0.1928 0.9289 -0.3160
vn -0.2125 0.9771 -0.0054
vn 0.4624 0.8504 0.2508
vn 0.1449 0.9470 0.2866
vn -0.1985 0.9384 0.2827
vn 0.9056 -0.2535 -0.3399
vn 0.9720 -0.2347 -0.0046
vn 0.6728 -0.2840 -0.6831
vn 0.7010 -0.2143 -0.6801
vn 0.9317 -0.1700 -0.3208
vn 0.9892 -0.1465 -0.0053
vn 0.9131 -0.2741 0.3016
vn 0.7038 -0.3373 0.6251
vn 0.9423 -0.1810 0.2816
vn 0.7396 -0.2489 0.6253
vn 0.3418 -0.3548 0.8702
vn -0.0247 -0.3333 0.9425
vn 0.3529 -0.2803 0.8926
vn -0.0336 -0.2588 0.9653
vn -0.3818 -0.3103 0.8705
vn -0.7204 -0.2794 0.6348
vn -0.3947 -0.2262 0.8905
vn -0.7359 -0.2004 0.6467
vn -0.9174 -0.2415 0.3164
vn -0.9751 -0.2217 -0.0040
vn -0.9311 -0.1821 0.3159
vn -0.9842 -0.1768 -0.0045
vn -0.9078 -0.2270 -0.3526
vn -0.6830 -0.2418 -0.6892
vn -0.9178 -0.1885 -0.3493
vn -0.6909 -0.2065 -0.6928
vn -0.3492 -0.2470 -0.9039
vn -0.0152 -0.2544 -0.9669
vn -0.3495 -0.2131 -0.9124
vn -0.0155 -0.2181 -0.9758
vn 0.3238 -0.2756 -0.9051
vn 0.3305 -0.2274 -0.9160
vn 0.9485 -0.0673 -0.3096
vn 0.9987 -0.0514 -0.0053
vn 0.7243 -0.1065 -0.6812
vn 0.9604 -0.0715 0.2694
vn 0.7692 -0.1230 0.6271
vn 0.3698 -0.1571 0.9157
vn -0.0414 -0.1427 0.9889
vn -0.4094 -0.1077 0.9060
vn -0.7502 -0.0832 0.6559
vn -0.9446 -0.0749 0.3193
vn -0.9970 -0.0765 -0.0044
vn -0.9319 -0.0889 -0.3517
vn -0.7013 -0.1104 -0.7042
vn -0.3497 -0.1267 -0.9283
vn -0.0114 -0.1348 -0.9908
vn 0.3434 -0.1328 -0.9297
vn 0.5694 -0.7825 -0.2517
vn 0.6148 -0.7886 0.0092
vn 0.4282 -0.7689 -0.4747
vn 0.5753 -0.7791 0.2488
vn 0.4477 -0.7748 0.4463
vn 0.2236 -0.7905 0.5702
vn -0.0194 -0.7924 0.6096
vn -0.2623 -0.7687 0.5833
vn -0.5013 -0.7314 0.4623
vn -0.6433 -0.7228 0.2524
vn -0.6821 -0.7310 0.0167
vn -0.6366 -0.7318 -0.2434
vn -0.4776 -0.7325 -0.4850
vn -0.2418 -0.7512 -0.6142
vn -0.0173 -0.7676 -0.6406
vn 0.2086 -0.7697 -0.6033
usemtl JJ
s 1
f 941/998/908 1007/999/909 1008/1000/910 974/1001/911
f 1007/999/909 929/1002/912 958/1003/913 1008/1000/910
f 1008/1000/910 958/1003/913 914/1004/914 967/1005/915
f 974/1001/911 1008/1000/910 967/1005/915 925/1006/916
f 943/1007/917 975/1008/918 1009/1009/919 1005/1010/920
f 975/1008/918 923/1011/921 965/1012/922 1009/1009/919
f 1009/1009/919 965/1012/922 915/1013/923 959/1014/924
f 1005/1010/920 1009/1009/919 959/1014/924 931/1015/925
f 943/1016/917 1003/1017/926 1010/1018/927 975/1019/918
f 1003/1017/926 935/1020/928 961/1021/929 1010/1018/927
f 1010/1018/927 961/1021/929 917/1022/930 947/1023/931
f 975/1019/918 1010/1018/927 947/1023/931 923/1024/921
f 927/1025/932 973/1026/933 1011/1027/934 957/1028/935
f 973/1026/933 922/1029/936 964/1030/937 1011/1027/934
f 1011/1027/934 964/1030/937 911/1031/938 944/1032/939
f 957/1028/935 1011/1027/934 944/1032/939 918/1033/940
f 926/1034/941 972/1035/942 1012/1036/943 956/1037/944
f 972/1035/942 923/1024/921 947/1023/931 1012/1036/943
f 1012/1036/943 947/1023/931 917/1022/930 949/1038/945
f 956/1037/944 1012/1036/943 949/1038/945 920/1039/946
f 925/1040/916 971/1041/947 1013/1042/948 951/1043/949
f 971/1041/947 926/1034/941 956/1037/944 1013/1042/948
f 1013/1042/948 956/1037/944 920/1039/946 954/1044/950
f 951/1043/949 1013/1042/948 954/1044/950 916/1045/951
f 924/1046/952 970/1047/953 1014/1048/954 966/1049/955
f 970/1047/953 927/1025/932 957/1028/935 1014/1048/954
f 1014/1048/954 957/1028/935 918/1033/940 952/1050/956
f 966/1049/955 1014/1048/954 952/1050/956 910/1051/957
f 941/1052/908 974/1053/911 1015/1054/958 1001/1055/959
f 974/1053/911 925/1040/916 951/1043/949 1015/1054/958
f 1015/1054/958 951/1043/949 916/1045/951 960/1056/960
f 1001/1055/959 1015/1054/958 960/1056/960 933/1057/961
f 935/1020/928 999/1058/962 1016/1059/963 961/1021/929
f 999/1058/962 937/1060/964 962/1061/965 1016/1059/963
f 1016/1059/963 962/1061/965 920/1039/946 949/1038/945
f 961/1021/929 1016/1059/963 949/1038/945 917/1022/930
f 939/1062/966 997/1063/967 1017/1064/968 963/1065/969
f 997/1063/967 931/1015/925 959/1014/924 1017/1064/968
f 1017/1064/968 959/1014/924 915/1013/923 950/1066/970
f 963/1065/969 1017/1064/968 950/1066/970 921/1067/971
f 937/1060/964 995/1068/972 1018/1069/973 962/1061/965
f 995/1068/972 933/1057/961 960/1056/960 1018/1069/973
f 1018/1069/973 960/1056/960 916/1045/951 954/1044/950
f 962/1061/965 1018/1069/973 954/1044/950 920/1039/946
f 913/1070/974 946/1071/975 1019/1072/976 948/1073/977
f 946/1071/975 919/1074/978 969/1075/979 1019/1072/976
f 1019/1072/976 969/1075/979 927/1076/932 970/1077/953
f 948/1073/977 1019/1072/976 970/1077/953 924/1078/952
f 914/1004/914 955/1079/980 1020/1080/981 967/1005/915
f 955/1079/980 921/1067/971 968/1081/982 1020/1080/981
f 1020/1080/981 968/1081/982 926/1082/941 971/1083/947
f 967/1005/915 1020/1080/981 971/1083/947 925/1006/916
f 921/1067/971 950/1066/970 1021/1084/983 968/1081/982
f 950/1066/970 915/1013/923 965/1012/922 1021/1084/983
f 1021/1084/983 965/1012/922 923/1011/921 972/1085/942
f 968/1081/982 1021/1084/983 972/1085/942 926/1082/941
f 919/1074/978 953/1086/984 1022/1087/985 969/1075/979
f 953/1086/984 912/1088/986 945/1089/987 1022/1087/985
f 1022/1087/985 945/1089/987 922/1090/936 973/1091/933
f 969/1075/979 1022/1087/985 973/1091/933 927/1076/932
f 929/1002/912 993/1092/988 1023/1093/989 958/1003/913
f 993/1092/988 939/1062/966 963/1065/969 1023/1093/989
f 1023/1093/989 963/1065/969 921/1067/971 955/1079/980
f 958/1003/913 1023/1093/989 955/1079/980 914/1004/914
f 910/1051/957 952/1050/956 1024/1094/990 976/1095/991
f 952/1050/956 918/1033/940 986/1096/992 1024/1094/990
f 1024/1094/990 986/1096/992 938/1097/993 992/1098/994
f 976/1095/991 1024/1094/990 992/1098/994 928/1099/995
f 928/1099/995 992/1098/994 1025/1100/996 977/1101/997
f 992/1098/994 938/1097/993 987/1102/998 1025/1100/996
f 1025/1100/996 987/1102/998 939/1062/966 993/1092/988
f 977/1101/997 1025/1100/996 993/1092/988 929/1002/912
f 919/1074/978 946/1071/975 1026/1103/999 984/1104/1000
f 946/1071/975 913/1070/974 980/1105/1001 1026/1103/999
f 1026/1103/999 980/1105/1001 932/1106/1002 994/1107/1003
f 984/1104/1000 1026/1103/999 994/1107/1003 936/1108/1004
f 936/1108/1004 994/1107/1003 1027/1109/1005 985/1110/1006
f 994/1107/1003 932/1106/1002 981/1111/1007 1027/1109/1005
f 1027/1109/1005 981/1111/1007 933/1057/961 995/1068/972
f 985/1110/1006 1027/1109/1005 995/1068/972 937/1060/964
f 918/1033/940 944/1032/939 1028/1112/1008 986/1096/992
f 944/1032/939 911/1031/938 978/1113/1009 1028/1112/1008
f 1028/1112/1008 978/1113/1009 930/1114/1010 996/1115/1011
f 986/1096/992 1028/1112/1008 996/1115/1011 938/1097/993
f 938/1097/993 996/1115/1011 1029/1116/1012 987/1102/998
f 996/1115/1011 930/1114/1010 979/1117/1013 1029/1116/1012
f 1029/1116/1012 979/1117/1013 931/1015/925 997/1063/967
f 987/1102/998 1029/1116/1012 997/1063/967 939/1062/966
f 912/1088/986 953/1086/984 1030/1118/1014 982/1119/1015
f 953/1086/984 919/1074/978 984/1104/1000 1030/1118/1014
f 1030/1118/1014 984/1104/1000 936/1108/1004 998/1120/1016
f 982/1119/1015 1030/1118/1014 998/1120/1016 934/1121/1017
f 934/1121/1017 998/1120/1016 1031/1122/1018 983/1123/1019
f 998/1120/1016 936/1108/1004 985/1110/1006 1031/1122/1018
f 1031/1122/1018 985/1110/1006 937/1060/964 999/1058/962
f 983/1123/1019 1031/1122/1018 999/1058/962 935/1020/928
f 924/1078/952 988/1124/1020 1032/1125/1021 948/1073/977
f 988/1124/1020 940/1126/1022 1000/1127/1023 1032/1125/1021
f 1032/1125/1021 1000/1127/1023 932/1106/1002 980/1105/1001
f 948/1073/977 1032/1125/1021 980/1105/1001 913/1070/974
f 940/1126/1022 989/1128/1024 1033/1129/1025 1000/1127/1023
f 989/1128/1024 941/1052/908 1001/1055/959 1033/1129/1025
f 1033/1129/1025 1001/1055/959 933/1057/961 981/1111/1007
f 1000/1127/1023 1033/1129/1025 981/1111/1007 932/1106/1002
f 922/1090/936 945/1089/987 1034/1130/1026 990/1131/1027
f 945/1089/987 912/1088/986 982/1119/1015 1034/1130/1026
f 1034/1130/1026 982/1119/1015 934/1121/1017 1002/1132/1028
f 990/1131/1027 1034/1130/1026 1002/1132/1028 942/1133/1029
f 942/1133/1029 1002/1132/1028 1035/1134/1030 991/1135/1031
f 1002/1132/1028 934/1121/1017 983/1123/1019 1035/1134/1030
f 1035/1134/1030 983/1123/1019 935/1020/928 1003/1017/926
f 991/1135/1031 1035/1134/1030 1003/1017/926 943/1016/917
f 922/1029/936 990/1136/1027 1036/1137/1032 964/1030/937
f 990/1136/1027 942/1138/1029 1004/1139/1033 1036/1137/1032
f 1036/1137/1032 1004/1139/1033 930/1114/1010 978/1113/1009
f 964/1030/937 1036/1137/1032 978/1113/1009 911/1031/938
f 942/1138/1029 991/1140/1031 1037/1141/1034 1004/1139/1033
f 991/1140/1031 943/1007/917 1005/1010/920 1037/1141/1034
f 1037/1141/1034 1005/1010/920 931/1015/925 979/1117/1013
f 1004/1139/1033 1037/1141/1034 979/1117/1013 930/1114/1010
f 924/1046/952 966/1049/955 1038/1142/1035 988/1143/1020
f 966/1049/955 910/1051/957 976/1095/991 1038/1142/1035
f 1038/1142/1035 976/1095/991 928/1099/995 1006/1144/1036
f 988/1143/1020 1038/1142/1035 1006/1144/1036 940/1145/1022
f 940/1145/1022 1006/1144/1036 1039/1146/1037 989/1147/1024
f 1006/1144/1036 928/1099/995 977/1101/997 1039/1146/1037
f 1039/1146/1037 977/1101/997 929/1002/912 1007/999/909
f 989/1147/1024 1039/1146/1037 1007/999/909 941/998/908
f 1082/1148/1038 1185/1149/1039 1186/1150/1040 1091/1151/1041
f 1185/1149/1039 1083/1152/1042 1092/1153/1043 1186/1150/1040
f 1186/1150/1040 1092/1153/1043 1043/1154/1044 1116/1155/1045
f 1091/1151/1041 1186/1150/1040 1116/1155/1045 1042/1156/1046
f 1083/1152/1042 1184/1157/1047 1187/1158/1048 1092/1153/1043
f 1184/1157/1047 1084/1159/1049 1095/1160/1050 1187/1158/1048
f 1187/1158/1048 1095/1160/1050 1046/1161/1051 1122/1162/1052
f 1092/1153/1043 1187/1158/1048 1122/1162/1052 1043/1154/1044
f 1074/1163/1053 1169/1164/1054 1188/1165/1055 1106/1166/1056
f 1169/1164/1054 1075/1167/1057 1107/1168/1058 1188/1165/1055
f 1188/1165/1055 1107/1168/1058 1058/1169/1059 1132/1170/1060
f 1106/1166/1056 1188/1165/1055 1132/1170/1060 1057/1171/1061
f 1075/1167/1057 1168/1172/1062 1189/1173/1063 1107/1168/1058
f 1168/1172/1062 1076/1174/1064 1108/1175/1065 1189/1173/1063
f 1189/1173/1063 1108/1175/1065 1059/1176/1066 1136/1177/1067
f 1107/1168/1058 1189/1173/1063 1136/1177/1067 1058/1169/1059
f 1084/1159/1049 1183/1178/1068 1190/1179/1069 1095/1160/1050
f 1183/1178/1068 1085/1180/1070 1096/1181/1071 1190/1179/1069
f 1190/1179/1069 1096/1181/1071 1047/1182/1072 1128/1183/1073
f 1095/1160/1050 1190/1179/1069 1128/1183/1073 1046/1161/1051
f 1085/1184/1070 1182/1185/1074 1191/1186/1075 1096/1187/1071
f 1182/1185/1074 1086/1188/1076 1099/1189/1077 1191/1186/1075
f 1191/1186/1075 1099/1189/1077 1050/1190/1078 1134/1191/1079
f 1096/1187/1071 1191/1186/1075 1134/1191/1079 1047/1192/1072
f 1076/1174/1064 1167/1193/1080 1192/1194/1081 1108/1175/1065
f 1167/1193/1080 1078/1195/1082 1111/1196/1083 1192/1194/1081
f 1192/1194/1081 1111/1196/1083 1062/1197/1084 1118/1198/1085
f 1108/1175/1065 1192/1194/1081 1118/1198/1085 1059/1176/1066
f 1078/1199/1082 1166/1200/1086 1193/1201/1087 1111/1202/1083
f 1166/1200/1086 1081/1203/1088 1114/1204/1089 1193/1201/1087
f 1193/1201/1087 1114/1204/1089 1065/1205/1090 1120/1206/1091
f 1111/1202/1083 1193/1201/1087 1120/1206/1091 1062/1207/1084
f 1086/1188/1076 1181/1208/1092 1194/1209/1093 1099/1189/1077
f 1181/1208/1092 1087/1210/1094 1100/1211/1095 1194/1209/1093
f 1194/1209/1093 1100/1211/1095 1051/1212/1096 1119/1213/1097
f 1099/1189/1077 1194/1209/1093 1119/1213/1097 1050/1190/1078
f 1087/1210/1094 1180/1214/1098 1195/1215/1099 1100/1211/1095
f 1180/1214/1098 1088/1216/1100 1103/1217/1101 1195/1215/1099
f 1195/1215/1099 1103/1217/1101 1054/1218/1102 1115/1219/1103
f 1100/1211/1095 1195/1215/1099 1115/1219/1103 1051/1212/1096
f 1081/1203/1088 1165/1220/1104 1196/1221/1105 1114/1204/1089
f 1165/1220/1104 1080/1222/1106 1113/1223/1107 1196/1221/1105
f 1196/1221/1105 1113/1223/1107 1064/1224/1108 1126/1225/1109
f 1114/1204/1089 1196/1221/1105 1126/1225/1109 1065/1205/1090
f 1080/1222/1106 1164/1226/1110 1197/1227/1111 1113/1223/1107
f 1164/1226/1110 1079/1228/1112 1112/1229/1113 1197/1227/1111
f 1197/1227/1111 1112/1229/1113 1063/1230/1114 1121/1231/1115
f 1113/1223/1107 1197/1227/1111 1121/1231/1115 1064/1224/1108
f 1088/1216/1100 1179/1232/1116 1198/1233/1117 1103/1217/1101
f 1179/1232/1116 1089/1234/1118 1104/1235/1119 1198/1233/1117
f 1198/1233/1117 1104/1235/1119 1055/1236/1120 1125/1237/1121
f 1103/1217/1101 1198/1233/1117 1125/1237/1121 1054/1218/1102
f 1089/1238/1118 1178/1239/1122 1199/1240/1123 1104/1241/1119
f 1178/1239/1122 1082/1148/1038 1091/1151/1041 1199/1240/1123
f 1199/1240/1123 1091/1151/1041 1042/1156/1046 1130/1242/1124
f 1104/1241/1119 1199/1240/1123 1130/1242/1124 1055/1243/1120
f 1079/1228/1112 1163/1244/1125 1200/1245/1126 1112/1229/1113
f 1163/1244/1125 1077/1246/1127 1109/1247/1128 1200/1245/1126
f 1200/1245/1126 1109/1247/1128 1060/1248/1129 1133/1249/1130
f 1112/1229/1113 1200/1245/1126 1133/1249/1130 1063/1230/1114
f 1077/1250/1127 1162/1251/1131 1201/1252/1132 1109/1253/1128
f 1162/1251/1131 1074/1163/1053 1106/1166/1056 1201/1252/1132
f 1201/1252/1132 1106/1166/1056 1057/1171/1061 1135/1254/1133
f 1109/1253/1128 1201/1252/1132 1135/1254/1133 1060/1255/1129
f 1052/1256/1134 1101/1257/1135 1202/1258/1136 1102/1259/1137
f 1101/1257/1135 1049/1260/1138 1105/1261/1139 1202/1258/1136
f 1202/1258/1136 1105/1261/1139 1056/1262/1140 1124/1263/1141
f 1102/1259/1137 1202/1258/1136 1124/1263/1141 1053/1264/1142
f 1049/1260/1138 1098/1265/1143 1203/1266/1144 1105/1261/1139
f 1098/1265/1143 1048/1267/1145 1097/1268/1146 1203/1266/1144
f 1203/1266/1144 1097/1268/1146 1045/1269/1147 1137/1270/1148
f 1105/1261/1139 1203/1266/1144 1137/1270/1148 1056/1262/1140
f 1053/1271/1142 1124/1272/1141 1204/1273/1149 1127/1274/1150
f 1124/1272/1141 1056/1275/1140 1129/1276/1151 1204/1273/1149
f 1204/1273/1149 1129/1276/1151 1041/1277/1152 1090/1278/1153
f 1127/1274/1150 1204/1273/1149 1090/1278/1153 1040/1279/1154
f 1056/1275/1140 1137/1280/1148 1205/1281/1155 1129/1276/1151
f 1137/1280/1148 1045/1282/1147 1094/1283/1156 1205/1281/1155
f 1205/1281/1155 1094/1283/1156 1044/1284/1157 1093/1285/1158
f 1129/1276/1151 1205/1281/1155 1093/1285/1158 1041/1277/1152
f 1057/1171/1061 1132/1170/1060 1206/1286/1159 1135/1254/1133
f 1132/1170/1060 1058/1169/1059 1110/1287/1160 1206/1286/1159
f 1206/1286/1159 1110/1287/1160 1061/1288/1161 1123/1289/1162
f 1135/1254/1133 1206/1286/1159 1123/1289/1162 1060/1255/1129
f 1058/1169/1059 1136/1177/1067 1207/1290/1163 1110/1287/1160
f 1136/1177/1067 1059/1176/1066 1118/1198/1085 1207/1290/1163
f 1207/1290/1163 1118/1198/1085 1062/1197/1084 1131/1291/1164
f 1110/1287/1160 1207/1290/1163 1131/1291/1164 1061/1288/1161
f 1060/1248/1129 1123/1292/1162 1208/1293/1165 1133/1249/1130
f 1123/1292/1162 1061/1294/1161 1117/1295/1166 1208/1293/1165
f 1208/1293/1165 1117/1295/1166 1064/1224/1108 1121/1231/1115
f 1133/1249/1130 1208/1293/1165 1121/1231/1115 1063/1230/1114
f 1061/1294/1161 1131/1296/1164 1209/1297/1167 1117/1295/1166
f 1131/1296/1164 1062/1207/1084 1120/1206/1091 1209/1297/1167
f 1209/1297/1167 1120/1206/1091 1065/1205/1090 1126/1225/1109
f 1117/1295/1166 1209/1297/1167 1126/1225/1109 1064/1224/1108
f 1055/1243/1120 1130/1242/1124 1210/1298/1168 1141/1299/1169
f 1130/1242/1124 1042/1156/1046 1138/1300/1170 1210/1298/1168
f 1210/1298/1168 1138/1300/1170 1066/1301/1171 1146/1302/1172
f 1141/1299/1169 1210/1298/1168 1146/1302/1172 1069/1303/1173
f 1054/1218/1102 1125/1237/1121 1211/1304/1174 1143/1305/1175
f 1125/1237/1121 1055/1236/1120 1141/1306/1169 1211/1304/1174
f 1211/1304/1174 1141/1306/1169 1069/1307/1173 1147/1308/1176
f 1143/1305/1175 1211/1304/1174 1147/1308/1176 1071/1309/1177
f 1051/1212/1096 1115/1219/1103 1212/1310/1178 1144/1311/1179
f 1115/1219/1103 1054/1218/1102 1143/1305/1175 1212/1310/1178
f 1212/1310/1178 1143/1305/1175 1071/1309/1177 1148/1312/1180
f 1144/1311/1179 1212/1310/1178 1148/1312/1180 1072/1313/1181
f 1050/1190/1078 1119/1213/1097 1213/1314/1182 1145/1315/1183
f 1119/1213/1097 1051/1212/1096 1144/1311/1179 1213/1314/1182
f 1213/1314/1182 1144/1311/1179 1072/1313/1181 1149/1316/1184
f 1145/1315/1183 1213/1314/1182 1149/1316/1184 1073/1317/1185
f 1047/1192/1072 1134/1191/1079 1214/1318/1186 1142/1319/1187
f 1134/1191/1079 1050/1190/1078 1145/1315/1183 1214/1318/1186
f 1214/1318/1186 1145/1315/1183 1073/1317/1185 1150/1320/1188
f 1142/1319/1187 1214/1318/1186 1150/1320/1188 1070/1321/1189
f 1046/1161/1051 1128/1183/1073 1215/1322/1190 1140/1323/1191
f 1128/1183/1073 1047/1182/1072 1142/1324/1187 1215/1322/1190
f 1215/1322/1190 1142/1324/1187 1070/1325/1189 1151/1326/1192
f 1140/1323/1191 1215/1322/1190 1151/1326/1192 1068/1327/1193
f 1043/1154/1044 1122/1162/1052 1216/1328/1194 1139/1329/1195
f 1122/1162/1052 1046/1161/1051 1140/1323/1191 1216/1328/1194
f 1216/1328/1194 1140/1323/1191 1068/1327/1193 1152/1330/1196
f 1139/1329/1195 1216/1328/1194 1152/1330/1196 1067/1331/1197
f 1042/1156/1046 1116/1155/1045 1217/1332/1198 1138/1300/1170
f 1116/1155/1045 1043/1154/1044 1139/1329/1195 1217/1332/1198
f 1217/1332/1198 1139/1329/1195 1067/1331/1197 1153/1333/1199
f 1138/1300/1170 1217/1332/1198 1153/1333/1199 1066/1301/1171
f 1069/1303/1173 1146/1302/1172 1218/1334/1200 1157/1335/1201
f 1146/1302/1172 1066/1301/1171 1154/1336/1202 1218/1334/1200
f 1218/1334/1200 1154/1336/1202 1074/1163/1053 1162/1251/1131
f 1157/1335/1201 1218/1334/1200 1162/1251/1131 1077/1250/1127
f 1071/1309/1177 1147/1308/1176 1219/1337/1203 1159/1338/1204
f 1147/1308/1176 1069/1307/1173 1157/1339/1201 1219/1337/1203
f 1219/1337/1203 1157/1339/1201 1077/1246/1127 1163/1244/1125
f 1159/1338/1204 1219/1337/1203 1163/1244/1125 1079/1228/1112
f 1072/1313/1181 1148/1312/1180 1220/1340/1205 1160/1341/1206
f 1148/1312/1180 1071/1309/1177 1159/1338/1204 1220/1340/1205
f 1220/1340/1205 1159/1338/1204 1079/1228/1112 1164/1226/1110
f 1160/1341/1206 1220/1340/1205 1164/1226/1110 1080/1222/1106
f 1073/1317/1185 1149/1316/1184 1221/1342/1207 1161/1343/1208
f 1149/1316/1184 1072/1313/1181 1160/1341/1206 1221/1342/1207
f 1221/1342/1207 1160/1341/1206 1080/1222/1106 1165/1220/1104
f 1161/1343/1208 1221/1342/1207 1165/1220/1104 1081/1203/1088
f 1070/1321/1189 1150/1320/1188 1222/1344/1209 1158/1345/1210
f 1150/1320/1188 1073/1317/1185 1161/1343/1208 1222/1344/1209
f 1222/1344/1209 1161/1343/1208 1081/1203/1088 1166/1200/1086
f 1158/1345/1210 1222/1344/1209 1166/1200/1086 1078/1199/1082
f 1068/1327/1193 1151/1326/1192 1223/1346/1211 1156/1347/1212
f 1151/1326/1192 1070/1325/1189 1158/1348/1210 1223/1346/1211
f 1223/1346/1211 1158/1348/1210 1078/1195/1082 1167/1193/1080
f 1156/1347/1212 1223/1346/1211 1167/1193/1080 1076/1174/1064
f 1067/1331/1197 1152/1330/1196 1224/1349/1213 1155/1350/1214
f 1152/1330/1196 1068/1327/1193 1156/1347/1212 1224/1349/1213
f 1224/1349/1213 1156/1347/1212 1076/1174/1064 1168/1172/1062
f 1155/1350/1214 1224/1349/1213 1168/1172/1062 1075/1167/1057
f 1066/1301/1171 1153/1333/1199 1225/1351/1215 1154/1336/1202
f 1153/1333/1199 1067/1331/1197 1155/1350/1214 1225/1351/1215
f 1225/1351/1215 1155/1350/1214 1075/1167/1057 1169/1164/1054
f 1154/1336/1202 1225/1351/1215 1169/1164/1054 1074/1163/1053
f 1053/1271/1142 1127/1274/1150 1226/1352/1216 1177/1353/1217
f 1127/1274/1150 1040/1279/1154 1170/1354/1218 1226/1352/1216
f 1226/1352/1216 1170/1354/1218 1082/1148/1038 1178/1239/1122
f 1177/1353/1217 1226/1352/1216 1178/1239/1122 1089/1238/1118
f 1052/1256/1134 1102/1259/1137 1227/1355/1219 1176/1356/1220
f 1102/1259/1137 1053/1264/1142 1177/1357/1217 1227/1355/1219
f 1227/1355/1219 1177/1357/1217 1089/1234/1118 1179/1232/1116
f 1176/1356/1220 1227/1355/1219 1179/1232/1116 1088/1216/1100
f 1049/1260/1138 1101/1257/1135 1228/1358/1221 1175/1359/1222
f 1101/1257/1135 1052/1256/1134 1176/1356/1220 1228/1358/1221
f 1228/1358/1221 1176/1356/1220 1088/1216/1100 1180/1214/1098
f 1175/1359/1222 1228/1358/1221 1180/1214/1098 1087/1210/1094
f 1048/1267/1145 1098/1265/1143 1229/1360/1223 1174/1361/1224
f 1098/1265/1143 1049/1260/1138 1175/1359/1222 1229/1360/1223
f 1229/1360/1223 1175/1359/1222 1087/1210/1094 1181/1208/1092
f 1174/1361/1224 1229/1360/1223 1181/1208/1092 1086/1188/1076
f 1045/1269/1147 1097/1268/1146 1230/1362/1225 1173/1363/1226
f 1097/1268/1146 1048/1267/1145 1174/1361/1224 1230/1362/1225
f 1230/1362/1225 1174/1361/1224 1086/1188/1076 1182/1185/1074
f 1173/1363/1226 1230/1362/1225 1182/1185/1074 1085/1184/1070
f 1044/1284/1157 1094/1283/1156 1231/1364/1227 1172/1365/1228
f 1094/1283/1156 1045/1282/1147 1173/1366/1226 1231/1364/1227
f 1231/1364/1227 1173/1366/1226 1085/1180/1070 1183/1178/1068
f 1172/1365/1228 1231/1364/1227 1183/1178/1068 1084/1159/1049
f 1041/1277/1152 1093/1285/1158 1232/1367/1229 1171/1368/1230
f 1093/1285/1158 1044/1284/1157 1172/1365/1228 1232/1367/1229
f 1232/1367/1229 1172/1365/1228 1084/1159/1049 1184/1157/1047
f 1171/1368/1230 1232/1367/1229 1184/1157/1047 1083/1152/1042
f 1040/1279/1154 1090/1278/1153 1233/1369/1231 1170/1354/1218
f 1090/1278/1153 1041/1277/1152 1171/1368/1230 1233/1369/1231
f 1233/1369/1231 1171/1368/1230 1083/1152/1042 1185/1149/1039
f 1170/1354/1218 1233/1369/1231 1185/1149/1039 1082/1148/1038
o Right_Arm.001_Roundcube.045
v -0.296891 0.399246 -0.074104
v -0.349770 0.434679 -0.091563
v -0.392970 0.494711 0.059463
v -0.335873 0.454328 0.089218
v -0.400795 0.472735 -0.074104
v -0.415977 0.481505 -0.010470
v -0.278777 0.413946 0.059463
v -0.417262 0.511892 -0.010470
v -0.400795 0.472735 0.053163
v -0.349770 0.434679 0.070622
v -0.254484 0.396765 -0.010470
v -0.392970 0.494711 -0.080404
v -0.296891 0.399246 0.053163
v -0.283564 0.387854 -0.010470
v -0.335873 0.454328 -0.110159
v -0.278777 0.413946 -0.080404
v -0.352905 0.430247 -0.010470
v -0.131292 0.675548 -0.044976
v -0.152412 0.704523 -0.052956
v -0.187635 0.715397 -0.044976
v -0.117725 0.679990 -0.010470
v -0.137915 0.723180 -0.010470
v -0.187099 0.729056 -0.010470
v -0.131292 0.675548 0.024035
v -0.152412 0.704523 0.032016
v -0.187635 0.715397 0.024035
v -0.233706 0.487249 -0.074873
v -0.286287 0.524438 -0.102275
v -0.338868 0.561627 -0.074873
v -0.211335 0.471427 -0.010470
v -0.361239 0.577449 -0.010470
v -0.233706 0.487249 0.053932
v -0.286287 0.524438 0.081334
v -0.338868 0.561627 0.053932
v -0.177380 0.588403 -0.061388
v -0.218951 0.617804 -0.083051
v -0.260521 0.647206 -0.061388
v -0.159693 0.575893 -0.010470
v -0.278208 0.659715 -0.010470
v -0.177380 0.588403 0.040447
v -0.218951 0.617804 0.062110
v -0.260521 0.647206 0.040447
v -0.318215 0.412950 -0.085694
v -0.402002 0.479693 0.058166
v -0.346074 0.439905 0.086455
v -0.380771 0.457193 -0.085694
v -0.410908 0.478508 -0.048781
v -0.289928 0.400426 0.058166
v -0.425208 0.495874 -0.010470
v -0.410908 0.478508 0.027840
v -0.380771 0.457193 0.064753
v -0.266941 0.383937 -0.010470
v -0.402002 0.479693 -0.079107
v -0.318215 0.412950 0.064753
v -0.288078 0.391635 0.027840
v -0.346074 0.439905 -0.107396
v -0.289928 0.400426 -0.079107
v -0.351965 0.431577 0.035709
v -0.148257 0.641474 -0.052463
v -0.181630 0.666891 -0.069611
v -0.216826 0.689971 -0.052463
v -0.133346 0.632741 -0.010470
v -0.139896 0.720609 -0.032727
v -0.229915 0.701041 -0.010470
v -0.148257 0.641474 0.031523
v -0.181630 0.666891 0.048670
v -0.216826 0.689971 0.031523
v -0.366635 0.476085 0.081275
v -0.260969 0.401351 0.027207
v -0.139896 0.720609 0.011786
v -0.186002 0.725798 -0.030419
v -0.260969 0.401351 -0.048148
v -0.186002 0.725798 0.009478
v -0.137369 0.691402 0.029147
v -0.366635 0.476085 -0.102216
v -0.121725 0.707757 -0.010470
v -0.314262 0.404911 -0.010470
v -0.305112 0.432572 -0.102216
v -0.169943 0.714440 0.029147
v -0.288078 0.391635 -0.048781
v -0.410777 0.507306 -0.048148
v -0.351965 0.431577 -0.056650
v -0.410777 0.507306 0.027207
v -0.158067 0.733461 -0.010470
v -0.137369 0.691402 -0.050088
v -0.121311 0.680044 0.009478
v -0.305112 0.432572 0.081275
v -0.121311 0.680044 -0.030419
v -0.169943 0.714440 -0.050088
v -0.389668 0.458243 -0.010470
v -0.259113 0.444605 -0.078755
v -0.314863 0.484035 -0.107808
v -0.370613 0.523465 -0.078755
v -0.235393 0.427829 -0.010470
v -0.394332 0.540241 -0.010470
v -0.259113 0.444605 0.057814
v -0.314863 0.484035 0.086867
v -0.370613 0.523465 0.057814
v -0.257958 0.504402 0.074019
v -0.355267 0.573225 0.024228
v -0.355267 0.573225 -0.045168
v -0.257958 0.504402 -0.094960
v -0.314616 0.544474 -0.094960
v -0.217307 0.475651 -0.045168
v -0.217307 0.475651 0.024228
v -0.314616 0.544474 0.074019
v -0.206465 0.535655 -0.069030
v -0.254275 0.569470 -0.093946
v -0.302085 0.603284 -0.069030
v -0.186123 0.521268 -0.010470
v -0.322427 0.617671 -0.010470
v -0.206465 0.535655 0.048090
v -0.254275 0.569470 0.073005
v -0.302085 0.603284 0.048090
v -0.196554 0.601964 0.056327
v -0.273487 0.656376 0.016962
v -0.273487 0.656376 -0.037903
v -0.196554 0.601964 -0.077268
v -0.241347 0.633645 -0.077268
v -0.164414 0.579233 -0.037903
v -0.164414 0.579233 0.016962
v -0.241347 0.633645 0.056327
v -0.200481 0.679763 0.044062
v -0.137339 0.635105 0.012336
v -0.376644 0.461608 0.078846
v -0.273114 0.388385 -0.047961
v -0.137339 0.635105 -0.033276
v -0.315427 0.418312 0.078846
v -0.315427 0.418312 -0.099787
v -0.418957 0.491535 0.027020
v -0.200481 0.679763 -0.065003
v -0.163242 0.653425 -0.065003
v -0.273114 0.388385 0.027020
v -0.226384 0.698083 -0.033276
v -0.226384 0.698083 0.012336
v -0.376644 0.461608 -0.099787
v -0.418957 0.491535 -0.047961
v -0.316023 0.407646 0.032692
v -0.386502 0.457494 0.032692
v -0.316023 0.407646 -0.053633
v -0.386502 0.457494 -0.053633
v -0.124607 0.706104 -0.031456
v -0.158875 0.730340 -0.031456
v -0.124607 0.706104 0.010515
v -0.158875 0.730340 0.010515
v -0.163242 0.653425 0.044062
v -0.284827 0.462791 0.079111
v -0.388001 0.535763 0.026319
v -0.388000 0.535763 -0.047260
v -0.284827 0.462791 -0.100052
v -0.344899 0.505278 -0.100052
v -0.241725 0.432307 -0.047260
v -0.241725 0.432307 0.026319
v -0.344899 0.505278 0.079111
v -0.228517 0.551251 0.066354
v -0.316997 0.613831 0.021080
v -0.316997 0.613831 -0.042020
v -0.228517 0.551251 -0.087295
v -0.280034 0.587688 -0.087295
v -0.191553 0.525108 -0.042020
v -0.191553 0.525108 0.021080
v -0.280034 0.587688 0.066354
v -0.341195 0.349906 -0.057368
v -0.389014 0.367549 -0.067395
v -0.306471 0.387219 -0.067395
v -0.357577 0.418655 -0.090658
v -0.426327 0.402273 -0.057368
v -0.440121 0.398986 -0.007394
v -0.408684 0.450092 -0.067395
v -0.428498 0.462281 -0.007394
v -0.426327 0.402273 0.042581
v -0.389014 0.367549 0.052607
v -0.408684 0.450092 0.052607
v -0.357577 0.418655 0.075871
v -0.341195 0.349906 0.042581
v -0.337908 0.336112 -0.007394
v -0.306471 0.387219 0.052607
v -0.286656 0.375030 -0.007394
v -0.401203 0.347734 -0.007394
v -0.288828 0.435038 -0.057368
v -0.326140 0.469762 -0.067395
v -0.373960 0.487405 -0.057368
v -0.275034 0.438325 -0.007394
v -0.313952 0.489577 -0.007394
v -0.377247 0.501199 -0.007394
v -0.288828 0.435038 0.042581
v -0.326140 0.469762 0.052607
v -0.373960 0.487405 0.042581
v -0.361888 0.354566 -0.064241
v -0.324826 0.363397 -0.064241
v -0.374705 0.390811 -0.084733
v -0.412836 0.385905 -0.064241
v -0.435782 0.400020 -0.037301
v -0.421667 0.422966 -0.064241
v -0.440580 0.431332 -0.007394
v -0.435782 0.400020 0.022513
v -0.412836 0.385905 0.049454
v -0.421667 0.422966 0.049454
v -0.374705 0.390811 0.069946
v -0.361888 0.354566 0.049454
v -0.338941 0.340451 0.022513
v -0.324826 0.363397 0.049454
v -0.308830 0.350290 -0.007394
v -0.398098 0.352781 0.025297
v -0.293487 0.414345 -0.064241
v -0.340449 0.446500 -0.084733
v -0.390328 0.473914 -0.064241
v -0.274575 0.405979 -0.007394
v -0.317056 0.484530 -0.040084
v -0.406324 0.487021 -0.007394
v -0.293487 0.414345 0.049454
v -0.340449 0.446500 0.069946
v -0.390328 0.473914 0.049454
v -0.329733 0.401528 0.069946
v -0.329733 0.401528 -0.084733
v -0.317056 0.484530 0.025297
v -0.376213 0.496860 -0.037301
v -0.385422 0.435783 0.069946
v -0.376213 0.496860 0.022513
v -0.302319 0.451406 0.049454
v -0.385422 0.435783 -0.084733
v -0.289212 0.467402 -0.007394
v -0.370254 0.335653 -0.007394
v -0.291703 0.378134 0.025297
v -0.353266 0.482745 0.049454
v -0.338942 0.340451 -0.037301
v -0.423452 0.459177 -0.040084
v -0.398098 0.352781 -0.040084
v -0.291703 0.378134 -0.040084
v -0.344901 0.501658 -0.007394
v -0.302319 0.451406 -0.064241
v -0.279372 0.437291 0.022513
v -0.423452 0.459177 0.025297
v -0.279372 0.437291 -0.037301
v -0.353266 0.482745 -0.064241
v -0.425943 0.369909 -0.007394
v -0.347270 0.375401 -0.079604
v -0.400832 0.408348 -0.079604
v -0.314323 0.428963 -0.079604
v -0.367885 0.461910 -0.079604
v -0.435557 0.429709 -0.038836
v -0.435557 0.429708 0.024048
v -0.402610 0.483270 -0.038836
v -0.402610 0.483270 0.024048
v -0.400832 0.408348 0.064817
v -0.347270 0.375401 0.064817
v -0.367885 0.461910 0.064817
v -0.314323 0.428963 0.064817
v -0.312545 0.354041 0.024048
v -0.312545 0.354041 -0.038836
v -0.279598 0.407602 0.024048
v -0.279598 0.407602 -0.038836
v -0.368630 0.340676 0.024048
v -0.422192 0.373623 0.024048
v -0.368630 0.340676 -0.038836
v -0.422192 0.373623 -0.038836
v -0.292963 0.463688 -0.038836
v -0.346524 0.496635 -0.038836
v -0.292963 0.463688 0.024048
v -0.346524 0.496635 0.024048
vt 0.895426 0.285113
vt 0.877102 0.282113
vt 0.878253 0.274580
vt 0.896800 0.275458
vt 0.861797 0.279626
vt 0.863456 0.273378
vt 0.866461 0.268338
vt 0.878455 0.267006
vt 0.897103 0.265678
vt 0.879617 0.324242
vt 0.861829 0.309716
vt 0.867513 0.303113
vt 0.884851 0.313473
vt 0.844041 0.295191
vt 0.854969 0.293218
vt 0.861377 0.291420
vt 0.872183 0.296561
vt 0.889379 0.304019
vt 0.868305 0.368987
vt 0.865832 0.363216
vt 0.878660 0.360713
vt 0.880738 0.365759
vt 0.863432 0.357617
vt 0.878384 0.357617
vt 0.893336 0.357617
vt 0.891252 0.362828
vt 0.890033 0.365875
vt 0.867769 0.421540
vt 0.866550 0.424587
vt 0.855973 0.417436
vt 0.860957 0.415214
vt 0.864466 0.429798
vt 0.853638 0.419487
vt 0.842810 0.409176
vt 0.848409 0.406777
vt 0.854180 0.404303
vt 0.318759 0.915486
vt 0.301563 0.922944
vt 0.296892 0.916392
vt 0.314230 0.906032
vt 0.290757 0.928085
vt 0.284348 0.926288
vt 0.273421 0.924314
vt 0.291209 0.909789
vt 0.308997 0.895264
vt 0.851069 0.382576
vt 0.848021 0.381357
vt 0.855173 0.370780
vt 0.857394 0.375764
vt 0.842810 0.379273
vt 0.853121 0.368445
vt 0.889497 0.418429
vt 0.891970 0.424200
vt 0.879142 0.426702
vt 0.877064 0.421656
vt 0.894370 0.429798
vt 0.879418 0.429798
vt 0.901828 0.369980
vt 0.896844 0.372201
vt 0.904164 0.367928
vt 0.914991 0.378239
vt 0.909393 0.380639
vt 0.903622 0.383112
vt 0.326482 0.953828
vt 0.307835 0.952500
vt 0.307632 0.944925
vt 0.326180 0.944047
vt 0.295840 0.951167
vt 0.292835 0.946127
vt 0.291177 0.939879
vt 0.306481 0.937392
vt 0.324806 0.934393
vt 0.304451 0.930031
vt 0.322321 0.924881
vt 0.290021 0.933616
vt 0.845906 0.393948
vt 0.850952 0.391871
vt 0.842810 0.394225
vt 0.325380 0.975046
vt 0.303505 0.968183
vt 0.306127 0.960140
vt 0.325904 0.963819
vt 0.281631 0.961320
vt 0.290709 0.955187
vt 0.876748 0.259365
vt 0.896525 0.255686
vt 0.861329 0.264318
vt 0.852251 0.258185
vt 0.874126 0.251322
vt 0.896000 0.244459
vt 0.906733 0.404840
vt 0.909781 0.406058
vt 0.902629 0.416635
vt 0.900407 0.411651
vt 0.914991 0.408143
vt 0.904681 0.418970
vt 0.911895 0.393467
vt 0.906850 0.395545
vt 0.914992 0.393191
vt 0.860259 0.386252
vt 0.872922 0.379757
vt 0.878901 0.393708
vt 0.864950 0.399687
vt 0.886357 0.375066
vt 0.892851 0.387728
vt 0.871445 0.412349
vt 0.884880 0.407658
vt 0.897542 0.401164
vt 0.280318 0.934510
vt 0.280875 0.941840
vt 0.272190 0.943749
vt 0.272805 0.934032
vt 0.283555 0.948846
vt 0.276911 0.952535
vt 0.843426 0.285474
vt 0.850938 0.284995
vt 0.842810 0.275756
vt 0.851495 0.277665
vt 0.860642 0.285890
vt 0.847531 0.266971
vt 0.854176 0.270659
vt 0.875071 0.289475
vt 0.892941 0.294624
vt 0.959161 0.327960
vt 0.942300 0.322785
vt 0.946177 0.308976
vt 0.962754 0.313023
vt 0.925363 0.317341
vt 0.929176 0.304656
vt 0.932052 0.291874
vt 0.949203 0.295038
vt 0.966346 0.298086
vt 0.969719 0.267868
vt 0.952340 0.266906
vt 0.952681 0.252795
vt 0.969719 0.252920
vt 0.934844 0.266017
vt 0.935089 0.252932
vt 0.935722 0.239279
vt 0.952721 0.238625
vt 0.969719 0.237971
vt 0.399099 0.981534
vt 0.382100 0.980880
vt 0.382061 0.966710
vt 0.399099 0.966586
vt 0.365102 0.980226
vt 0.364468 0.966573
vt 0.364224 0.953489
vt 0.381719 0.952599
vt 0.399099 0.951637
vt 0.395726 0.921419
vt 0.378582 0.924467
vt 0.375557 0.910530
vt 0.392134 0.906482
vt 0.361432 0.927631
vt 0.358556 0.914849
vt 0.354743 0.902164
vt 0.371679 0.896720
vt 0.388541 0.891546
vt 0.380580 0.938507
vt 0.397412 0.936528
vt 0.363294 0.940517
vt 0.367017 0.883067
vt 0.383335 0.877203
vt 0.350225 0.889471
vt 0.345964 0.875956
vt 0.362046 0.869408
vt 0.378128 0.862860
vt 0.948748 0.356645
vt 0.932666 0.350097
vt 0.937637 0.336438
vt 0.953955 0.342302
vt 0.916584 0.343549
vt 0.920845 0.330035
vt 0.951200 0.280999
vt 0.968033 0.282977
vt 0.933915 0.278988
vt 0.907608 0.311116
vt 0.911327 0.299836
vt 0.914047 0.288474
vt 0.916383 0.265435
vt 0.916273 0.253756
vt 0.915861 0.241869
vt 0.345241 0.977636
vt 0.345652 0.965749
vt 0.345762 0.954070
vt 0.343427 0.931031
vt 0.340707 0.919669
vt 0.336988 0.908389
vt 0.345087 0.942503
vt 0.332436 0.897099
vt 0.327480 0.885610
vt 0.898101 0.333895
vt 0.903056 0.322406
vt 0.915707 0.277002
vt 0.525521 0.936588
vt 0.531132 0.937869
vt 0.528580 0.944674
vt 0.522163 0.941263
vt 0.538176 0.940400
vt 0.534983 0.947479
vt 0.532078 0.953919
vt 0.525638 0.951015
vt 0.518558 0.947822
vt 0.544735 0.944004
vt 0.541324 0.950421
vt 0.549409 0.947362
vt 0.548129 0.952973
vt 0.545598 0.960017
vt 0.538518 0.956824
vt 0.522832 0.957418
vt 0.516028 0.954865
vt 0.529174 0.960360
vt 0.525981 0.967439
vt 0.519421 0.963835
vt 0.514747 0.960477
vt 0.535576 0.963165
vt 0.541994 0.966576
vt 0.538636 0.971251
vt 0.533024 0.969970
vt 0.555368 0.945108
vt 0.556341 0.954336
vt 0.566045 0.941068
vt 0.566045 0.955153
vt 0.566045 0.969238
vt 0.554035 0.963822
vt 0.476024 0.919953
vt 0.471984 0.930630
vt 0.462756 0.929657
vt 0.461939 0.919953
vt 0.469730 0.936588
vt 0.464119 0.937869
vt 0.457075 0.940400
vt 0.453270 0.931962
vt 0.447853 0.919953
vt 0.548451 0.971829
vt 0.555487 0.978562
vt 0.544930 0.987886
vt 0.540890 0.977209
vt 0.445263 0.937547
vt 0.438530 0.930510
vt 0.450516 0.944004
vt 0.445841 0.947362
vt 0.439883 0.945108
vt 0.429206 0.941068
vt 0.473088 0.941263
vt 0.466671 0.944674
vt 0.476692 0.947822
vt 0.469613 0.951015
vt 0.463173 0.953919
vt 0.460268 0.947479
vt 0.479223 0.954865
vt 0.472418 0.957418
vt 0.480504 0.960477
vt 0.475829 0.963835
vt 0.469270 0.967439
vt 0.466077 0.960360
vt 0.453927 0.950421
vt 0.456732 0.956824
vt 0.449653 0.960017
vt 0.447122 0.952973
vt 0.459674 0.963165
vt 0.462227 0.969970
vt 0.456615 0.971251
vt 0.453257 0.966576
vt 0.486462 0.962731
vt 0.481082 0.970292
vt 0.497139 0.966771
vt 0.487816 0.977329
vt 0.478492 0.987886
vt 0.473075 0.975877
vt 0.519226 0.919953
vt 0.523266 0.930630
vt 0.515705 0.936009
vt 0.508669 0.929276
vt 0.510121 0.944017
vt 0.498111 0.938600
vt 0.463589 0.978182
vt 0.464406 0.987886
vt 0.450321 0.987886
vt 0.454361 0.977209
vt 0.507816 0.953503
vt 0.498111 0.952686
vt 0.508788 0.962731
vt 0.498111 0.966771
vt 0.487435 0.953503
vt 0.485130 0.944017
vt 0.497139 0.938600
vt 0.497139 0.952686
vt 0.479545 0.936009
vt 0.486582 0.929276
vt 0.533312 0.919953
vt 0.532495 0.929657
vt 0.547397 0.919953
vt 0.541981 0.931962
vt 0.556721 0.930510
vt 0.549988 0.937547
vt 0.514168 0.970292
vt 0.522175 0.975877
vt 0.516759 0.987886
vt 0.507435 0.977329
vt 0.531662 0.978182
vt 0.530844 0.987886
vt 0.439763 0.978562
vt 0.446800 0.971829
vt 0.429206 0.969238
vt 0.441215 0.963822
vt 0.429206 0.955153
vt 0.438910 0.954336
vn 0.1119 0.1599 0.9807
vn 0.1546 0.2185 0.9635
vn -0.1400 0.4292 0.8923
vn -0.1949 0.3856 0.9018
vn 0.3044 0.4279 0.8510
vn 0.0000 0.6229 0.7823
vn -0.3044 0.6946 0.6518
vn -0.4006 0.6133 0.6807
vn -0.4448 0.5696 0.6912
vn 0.9035 -0.4286 0.0000
vn 0.9282 -0.3719 0.0000
vn 0.8664 -0.3390 0.3667
vn 0.8399 -0.3838 0.3837
vn 0.9955 -0.0943 0.0000
vn 0.9261 -0.0783 0.3689
vn 0.7410 -0.1047 0.6633
vn 0.6897 -0.2190 0.6901
vn 0.6691 -0.2586 0.6966
vn -0.5576 -0.7884 0.2596
vn -0.3385 -0.4786 0.8101
vn -0.5786 -0.2790 0.7664
vn -0.6562 -0.7020 0.2765
vn -0.0235 -0.0333 0.9991
vn -0.3343 0.1962 0.9218
vn -0.5913 0.3882 0.7069
vn -0.7942 -0.0799 0.6023
vn -0.7488 -0.6101 0.2590
vn -0.3258 -0.9092 -0.2590
vn 0.1892 -0.7755 -0.6023
vn 0.3012 -0.9013 -0.3113
vn -0.3240 -0.9370 -0.1304
vn 0.5630 -0.4282 -0.7069
vn 0.7336 -0.5591 -0.3862
vn 0.7922 -0.6102 0.0000
vn 0.3229 -0.9464 0.0000
vn -0.3457 -0.9383 0.0000
vn 0.6691 -0.2586 -0.6966
vn 0.6897 -0.2190 -0.6901
vn 0.8664 -0.3390 -0.3667
vn 0.8399 -0.3838 -0.3837
vn 0.7410 -0.1047 -0.6633
vn 0.9261 -0.0782 -0.3689
vn -0.3258 -0.9092 0.2590
vn 0.1892 -0.7755 0.6023
vn -0.0703 -0.6385 0.7664
vn -0.4433 -0.8526 0.2765
vn 0.5630 -0.4282 0.7069
vn 0.2964 -0.2498 0.9218
vn -0.5576 -0.7884 -0.2596
vn -0.3385 -0.4786 -0.8101
vn -0.0703 -0.6385 -0.7664
vn -0.4433 -0.8526 -0.2765
vn -0.0235 -0.0333 -0.9991
vn 0.2964 -0.2498 -0.9218
vn -0.9502 -0.0162 0.3113
vn -0.7755 -0.6177 0.1304
vn -0.7715 0.5055 0.3862
vn -0.8393 0.5437 0.0000
vn -0.9999 -0.0107 0.0000
vn -0.7696 -0.6385 0.0000
vn -0.4448 0.5696 -0.6912
vn -0.4006 0.6133 -0.6807
vn -0.1400 0.4292 -0.8923
vn -0.1949 0.3856 -0.9018
vn -0.3044 0.6946 -0.6518
vn 0.0000 0.6229 -0.7823
vn 0.3044 0.4279 -0.8510
vn 0.1546 0.2185 -0.9635
vn 0.1119 0.1599 -0.9807
vn 0.4385 -0.0117 -0.8986
vn 0.4180 -0.0699 -0.9057
vn 0.5807 0.1849 -0.7928
vn 0.3012 -0.9013 0.3113
vn -0.3240 -0.9370 0.1304
vn 0.7336 -0.5591 0.3862
vn -0.6707 0.7417 0.0000
vn -0.6041 0.7969 0.0000
vn -0.5575 0.7480 -0.3601
vn -0.6108 0.6948 -0.3797
vn -0.3630 0.9318 0.0000
vn -0.3294 0.8736 -0.3580
vn -0.5575 0.7480 0.3601
vn -0.6108 0.6948 0.3797
vn -0.3294 0.8736 0.3580
vn -0.7488 -0.6101 -0.2590
vn -0.7942 -0.0799 -0.6023
vn -0.5786 -0.2790 -0.7664
vn -0.6562 -0.7020 -0.2765
vn -0.5913 0.3882 -0.7069
vn -0.3343 0.1962 -0.9218
vn -0.9502 -0.0162 -0.3113
vn -0.7755 -0.6177 -0.1304
vn -0.7715 0.5055 -0.3862
vn -0.5188 -0.8521 0.0684
vn -0.5760 -0.8144 0.0702
vn -0.5774 -0.8164 0.0000
vn -0.5187 -0.8549 0.0000
vn -0.6306 -0.7731 0.0684
vn -0.6333 -0.7739 0.0000
vn -0.5188 -0.8521 -0.0684
vn -0.5760 -0.8144 -0.0702
vn -0.6306 -0.7731 -0.0684
vn 0.8101 0.4112 -0.4178
vn 0.5163 0.7261 -0.4540
vn 0.5786 0.8156 0.0000
vn 0.8912 0.4536 0.0000
vn 0.1419 0.9009 -0.4102
vn 0.1563 0.9877 0.0000
vn 0.8101 0.4112 0.4178
vn 0.5163 0.7261 0.4540
vn 0.5807 0.1849 0.7928
vn 0.1419 0.9009 0.4102
vn 0.4385 -0.0117 0.8986
vn 0.4180 -0.0699 0.9057
vn 0.6253 -0.3358 0.7044
vn 0.3679 -0.1535 0.9171
vn 0.6464 -0.3004 0.7013
vn 0.3904 -0.1184 0.9130
vn 0.0748 0.1060 0.9915
vn 0.0505 0.0715 0.9962
vn -0.5249 0.4777 0.7044
vn -0.6984 0.6007 0.3890
vn -0.4976 0.5107 0.7011
vn -0.6700 0.6334 0.3871
vn -0.7338 0.6793 0.0000
vn -0.7627 0.6467 0.0000
vn -0.6984 0.6007 -0.3890
vn -0.6700 0.6334 -0.3871
vn -0.4976 0.5107 -0.7011
vn -0.5249 0.4777 -0.7044
vn 0.0505 0.0715 -0.9962
vn 0.3679 -0.1535 -0.9171
vn 0.0748 0.1060 -0.9915
vn 0.3904 -0.1184 -0.9130
vn 0.6464 -0.3004 -0.7013
vn 0.6253 -0.3358 -0.7044
vn -0.2673 0.2957 -0.9171
vn -0.2413 0.3294 -0.9128
vn 0.7991 -0.4584 -0.3890
vn 0.8194 -0.4226 -0.3873
vn 0.8839 -0.4676 0.0000
vn 0.8638 -0.5037 0.0000
vn 0.7991 -0.4584 0.3890
vn 0.8194 -0.4226 0.3873
vn -0.2673 0.2957 0.9171
vn -0.2413 0.3294 0.9128
vn 0.6603 -0.2752 0.6987
vn 0.4064 -0.0919 0.9091
vn 0.0939 0.1341 0.9865
vn -0.4720 0.5402 0.6966
vn -0.6421 0.6632 0.3845
vn -0.7048 0.7093 0.0000
vn -0.6421 0.6632 -0.3845
vn -0.4720 0.5402 -0.6966
vn 0.0939 0.1341 -0.9865
vn 0.4064 -0.0919 -0.9091
vn 0.6603 -0.2752 -0.6987
vn -0.2188 0.3584 -0.9075
vn 0.8320 -0.3984 -0.3860
vn 0.8962 -0.4436 0.0000
vn 0.8320 -0.3984 0.3860
vn -0.2188 0.3584 0.9075
vn 0.1892 -0.7942 -0.5773
vn -0.0943 -0.7329 -0.6737
vn 0.1085 -0.4554 -0.8836
vn 0.4147 -0.6117 -0.6737
vn -0.3705 -0.6023 -0.7071
vn -0.1866 -0.3033 -0.9344
vn 0.0000 0.0000 -1.0000
vn 0.3033 -0.1866 -0.9344
vn 0.6023 -0.3705 -0.7071
vn -0.6117 -0.4147 -0.6737
vn -0.4554 -0.1085 -0.8836
vn -0.7942 -0.1892 -0.5773
vn -0.7329 0.0943 -0.6737
vn -0.6023 0.3705 -0.7071
vn -0.3033 0.1866 -0.9344
vn 0.4554 0.1085 -0.8836
vn 0.7329 -0.0943 -0.6737
vn 0.1866 0.3033 -0.9344
vn 0.3705 0.6023 -0.7071
vn 0.6117 0.4147 -0.6737
vn 0.7942 0.1892 -0.5773
vn -0.1085 0.4554 -0.8836
vn -0.4147 0.6117 -0.6737
vn -0.1892 0.7942 -0.5773
vn 0.0943 0.7329 -0.6737
vn -0.9268 -0.2208 -0.3037
vn -0.9261 0.1810 -0.3310
vn -0.9727 -0.2318 0.0000
vn -0.9825 0.1863 0.0000
vn -0.8517 0.5239 0.0000
vn -0.7959 0.4896 -0.3561
vn -0.9268 -0.2208 0.3037
vn -0.9261 0.1810 0.3310
vn -0.7942 -0.1892 0.5773
vn -0.7329 0.0943 0.6737
vn -0.6023 0.3705 0.7071
vn -0.7959 0.4896 0.3561
vn -0.5792 0.7449 -0.3310
vn -0.6093 0.7929 0.0000
vn -0.2318 0.9727 0.0000
vn -0.2208 0.9268 -0.3037
vn -0.5792 0.7449 0.3310
vn -0.4147 0.6117 0.6737
vn -0.1892 0.7942 0.5773
vn -0.2208 0.9268 0.3037
vn -0.6117 -0.4147 0.6737
vn -0.4554 -0.1085 0.8836
vn -0.3705 -0.6023 0.7071
vn -0.1866 -0.3033 0.9344
vn 0.0000 0.0000 1.0000
vn -0.3033 0.1866 0.9344
vn -0.0943 -0.7329 0.6737
vn 0.1085 -0.4554 0.8836
vn 0.1892 -0.7942 0.5773
vn 0.4147 -0.6117 0.6737
vn 0.6023 -0.3705 0.7071
vn 0.3033 -0.1866 0.9344
vn -0.1085 0.4554 0.8836
vn 0.1866 0.3033 0.9344
vn 0.3705 0.6023 0.7071
vn 0.0943 0.7329 0.6737
vn 0.4554 0.1085 0.8836
vn 0.7329 -0.0943 0.6737
vn 0.7942 0.1892 0.5773
vn 0.6117 0.4147 0.6737
vn 0.2208 -0.9268 0.3037
vn 0.5792 -0.7449 0.3310
vn 0.2318 -0.9727 0.0000
vn 0.6093 -0.7929 0.0000
vn 0.8517 -0.5239 0.0000
vn 0.7959 -0.4896 0.3561
vn 0.2208 -0.9268 -0.3037
vn 0.5792 -0.7449 -0.3310
vn 0.7959 -0.4896 -0.3561
vn 0.9261 -0.1810 0.3310
vn 0.9825 -0.1863 0.0000
vn 0.9727 0.2318 0.0000
vn 0.9268 0.2208 0.3037
vn 0.9261 -0.1810 -0.3310
vn 0.9268 0.2208 -0.3037
vn -0.1810 -0.9261 0.3310
vn -0.4896 -0.7959 0.3561
vn -0.5239 -0.8517 0.0000
vn -0.1863 -0.9825 0.0000
vn -0.7449 -0.5792 0.3310
vn -0.7929 -0.6093 0.0000
vn -0.1810 -0.9261 -0.3310
vn -0.4896 -0.7959 -0.3561
vn -0.7449 -0.5792 -0.3310
vn 0.7449 0.5792 -0.3310
vn 0.4896 0.7959 -0.3561
vn 0.5239 0.8517 0.0000
vn 0.7929 0.6093 0.0000
vn 0.1810 0.9261 -0.3310
vn 0.1863 0.9825 0.0000
vn 0.7449 0.5792 0.3310
vn 0.4896 0.7959 0.3561
vn 0.1810 0.9261 0.3310
usemtl JJ
s 1
f 1274/1370/1232 1299/1371/1233 1356/1372/1234 1355/1373/1235
f 1299/1371/1233 1258/1374/1236 1312/1375/1237 1356/1372/1234
f 1356/1372/1234 1312/1375/1237 1259/1376/1238 1300/1377/1239
f 1355/1373/1235 1356/1372/1234 1300/1377/1239 1275/1378/1240
f 1271/1379/1241 1295/1380/1242 1357/1381/1243 1354/1382/1244
f 1295/1380/1242 1254/1383/1245 1319/1384/1246 1357/1381/1243
f 1357/1381/1243 1319/1384/1246 1257/1385/1247 1298/1386/1248
f 1354/1382/1244 1357/1381/1243 1298/1386/1248 1273/1387/1249
f 1243/1388/1250 1278/1389/1251 1358/1390/1252 1284/1391/1253
f 1278/1389/1251 1237/1392/1254 1301/1393/1255 1358/1390/1252
f 1358/1390/1252 1301/1393/1255 1236/1394/1256 1277/1395/1257
f 1284/1391/1253 1358/1390/1252 1277/1395/1257 1242/1396/1258
f 1234/1397/1259 1290/1398/1260 1359/1399/1261 1313/1400/1262
f 1290/1398/1260 1249/1401/1263 1305/1402/1264 1359/1399/1261
f 1359/1399/1261 1305/1402/1264 1244/1403/1265 1285/1404/1266
f 1313/1400/1262 1359/1399/1261 1285/1404/1266 1247/1405/1267
f 1268/1406/1268 1292/1407/1269 1360/1408/1270 1353/1409/1271
f 1292/1407/1269 1251/1410/1272 1321/1411/1273 1360/1408/1270
f 1360/1408/1270 1321/1411/1273 1254/1412/1245 1295/1413/1242
f 1353/1409/1271 1360/1408/1270 1295/1413/1242 1271/1414/1241
f 1246/1415/1274 1281/1416/1275 1361/1417/1276 1287/1418/1277
f 1281/1416/1275 1240/1419/1278 1320/1420/1279 1361/1417/1276
f 1361/1417/1276 1320/1420/1279 1237/1392/1254 1278/1389/1251
f 1287/1418/1277 1361/1417/1276 1278/1389/1251 1243/1388/1250
f 1235/1421/1280 1289/1422/1281 1362/1423/1282 1276/1424/1283
f 1289/1422/1281 1248/1425/1284 1311/1426/1285 1362/1423/1282
f 1362/1423/1282 1311/1426/1285 1249/1401/1263 1290/1398/1260
f 1276/1424/1283 1362/1423/1282 1290/1398/1260 1234/1397/1259
f 1242/1396/1258 1277/1395/1257 1363/1427/1286 1283/1428/1287
f 1277/1395/1257 1236/1394/1256 1316/1429/1288 1363/1427/1286
f 1363/1427/1286 1316/1429/1288 1241/1430/1289 1282/1431/1290
f 1283/1428/1287 1363/1427/1286 1282/1431/1290 1239/1432/1291
f 1270/1433/1292 1294/1434/1293 1364/1435/1294 1352/1436/1295
f 1294/1434/1293 1253/1437/1296 1322/1438/1297 1364/1435/1294
f 1364/1435/1294 1322/1438/1297 1252/1439/1298 1293/1440/1299
f 1352/1436/1295 1364/1435/1294 1293/1440/1299 1269/1441/1300
f 1269/1441/1300 1293/1440/1299 1365/1442/1301 1351/1443/1302
f 1293/1440/1299 1252/1439/1298 1318/1444/1303 1365/1442/1301
f 1365/1442/1301 1318/1444/1303 1251/1410/1272 1292/1407/1269
f 1351/1443/1302 1365/1442/1301 1292/1407/1269 1268/1406/1268
f 1247/1405/1267 1285/1404/1266 1366/1445/1304 1288/1446/1305
f 1285/1404/1266 1244/1403/1265 1302/1447/1306 1366/1445/1304
f 1366/1445/1304 1302/1447/1306 1240/1419/1278 1281/1416/1275
f 1288/1446/1305 1366/1445/1304 1281/1416/1275 1246/1415/1274
f 1272/1448/1307 1297/1449/1308 1367/1450/1309 1350/1451/1310
f 1297/1449/1308 1256/1452/1311 1304/1453/1312 1367/1450/1309
f 1367/1450/1309 1304/1453/1312 1253/1437/1296 1294/1434/1293
f 1350/1451/1310 1367/1450/1309 1294/1434/1293 1270/1433/1292
f 1275/1378/1240 1300/1377/1239 1368/1454/1313 1349/1455/1314
f 1300/1377/1239 1259/1376/1238 1306/1456/1315 1368/1454/1313
f 1368/1454/1313 1306/1456/1315 1256/1457/1311 1297/1458/1308
f 1349/1455/1314 1368/1454/1313 1297/1458/1308 1272/1459/1307
f 1238/1460/1316 1286/1461/1317 1369/1462/1318 1279/1463/1319
f 1286/1461/1317 1245/1464/1320 1308/1465/1321 1369/1462/1318
f 1369/1462/1318 1308/1465/1321 1248/1425/1284 1289/1422/1281
f 1279/1463/1319 1369/1462/1318 1289/1422/1281 1235/1421/1280
f 1239/1432/1291 1282/1431/1290 1370/1466/1322 1280/1467/1323
f 1282/1431/1290 1241/1430/1289 1314/1468/1324 1370/1466/1322
f 1370/1466/1322 1314/1468/1324 1245/1464/1320 1286/1461/1317
f 1280/1467/1323 1370/1466/1322 1286/1461/1317 1238/1460/1316
f 1246/1415/1274 1287/1418/1277 1371/1469/1325 1288/1446/1305
f 1287/1418/1277 1243/1388/1250 1291/1470/1326 1371/1469/1325
f 1371/1469/1325 1291/1470/1326 1250/1471/1327 1310/1472/1328
f 1288/1446/1305 1371/1469/1325 1310/1472/1328 1247/1405/1267
f 1243/1388/1250 1284/1391/1253 1372/1473/1329 1291/1470/1326
f 1284/1391/1253 1242/1396/1258 1283/1428/1287 1372/1473/1329
f 1372/1473/1329 1283/1428/1287 1239/1432/1291 1323/1474/1330
f 1291/1470/1326 1372/1473/1329 1323/1474/1330 1250/1471/1327
f 1247/1405/1267 1310/1472/1328 1373/1475/1331 1313/1400/1262
f 1310/1472/1328 1250/1471/1327 1315/1476/1332 1373/1475/1331
f 1373/1475/1331 1315/1476/1332 1235/1421/1280 1276/1424/1283
f 1313/1400/1262 1373/1475/1331 1276/1424/1283 1234/1397/1259
f 1250/1471/1327 1323/1474/1330 1374/1477/1333 1315/1476/1332
f 1323/1474/1330 1239/1432/1291 1280/1467/1323 1374/1477/1333
f 1374/1477/1333 1280/1467/1323 1238/1460/1316 1279/1463/1319
f 1315/1476/1332 1374/1477/1333 1279/1463/1319 1235/1421/1280
f 1251/1410/1272 1318/1444/1303 1375/1478/1334 1321/1411/1273
f 1318/1444/1303 1252/1439/1298 1296/1479/1335 1375/1478/1334
f 1375/1478/1334 1296/1479/1335 1255/1480/1336 1309/1481/1337
f 1321/1411/1273 1375/1478/1334 1309/1481/1337 1254/1412/1245
f 1252/1439/1298 1322/1438/1297 1376/1482/1338 1296/1479/1335
f 1322/1438/1297 1253/1437/1296 1304/1453/1312 1376/1482/1338
f 1376/1482/1338 1304/1453/1312 1256/1452/1311 1317/1483/1339
f 1296/1479/1335 1376/1482/1338 1317/1483/1339 1255/1480/1336
f 1254/1383/1245 1309/1484/1337 1377/1485/1340 1319/1384/1246
f 1309/1484/1337 1255/1486/1336 1303/1487/1341 1377/1485/1340
f 1377/1485/1340 1303/1487/1341 1258/1374/1236 1307/1488/1342
f 1319/1384/1246 1377/1485/1340 1307/1488/1342 1257/1385/1247
f 1255/1486/1336 1317/1489/1339 1378/1490/1343 1303/1487/1341
f 1317/1489/1339 1256/1457/1311 1306/1456/1315 1378/1490/1343
f 1378/1490/1343 1306/1456/1315 1259/1376/1238 1312/1375/1237
f 1303/1487/1341 1378/1490/1343 1312/1375/1237 1258/1374/1236
f 1273/1387/1249 1298/1386/1248 1379/1491/1344 1348/1492/1345
f 1298/1386/1248 1257/1385/1247 1307/1488/1342 1379/1491/1344
f 1379/1491/1344 1307/1488/1342 1258/1374/1236 1299/1371/1233
f 1348/1492/1345 1379/1491/1344 1299/1371/1233 1274/1370/1232
f 1240/1493/1278 1329/1494/1346 1380/1495/1347 1320/1496/1279
f 1329/1494/1346 1265/1497/1348 1332/1498/1349 1380/1495/1347
f 1380/1495/1347 1332/1498/1349 1266/1499/1350 1330/1500/1351
f 1320/1496/1279 1380/1495/1347 1330/1500/1351 1237/1501/1254
f 1236/1502/1256 1331/1503/1352 1381/1504/1353 1316/1505/1288
f 1331/1503/1352 1267/1506/1354 1333/1507/1355 1381/1504/1353
f 1381/1504/1353 1333/1507/1355 1264/1508/1356 1328/1509/1357
f 1316/1505/1288 1381/1504/1353 1328/1509/1357 1241/1510/1289
f 1241/1511/1289 1328/1512/1357 1382/1513/1358 1314/1514/1324
f 1328/1512/1357 1264/1515/1356 1334/1516/1359 1382/1513/1358
f 1382/1513/1358 1334/1516/1359 1262/1517/1360 1326/1518/1361
f 1314/1514/1324 1382/1513/1358 1326/1518/1361 1245/1519/1320
f 1248/1520/1284 1325/1521/1362 1383/1522/1363 1311/1523/1285
f 1325/1521/1362 1261/1524/1364 1335/1525/1365 1383/1522/1363
f 1383/1522/1363 1335/1525/1365 1260/1526/1366 1324/1527/1367
f 1311/1523/1285 1383/1522/1363 1324/1527/1367 1249/1528/1263
f 1245/1519/1320 1326/1518/1361 1384/1529/1368 1308/1530/1321
f 1326/1518/1361 1262/1517/1360 1336/1531/1369 1384/1529/1368
f 1384/1529/1368 1336/1531/1369 1261/1524/1364 1325/1521/1362
f 1308/1530/1321 1384/1529/1368 1325/1521/1362 1248/1520/1284
f 1249/1528/1263 1324/1527/1367 1385/1532/1370 1305/1533/1264
f 1324/1527/1367 1260/1526/1366 1337/1534/1371 1385/1532/1370
f 1385/1532/1370 1337/1534/1371 1263/1535/1372 1327/1536/1373
f 1305/1533/1264 1385/1532/1370 1327/1536/1373 1244/1537/1265
f 1244/1538/1265 1327/1539/1373 1386/1540/1374 1302/1541/1306
f 1327/1539/1373 1263/1542/1372 1338/1543/1375 1386/1540/1374
f 1386/1540/1374 1338/1543/1375 1265/1497/1348 1329/1494/1346
f 1302/1541/1306 1386/1540/1374 1329/1494/1346 1240/1493/1278
f 1237/1501/1254 1330/1500/1351 1387/1544/1376 1301/1545/1255
f 1330/1500/1351 1266/1499/1350 1339/1546/1377 1387/1544/1376
f 1387/1544/1376 1339/1546/1377 1267/1506/1354 1331/1503/1352
f 1301/1545/1255 1387/1544/1376 1331/1503/1352 1236/1502/1256
f 1265/1497/1348 1345/1547/1378 1388/1548/1379 1332/1498/1349
f 1345/1547/1378 1273/1387/1249 1348/1492/1345 1388/1548/1379
f 1388/1548/1379 1348/1492/1345 1274/1370/1232 1346/1549/1380
f 1332/1498/1349 1388/1548/1379 1346/1549/1380 1266/1499/1350
f 1267/1506/1354 1347/1550/1381 1389/1551/1382 1333/1507/1355
f 1347/1550/1381 1275/1378/1240 1349/1455/1314 1389/1551/1382
f 1389/1551/1382 1349/1455/1314 1272/1459/1307 1344/1552/1383
f 1333/1507/1355 1389/1551/1382 1344/1552/1383 1264/1508/1356
f 1264/1515/1356 1344/1553/1383 1390/1554/1384 1334/1516/1359
f 1344/1553/1383 1272/1448/1307 1350/1451/1310 1390/1554/1384
f 1390/1554/1384 1350/1451/1310 1270/1433/1292 1342/1555/1385
f 1334/1516/1359 1390/1554/1384 1342/1555/1385 1262/1517/1360
f 1261/1524/1364 1341/1556/1386 1391/1557/1387 1335/1525/1365
f 1341/1556/1386 1269/1441/1300 1351/1443/1302 1391/1557/1387
f 1391/1557/1387 1351/1443/1302 1268/1406/1268 1340/1558/1388
f 1335/1525/1365 1391/1557/1387 1340/1558/1388 1260/1526/1366
f 1262/1517/1360 1342/1555/1385 1392/1559/1389 1336/1531/1369
f 1342/1555/1385 1270/1433/1292 1352/1436/1295 1392/1559/1389
f 1392/1559/1389 1352/1436/1295 1269/1441/1300 1341/1556/1386
f 1336/1531/1369 1392/1559/1389 1341/1556/1386 1261/1524/1364
f 1260/1526/1366 1340/1558/1388 1393/1560/1390 1337/1534/1371
f 1340/1558/1388 1268/1406/1268 1353/1409/1271 1393/1560/1390
f 1393/1560/1390 1353/1409/1271 1271/1414/1241 1343/1561/1391
f 1337/1534/1371 1393/1560/1390 1343/1561/1391 1263/1535/1372
f 1263/1542/1372 1343/1562/1391 1394/1563/1392 1338/1543/1375
f 1343/1562/1391 1271/1379/1241 1354/1382/1244 1394/1563/1392
f 1394/1563/1392 1354/1382/1244 1273/1387/1249 1345/1547/1378
f 1338/1543/1375 1394/1563/1392 1345/1547/1378 1265/1497/1348
f 1266/1499/1350 1346/1549/1380 1395/1564/1393 1339/1546/1377
f 1346/1549/1380 1274/1370/1232 1355/1373/1235 1395/1564/1393
f 1395/1564/1393 1355/1373/1235 1275/1378/1240 1347/1550/1381
f 1339/1546/1377 1395/1564/1393 1347/1550/1381 1267/1506/1354
f 1396/1565/1394 1422/1566/1395 1470/1567/1396 1423/1568/1397
f 1422/1566/1395 1397/1569/1398 1424/1570/1399 1470/1567/1396
f 1470/1567/1396 1424/1570/1399 1399/1571/1400 1448/1572/1401
f 1423/1568/1397 1470/1567/1396 1448/1572/1401 1398/1573/1402
f 1397/1569/1398 1425/1574/1403 1471/1575/1404 1424/1570/1399
f 1425/1574/1403 1400/1576/1405 1427/1577/1406 1471/1575/1404
f 1471/1575/1404 1427/1577/1406 1402/1578/1407 1454/1579/1408
f 1424/1570/1399 1471/1575/1404 1454/1579/1408 1399/1571/1400
f 1398/1573/1402 1448/1572/1401 1472/1580/1409 1438/1581/1410
f 1448/1572/1401 1399/1571/1400 1439/1582/1411 1472/1580/1409
f 1472/1580/1409 1439/1582/1411 1414/1583/1412 1464/1584/1413
f 1438/1581/1410 1472/1580/1409 1464/1584/1413 1413/1585/1414
f 1399/1571/1400 1454/1579/1408 1473/1586/1415 1439/1582/1411
f 1454/1579/1408 1402/1578/1407 1440/1587/1416 1473/1586/1415
f 1473/1586/1415 1440/1587/1416 1415/1588/1417 1468/1589/1418
f 1439/1582/1411 1473/1586/1415 1468/1589/1418 1414/1583/1412
f 1400/1576/1405 1426/1590/1419 1474/1591/1420 1427/1577/1406
f 1426/1590/1419 1401/1592/1421 1428/1593/1422 1474/1591/1420
f 1474/1591/1420 1428/1593/1422 1403/1594/1423 1460/1595/1424
f 1427/1577/1406 1474/1591/1420 1460/1595/1424 1402/1578/1407
f 1401/1596/1421 1429/1597/1425 1475/1598/1426 1428/1599/1422
f 1429/1597/1425 1404/1600/1427 1431/1601/1428 1475/1598/1426
f 1475/1598/1426 1431/1601/1428 1406/1602/1429 1466/1603/1430
f 1428/1599/1422 1475/1598/1426 1466/1603/1430 1403/1604/1423
f 1402/1578/1407 1460/1595/1424 1476/1605/1431 1440/1587/1416
f 1460/1595/1424 1403/1594/1423 1443/1606/1432 1476/1605/1431
f 1476/1605/1431 1443/1606/1432 1418/1607/1433 1450/1608/1434
f 1440/1587/1416 1476/1605/1431 1450/1608/1434 1415/1588/1417
f 1403/1604/1423 1466/1603/1430 1477/1609/1435 1443/1610/1432
f 1466/1603/1430 1406/1602/1429 1446/1611/1436 1477/1609/1435
f 1477/1609/1435 1446/1611/1436 1421/1612/1437 1452/1613/1438
f 1443/1610/1432 1477/1609/1435 1452/1613/1438 1418/1614/1433
f 1404/1600/1427 1430/1615/1439 1478/1616/1440 1431/1601/1428
f 1430/1615/1439 1405/1617/1441 1432/1618/1442 1478/1616/1440
f 1478/1616/1440 1432/1618/1442 1407/1619/1443 1451/1620/1444
f 1431/1601/1428 1478/1616/1440 1451/1620/1444 1406/1602/1429
f 1405/1617/1441 1433/1621/1445 1479/1622/1446 1432/1618/1442
f 1433/1621/1445 1408/1623/1447 1435/1624/1448 1479/1622/1446
f 1479/1622/1446 1435/1624/1448 1410/1625/1449 1447/1626/1450
f 1432/1618/1442 1479/1622/1446 1447/1626/1450 1407/1619/1443
f 1406/1602/1429 1451/1620/1444 1480/1627/1451 1446/1611/1436
f 1451/1620/1444 1407/1619/1443 1445/1628/1452 1480/1627/1451
f 1480/1627/1451 1445/1628/1452 1420/1629/1453 1458/1630/1454
f 1446/1611/1436 1480/1627/1451 1458/1630/1454 1421/1612/1437
f 1407/1619/1443 1447/1626/1450 1481/1631/1455 1445/1628/1452
f 1447/1626/1450 1410/1625/1449 1444/1632/1456 1481/1631/1455
f 1481/1631/1455 1444/1632/1456 1419/1633/1457 1453/1634/1458
f 1445/1628/1452 1481/1631/1455 1453/1634/1458 1420/1629/1453
f 1408/1623/1447 1434/1635/1459 1482/1636/1460 1435/1624/1448
f 1434/1635/1459 1409/1637/1461 1436/1638/1462 1482/1636/1460
f 1482/1636/1460 1436/1638/1462 1411/1639/1463 1457/1640/1464
f 1435/1624/1448 1482/1636/1460 1457/1640/1464 1410/1625/1449
f 1409/1641/1461 1459/1642/1465 1483/1643/1466 1436/1644/1462
f 1459/1642/1465 1396/1565/1394 1423/1568/1397 1483/1643/1466
f 1483/1643/1466 1423/1568/1397 1398/1573/1402 1462/1645/1467
f 1436/1644/1462 1483/1643/1466 1462/1645/1467 1411/1646/1463
f 1410/1625/1449 1457/1640/1464 1484/1647/1468 1444/1632/1456
f 1457/1640/1464 1411/1639/1463 1441/1648/1469 1484/1647/1468
f 1484/1647/1468 1441/1648/1469 1416/1649/1470 1465/1650/1471
f 1444/1632/1456 1484/1647/1468 1465/1650/1471 1419/1633/1457
f 1411/1646/1463 1462/1645/1467 1485/1651/1472 1441/1652/1469
f 1462/1645/1467 1398/1573/1402 1438/1581/1410 1485/1651/1472
f 1485/1651/1472 1438/1581/1410 1413/1585/1414 1467/1653/1473
f 1441/1652/1469 1485/1651/1472 1467/1653/1473 1416/1654/1470
f 1408/1623/1447 1433/1621/1445 1486/1655/1474 1434/1635/1459
f 1433/1621/1445 1405/1617/1441 1437/1656/1475 1486/1655/1474
f 1486/1655/1474 1437/1656/1475 1412/1657/1476 1456/1658/1477
f 1434/1635/1459 1486/1655/1474 1456/1658/1477 1409/1637/1461
f 1405/1617/1441 1430/1615/1439 1487/1659/1478 1437/1656/1475
f 1430/1615/1439 1404/1600/1427 1429/1597/1425 1487/1659/1478
f 1487/1659/1478 1429/1597/1425 1401/1596/1421 1469/1660/1479
f 1437/1656/1475 1487/1659/1478 1469/1660/1479 1412/1657/1476
f 1409/1641/1461 1456/1661/1477 1488/1662/1480 1459/1642/1465
f 1456/1661/1477 1412/1663/1476 1461/1664/1481 1488/1662/1480
f 1488/1662/1480 1461/1664/1481 1397/1569/1398 1422/1566/1395
f 1459/1642/1465 1488/1662/1480 1422/1566/1395 1396/1565/1394
f 1412/1663/1476 1469/1665/1479 1489/1666/1482 1461/1664/1481
f 1469/1665/1479 1401/1592/1421 1426/1590/1419 1489/1666/1482
f 1489/1666/1482 1426/1590/1419 1400/1576/1405 1425/1574/1403
f 1461/1664/1481 1489/1666/1482 1425/1574/1403 1397/1569/1398
f 1413/1585/1414 1464/1584/1413 1490/1667/1483 1467/1653/1473
f 1464/1584/1413 1414/1583/1412 1442/1668/1484 1490/1667/1483
f 1490/1667/1483 1442/1668/1484 1417/1669/1485 1455/1670/1486
f 1467/1653/1473 1490/1667/1483 1455/1670/1486 1416/1654/1470
f 1414/1583/1412 1468/1589/1418 1491/1671/1487 1442/1668/1484
f 1468/1589/1418 1415/1588/1417 1450/1608/1434 1491/1671/1487
f 1491/1671/1487 1450/1608/1434 1418/1607/1433 1463/1672/1488
f 1442/1668/1484 1491/1671/1487 1463/1672/1488 1417/1669/1485
f 1416/1649/1470 1455/1673/1486 1492/1674/1489 1465/1650/1471
f 1455/1673/1486 1417/1675/1485 1449/1676/1490 1492/1674/1489
f 1492/1674/1489 1449/1676/1490 1420/1629/1453 1453/1634/1458
f 1465/1650/1471 1492/1674/1489 1453/1634/1458 1419/1633/1457
f 1417/1675/1485 1463/1677/1488 1493/1678/1491 1449/1676/1490
f 1463/1677/1488 1418/1614/1433 1452/1613/1438 1493/1678/1491
f 1493/1678/1491 1452/1613/1438 1421/1612/1437 1458/1630/1454
f 1449/1676/1490 1493/1678/1491 1458/1630/1454 1420/1629/1453
o Left_Arm.001_Roundcube.050
v 0.341194 0.349906 -0.057368
v 0.389014 0.367549 -0.067395
v 0.306471 0.387219 -0.067395
v 0.357577 0.418655 -0.090658
v 0.426327 0.402273 -0.057368
v 0.440120 0.398986 -0.007394
v 0.408684 0.450092 -0.067395
v 0.428498 0.462281 -0.007394
v 0.426327 0.402273 0.042581
v 0.389014 0.367549 0.052607
v 0.408684 0.450092 0.052607
v 0.357577 0.418655 0.075871
v 0.341194 0.349906 0.042581
v 0.337907 0.336112 -0.007394
v 0.306471 0.387219 0.052607
v 0.286656 0.375030 -0.007394
v 0.401202 0.347734 -0.007394
v 0.288827 0.435038 -0.057368
v 0.326140 0.469762 -0.067395
v 0.373960 0.487405 -0.057368
v 0.275034 0.438325 -0.007394
v 0.313952 0.489577 -0.007394
v 0.377247 0.501199 -0.007394
v 0.288827 0.435038 0.042581
v 0.326140 0.469762 0.052607
v 0.373960 0.487405 0.042581
v 0.361888 0.354566 -0.064241
v 0.324826 0.363397 -0.064241
v 0.374705 0.390811 -0.084733
v 0.412835 0.385905 -0.064241
v 0.435782 0.400020 -0.037301
v 0.421667 0.422966 -0.064241
v 0.440580 0.431332 -0.007394
v 0.435782 0.400020 0.022513
v 0.412835 0.385905 0.049454
v 0.421667 0.422966 0.049454
v 0.374705 0.390811 0.069946
v 0.361888 0.354566 0.049454
v 0.338941 0.340451 0.022513
v 0.324826 0.363397 0.049454
v 0.308830 0.350290 -0.007394
v 0.398098 0.352781 0.025297
v 0.293487 0.414345 -0.064241
v 0.340449 0.446500 -0.084733
v 0.390328 0.473914 -0.064241
v 0.274575 0.405979 -0.007394
v 0.317056 0.484530 -0.040084
v 0.406324 0.487021 -0.007394
v 0.293487 0.414345 0.049454
v 0.340449 0.446500 0.069946
v 0.390328 0.473914 0.049454
v 0.329733 0.401528 0.069946
v 0.329733 0.401528 -0.084733
v 0.317056 0.484530 0.025297
v 0.376213 0.496860 -0.037301
v 0.385422 0.435783 0.069946
v 0.376213 0.496861 0.022513
v 0.302319 0.451406 0.049454
v 0.385422 0.435783 -0.084733
v 0.289211 0.467402 -0.007394
v 0.370254 0.335653 -0.007394
v 0.291702 0.378134 0.025297
v 0.353266 0.482745 0.049454
v 0.338941 0.340451 -0.037301
v 0.423452 0.459177 -0.040084
v 0.398098 0.352781 -0.040084
v 0.291702 0.378134 -0.040084
v 0.344900 0.501658 -0.007394
v 0.302319 0.451406 -0.064241
v 0.279372 0.437291 0.022513
v 0.423452 0.459177 0.025297
v 0.279372 0.437291 -0.037301
v 0.353266 0.482745 -0.064241
v 0.425943 0.369909 -0.007394
v 0.347270 0.375401 -0.079604
v 0.400831 0.408348 -0.079604
v 0.314323 0.428963 -0.079604
v 0.367884 0.461910 -0.079604
v 0.435556 0.429709 -0.038836
v 0.435556 0.429708 0.024048
v 0.402609 0.483270 -0.038836
v 0.402609 0.483270 0.024048
v 0.400831 0.408348 0.064817
v 0.347270 0.375401 0.064817
v 0.367884 0.461910 0.064817
v 0.314323 0.428963 0.064817
v 0.312545 0.354041 0.024048
v 0.312545 0.354041 -0.038836
v 0.279598 0.407602 0.024048
v 0.279598 0.407602 -0.038836
v 0.368630 0.340676 0.024048
v 0.422192 0.373623 0.024048
v 0.368630 0.340676 -0.038836
v 0.422192 0.373623 -0.038836
v 0.292962 0.463688 -0.038836
v 0.346524 0.496635 -0.038836
v 0.292962 0.463688 0.024048
v 0.346524 0.496635 0.024048
v 0.296891 0.399246 -0.074104
v 0.349771 0.434679 -0.091563
v 0.392970 0.494711 0.059463
v 0.335874 0.454328 0.089218
v 0.400796 0.472735 -0.074104
v 0.415978 0.481505 -0.010470
v 0.278777 0.413946 0.059463
v 0.417263 0.511892 -0.010470
v 0.400796 0.472735 0.053163
v 0.349771 0.434679 0.070622
v 0.254485 0.396765 -0.010470
v 0.392970 0.494711 -0.080404
v 0.296891 0.399246 0.053163
v 0.283564 0.387854 -0.010470
v 0.335874 0.454328 -0.110159
v 0.278777 0.413946 -0.080404
v 0.352906 0.430247 -0.010470
v 0.131292 0.675548 -0.044976
v 0.152413 0.704523 -0.052956
v 0.187636 0.715397 -0.044976
v 0.117726 0.679990 -0.010470
v 0.137915 0.723180 -0.010470
v 0.187100 0.729055 -0.010470
v 0.131292 0.675548 0.024035
v 0.152413 0.704523 0.032016
v 0.187636 0.715397 0.024035
v 0.233707 0.487249 -0.074873
v 0.286288 0.524438 -0.102275
v 0.338868 0.561627 -0.074873
v 0.211335 0.471427 -0.010470
v 0.361240 0.577449 -0.010470
v 0.233707 0.487249 0.053932
v 0.286288 0.524438 0.081334
v 0.338868 0.561627 0.053932
v 0.177381 0.588403 -0.061388
v 0.218951 0.617804 -0.083051
v 0.260522 0.647206 -0.061388
v 0.159694 0.575894 -0.010470
v 0.278209 0.659715 -0.010470
v 0.177381 0.588403 0.040447
v 0.218951 0.617804 0.062110
v 0.260522 0.647206 0.040447
v 0.318216 0.412950 -0.085694
v 0.402003 0.479693 0.058166
v 0.346075 0.439905 0.086455
v 0.380771 0.457193 -0.085694
v 0.410908 0.478508 -0.048781
v 0.289928 0.400426 0.058166
v 0.425208 0.495874 -0.010470
v 0.410908 0.478508 0.027840
v 0.380771 0.457193 0.064753
v 0.266941 0.383937 -0.010470
v 0.402003 0.479693 -0.079107
v 0.318216 0.412950 0.064753
v 0.288079 0.391635 0.027840
v 0.346075 0.439905 -0.107396
v 0.289928 0.400426 -0.079107
v 0.351965 0.431577 0.035709
v 0.148257 0.641474 -0.052463
v 0.181631 0.666891 -0.069611
v 0.216826 0.689971 -0.052463
v 0.133347 0.632741 -0.010470
v 0.139896 0.720609 -0.032727
v 0.229915 0.701041 -0.010470
v 0.148257 0.641474 0.031523
v 0.181631 0.666891 0.048670
v 0.216826 0.689971 0.031523
v 0.366635 0.476085 0.081275
v 0.260970 0.401351 0.027207
v 0.139896 0.720609 0.011786
v 0.186002 0.725797 -0.030419
v 0.260970 0.401351 -0.048148
v 0.186002 0.725798 0.009478
v 0.137370 0.691402 0.029147
v 0.366635 0.476085 -0.102216
v 0.121726 0.707757 -0.010470
v 0.314263 0.404911 -0.010470
v 0.305112 0.432572 -0.102216
v 0.169944 0.714440 0.029147
v 0.288079 0.391635 -0.048781
v 0.410778 0.507306 -0.048148
v 0.351965 0.431577 -0.056650
v 0.410778 0.507306 0.027207
v 0.158067 0.733460 -0.010470
v 0.137370 0.691402 -0.050088
v 0.121312 0.680044 0.009478
v 0.305112 0.432572 0.081275
v 0.121312 0.680044 -0.030419
v 0.169944 0.714440 -0.050088
v 0.389668 0.458243 -0.010470
v 0.259114 0.444605 -0.078755
v 0.314863 0.484035 -0.107808
v 0.370613 0.523465 -0.078755
v 0.235394 0.427829 -0.010470
v 0.394333 0.540241 -0.010470
v 0.259114 0.444605 0.057814
v 0.314863 0.484035 0.086867
v 0.370613 0.523465 0.057814
v 0.257959 0.504402 0.074019
v 0.355268 0.573226 0.024228
v 0.355268 0.573225 -0.045168
v 0.257959 0.504402 -0.094960
v 0.314616 0.544474 -0.094960
v 0.217307 0.475651 -0.045168
v 0.217307 0.475651 0.024228
v 0.314616 0.544474 0.074019
v 0.206465 0.535655 -0.069030
v 0.254276 0.569469 -0.093946
v 0.302086 0.603284 -0.069030
v 0.186123 0.521268 -0.010470
v 0.322428 0.617671 -0.010470
v 0.206465 0.535655 0.048090
v 0.254276 0.569470 0.073005
v 0.302086 0.603284 0.048090
v 0.196554 0.601964 0.056327
v 0.273487 0.656376 0.016962
v 0.273487 0.656376 -0.037903
v 0.196554 0.601964 -0.077268
v 0.241348 0.633645 -0.077268
v 0.164415 0.579233 -0.037903
v 0.164415 0.579233 0.016962
v 0.241348 0.633645 0.056327
v 0.200482 0.679763 0.044062
v 0.137340 0.635105 0.012336
v 0.376644 0.461608 0.078846
v 0.273115 0.388385 -0.047961
v 0.137340 0.635105 -0.033276
v 0.315428 0.418312 0.078846
v 0.315428 0.418312 -0.099787
v 0.418957 0.491535 0.027020
v 0.200482 0.679763 -0.065003
v 0.163243 0.653425 -0.065003
v 0.273115 0.388385 0.027020
v 0.226384 0.698083 -0.033276
v 0.226384 0.698083 0.012336
v 0.376644 0.461608 -0.099787
v 0.418957 0.491535 -0.047961
v 0.316023 0.407646 0.032692
v 0.386502 0.457494 0.032692
v 0.316023 0.407646 -0.053633
v 0.386502 0.457494 -0.053633
v 0.124608 0.706104 -0.031456
v 0.158875 0.730340 -0.031456
v 0.124608 0.706104 0.010515
v 0.158875 0.730340 0.010515
v 0.163243 0.653425 0.044062
v 0.284827 0.462791 0.079111
v 0.388001 0.535763 0.026319
v 0.388001 0.535763 -0.047260
v 0.284827 0.462791 -0.100052
v 0.344899 0.505278 -0.100052
v 0.241726 0.432307 -0.047260
v 0.241726 0.432307 0.026319
v 0.344900 0.505278 0.079111
v 0.228517 0.551251 0.066354
v 0.316998 0.613831 0.021080
v 0.316998 0.613831 -0.042021
v 0.228517 0.551251 -0.087295
v 0.280034 0.587688 -0.087295
v 0.191554 0.525108 -0.042021
v 0.191554 0.525108 0.021080
v 0.280034 0.587688 0.066354
vt 0.932599 0.385026
vt 0.937273 0.381668
vt 0.940684 0.388086
vt 0.933880 0.390638
vt 0.943833 0.378064
vt 0.947026 0.385144
vt 0.949930 0.391584
vt 0.943490 0.394489
vt 0.936411 0.397681
vt 0.946432 0.400830
vt 0.940015 0.404241
vt 0.952835 0.398024
vt 0.956028 0.405104
vt 0.948984 0.407634
vt 0.943373 0.408915
vt 0.950876 0.375533
vt 0.953429 0.382338
vt 0.956488 0.374253
vt 0.959846 0.378927
vt 0.963450 0.385487
vt 0.956371 0.388679
vt 0.959176 0.395082
vt 0.965981 0.392530
vt 0.967262 0.398141
vt 0.962587 0.401499
vt 0.950347 0.415846
vt 0.941118 0.414874
vt 0.959833 0.413541
vt 0.965249 0.425551
vt 0.951164 0.425551
vt 0.937079 0.425551
vt 0.883755 0.915029
vt 0.897840 0.915029
vt 0.897023 0.924733
vt 0.887795 0.925706
vt 0.911926 0.915029
vt 0.906510 0.927038
vt 0.902704 0.935476
vt 0.895661 0.932945
vt 0.890049 0.931664
vt 0.967840 0.407957
vt 0.973220 0.400396
vt 0.983897 0.404436
vt 0.974573 0.414993
vt 0.921250 0.925587
vt 0.914517 0.932623
vt 0.930573 0.936144
vt 0.919896 0.940184
vt 0.913938 0.942438
vt 0.909263 0.939080
vt 0.893108 0.939750
vt 0.886691 0.936339
vt 0.899511 0.942556
vt 0.896607 0.948996
vt 0.890166 0.946091
vt 0.883087 0.942898
vt 0.887361 0.952494
vt 0.880556 0.949942
vt 0.893702 0.955436
vt 0.890509 0.962515
vt 0.883950 0.958911
vt 0.879275 0.955553
vt 0.905852 0.945498
vt 0.912657 0.948050
vt 0.910126 0.955093
vt 0.903047 0.951900
vt 0.900105 0.958242
vt 0.906522 0.961653
vt 0.903164 0.966327
vt 0.897553 0.965046
vt 0.878697 0.965369
vt 0.873317 0.957808
vt 0.886704 0.970953
vt 0.881287 0.982963
vt 0.871964 0.972405
vt 0.862640 0.961847
vt 0.915963 0.378732
vt 0.925287 0.368175
vt 0.932020 0.375211
vt 0.926640 0.382772
vt 0.934611 0.357617
vt 0.940027 0.369627
vt 0.896190 0.973258
vt 0.905419 0.972286
vt 0.909458 0.982963
vt 0.895373 0.982963
vt 0.948696 0.357617
vt 0.949514 0.367322
vt 0.962782 0.357617
vt 0.958742 0.368294
vt 0.872344 0.948579
vt 0.862640 0.947762
vt 0.862640 0.933677
vt 0.874649 0.939093
vt 0.880234 0.931086
vt 0.873197 0.924353
vt 0.925668 0.392000
vt 0.915963 0.392818
vt 0.927973 0.401487
vt 0.915963 0.406903
vt 0.933557 0.409494
vt 0.926521 0.416227
vt 0.966303 0.373674
vt 0.973339 0.366941
vt 0.983897 0.376265
vt 0.971888 0.381681
vt 0.974193 0.391167
vt 0.983897 0.390350
vt 0.912979 0.966906
vt 0.920016 0.973639
vt 0.918564 0.958899
vt 0.930573 0.964315
vt 0.920869 0.949412
vt 0.930574 0.950230
vt 0.196926 0.934393
vt 0.198299 0.944047
vt 0.179752 0.944925
vt 0.178601 0.937392
vt 0.198602 0.953828
vt 0.179954 0.952500
vt 0.167960 0.951167
vt 0.164955 0.946127
vt 0.163296 0.939879
vt 0.181116 0.895264
vt 0.186350 0.906032
vt 0.169012 0.916393
vt 0.163328 0.909789
vt 0.190878 0.915486
vt 0.173682 0.922944
vt 0.162876 0.928085
vt 0.156468 0.926288
vt 0.145540 0.924314
vt 0.836173 0.926399
vt 0.823740 0.923171
vt 0.825818 0.918125
vt 0.838646 0.920628
vt 0.814445 0.923287
vt 0.813227 0.920240
vt 0.811142 0.915029
vt 0.826094 0.915029
vt 0.841046 0.915029
vt 0.836709 0.978952
vt 0.843521 0.972626
vt 0.848505 0.974848
vt 0.837928 0.981999
vt 0.850298 0.961715
vt 0.856069 0.964189
vt 0.861668 0.966588
vt 0.850840 0.976899
vt 0.840012 0.987210
vt 0.889379 0.184374
vt 0.884851 0.193827
vt 0.867513 0.183467
vt 0.872183 0.176916
vt 0.879617 0.204596
vt 0.861829 0.190071
vt 0.844041 0.175546
vt 0.854969 0.173572
vt 0.861377 0.171775
vt 0.853410 0.939988
vt 0.847084 0.933176
vt 0.849305 0.928192
vt 0.856457 0.938769
vt 0.851357 0.925857
vt 0.861668 0.936685
vt 0.814982 0.975841
vt 0.827414 0.979068
vt 0.825337 0.984114
vt 0.812508 0.981611
vt 0.825060 0.987210
vt 0.810108 0.987210
vt 0.807634 0.929613
vt 0.802650 0.927392
vt 0.800856 0.940524
vt 0.795085 0.938050
vt 0.789487 0.935651
vt 0.800314 0.925340
vt 0.897103 0.146032
vt 0.896800 0.155812
vt 0.878253 0.154935
vt 0.878455 0.147360
vt 0.895426 0.165467
vt 0.877102 0.162467
vt 0.861797 0.159981
vt 0.863456 0.153733
vt 0.866461 0.148693
vt 0.892941 0.174978
vt 0.875071 0.169829
vt 0.860642 0.166244
vt 0.853526 0.949283
vt 0.858572 0.951360
vt 0.861668 0.951637
vt 0.896000 0.124813
vt 0.896525 0.136040
vt 0.876748 0.139720
vt 0.874126 0.131677
vt 0.861329 0.144672
vt 0.852251 0.138540
vt 0.198024 0.963819
vt 0.178247 0.960140
vt 0.197499 0.975046
vt 0.175625 0.968183
vt 0.153750 0.961320
vt 0.162829 0.955187
vt 0.797745 0.962251
vt 0.804071 0.969063
vt 0.801849 0.974047
vt 0.794698 0.963470
vt 0.799798 0.976382
vt 0.789487 0.965554
vt 0.797629 0.952956
vt 0.792583 0.950879
vt 0.789487 0.950603
vt 0.844219 0.943664
vt 0.839528 0.957099
vt 0.825577 0.951120
vt 0.831557 0.937169
vt 0.818121 0.932478
vt 0.811627 0.945140
vt 0.833033 0.969761
vt 0.819598 0.965070
vt 0.806936 0.958576
vt 0.850938 0.165349
vt 0.843426 0.165828
vt 0.842810 0.156110
vt 0.851495 0.158020
vt 0.854176 0.151013
vt 0.847531 0.147325
vt 0.152437 0.934510
vt 0.144925 0.934032
vt 0.162141 0.933616
vt 0.152994 0.941840
vt 0.144309 0.943749
vt 0.155675 0.948846
vt 0.149030 0.952535
vt 0.194440 0.924882
vt 0.176570 0.930031
vt 0.260661 0.891546
vt 0.264253 0.906482
vt 0.247676 0.910530
vt 0.243799 0.896720
vt 0.267845 0.921419
vt 0.250702 0.924467
vt 0.233551 0.927631
vt 0.230675 0.914849
vt 0.226862 0.902164
vt 0.271218 0.951637
vt 0.271218 0.966586
vt 0.254181 0.966710
vt 0.253839 0.952599
vt 0.271218 0.981534
vt 0.254220 0.980880
vt 0.237221 0.980226
vt 0.236588 0.966573
vt 0.236343 0.953489
vt 0.969719 0.118326
vt 0.969719 0.133274
vt 0.952681 0.133150
vt 0.952721 0.118979
vt 0.969719 0.148222
vt 0.952340 0.147261
vt 0.934844 0.146371
vt 0.935089 0.133286
vt 0.935722 0.119633
vt 0.966346 0.178441
vt 0.962754 0.193377
vt 0.946177 0.189330
vt 0.949203 0.175393
vt 0.959161 0.208314
vt 0.942300 0.203140
vt 0.925363 0.197696
vt 0.929176 0.185010
vt 0.932052 0.172228
vt 0.968033 0.163332
vt 0.951200 0.161353
vt 0.933914 0.159342
vt 0.953955 0.222657
vt 0.937637 0.216792
vt 0.948748 0.236999
vt 0.932666 0.230452
vt 0.916584 0.223904
vt 0.920845 0.210389
vt 0.250247 0.862860
vt 0.255454 0.877203
vt 0.239136 0.883067
vt 0.234165 0.869408
vt 0.222344 0.889471
vt 0.218083 0.875956
vt 0.269532 0.936528
vt 0.252699 0.938507
vt 0.235414 0.940517
vt 0.212826 0.919669
vt 0.209107 0.908389
vt 0.215546 0.931031
vt 0.217772 0.965749
vt 0.217882 0.954070
vt 0.217360 0.977636
vt 0.916273 0.134110
vt 0.915861 0.122223
vt 0.916383 0.145789
vt 0.911327 0.180190
vt 0.914047 0.168828
vt 0.907608 0.191471
vt 0.915707 0.157357
vt 0.903056 0.202760
vt 0.898101 0.214250
vt 0.204556 0.897099
vt 0.199600 0.885610
vt 0.217206 0.942503
vn -0.1892 -0.7942 -0.5773
vn -0.4147 -0.6117 -0.6737
vn -0.1085 -0.4554 -0.8836
vn 0.0943 -0.7329 -0.6737
vn -0.6023 -0.3705 -0.7071
vn -0.3033 -0.1866 -0.9344
vn 0.0000 0.0000 -1.0000
vn 0.1866 -0.3033 -0.9344
vn 0.3705 -0.6023 -0.7071
vn 0.4554 -0.1085 -0.8836
vn 0.6117 -0.4147 -0.6737
vn 0.3033 0.1866 -0.9344
vn 0.6023 0.3705 -0.7071
vn 0.7329 0.0943 -0.6737
vn 0.7942 -0.1892 -0.5773
vn -0.7329 -0.0943 -0.6737
vn -0.4554 0.1085 -0.8836
vn -0.7942 0.1892 -0.5773
vn -0.6117 0.4147 -0.6737
vn -0.3705 0.6023 -0.7071
vn -0.1866 0.3033 -0.9344
vn 0.1085 0.4554 -0.8836
vn -0.0943 0.7329 -0.6737
vn 0.1892 0.7942 -0.5773
vn 0.4147 0.6117 -0.6737
vn 0.9261 0.1810 -0.3310
vn 0.9268 -0.2208 -0.3037
vn 0.7959 0.4896 -0.3561
vn 0.8517 0.5239 0.0000
vn 0.9825 0.1863 0.0000
vn 0.9727 -0.2318 0.0000
vn 0.9261 0.1810 0.3310
vn 0.9268 -0.2208 0.3037
vn 0.7959 0.4896 0.3561
vn 0.6023 0.3705 0.7071
vn 0.7329 0.0943 0.6737
vn 0.7942 -0.1892 0.5773
vn 0.5792 0.7449 -0.3310
vn 0.2208 0.9268 -0.3037
vn 0.2318 0.9727 0.0000
vn 0.6093 0.7929 0.0000
vn 0.5792 0.7449 0.3310
vn 0.2208 0.9268 0.3037
vn 0.1892 0.7942 0.5773
vn 0.4147 0.6117 0.6737
vn 0.4554 -0.1085 0.8836
vn 0.6117 -0.4147 0.6737
vn 0.3033 0.1866 0.9344
vn 0.0000 0.0000 1.0000
vn 0.1866 -0.3033 0.9344
vn 0.3705 -0.6023 0.7071
vn -0.1085 -0.4554 0.8836
vn 0.0943 -0.7329 0.6737
vn -0.3033 -0.1866 0.9344
vn -0.6023 -0.3705 0.7071
vn -0.4147 -0.6117 0.6737
vn -0.1892 -0.7942 0.5773
vn 0.1085 0.4554 0.8836
vn -0.0943 0.7329 0.6737
vn -0.3705 0.6023 0.7071
vn -0.1866 0.3033 0.9344
vn -0.4554 0.1085 0.8836
vn -0.6117 0.4147 0.6737
vn -0.7942 0.1892 0.5773
vn -0.7329 -0.0943 0.6737
vn -0.5792 -0.7449 0.3310
vn -0.2208 -0.9268 0.3037
vn -0.7959 -0.4896 0.3561
vn -0.8517 -0.5239 0.0000
vn -0.6093 -0.7929 0.0000
vn -0.2318 -0.9727 0.0000
vn -0.5792 -0.7449 -0.3310
vn -0.2208 -0.9268 -0.3037
vn -0.7959 -0.4896 -0.3561
vn -0.9261 -0.1810 0.3310
vn -0.9268 0.2208 0.3037
vn -0.9727 0.2318 0.0000
vn -0.9825 -0.1863 0.0000
vn -0.9261 -0.1810 -0.3310
vn -0.9268 0.2208 -0.3037
vn 0.1810 -0.9261 0.3310
vn 0.1863 -0.9825 0.0000
vn 0.5239 -0.8517 0.0000
vn 0.4896 -0.7959 0.3561
vn 0.7449 -0.5792 0.3310
vn 0.7929 -0.6093 0.0000
vn 0.1810 -0.9261 -0.3310
vn 0.4896 -0.7959 -0.3561
vn 0.7449 -0.5792 -0.3310
vn -0.7449 0.5792 -0.3310
vn -0.7929 0.6093 0.0000
vn -0.5239 0.8517 0.0000
vn -0.4896 0.7959 -0.3561
vn -0.1810 0.9261 -0.3310
vn -0.1863 0.9825 0.0000
vn -0.7449 0.5792 0.3310
vn -0.4896 0.7959 0.3561
vn -0.1810 0.9261 0.3310
vn -0.1119 0.1599 0.9807
vn 0.1949 0.3856 0.9018
vn 0.1400 0.4292 0.8923
vn -0.1546 0.2185 0.9635
vn 0.4448 0.5696 0.6912
vn 0.4006 0.6133 0.6807
vn 0.3044 0.6946 0.6518
vn 0.0000 0.6229 0.7823
vn -0.3044 0.4279 0.8510
vn -0.9035 -0.4286 0.0000
vn -0.8399 -0.3838 0.3837
vn -0.8664 -0.3390 0.3667
vn -0.9282 -0.3719 0.0000
vn -0.6691 -0.2586 0.6966
vn -0.6897 -0.2190 0.6901
vn -0.7410 -0.1047 0.6633
vn -0.9261 -0.0783 0.3689
vn -0.9955 -0.0943 0.0000
vn 0.5576 -0.7884 0.2596
vn 0.6562 -0.7020 0.2765
vn 0.5786 -0.2790 0.7664
vn 0.3385 -0.4786 0.8101
vn 0.7488 -0.6101 0.2590
vn 0.7942 -0.0799 0.6023
vn 0.5913 0.3882 0.7069
vn 0.3343 0.1962 0.9218
vn 0.0235 -0.0333 0.9991
vn 0.3258 -0.9092 -0.2590
vn 0.3240 -0.9370 -0.1304
vn -0.3012 -0.9013 -0.3113
vn -0.1892 -0.7755 -0.6023
vn 0.3457 -0.9383 0.0000
vn -0.3229 -0.9464 0.0000
vn -0.7922 -0.6102 0.0000
vn -0.7336 -0.5591 -0.3862
vn -0.5630 -0.4282 -0.7069
vn -0.6691 -0.2586 -0.6966
vn -0.8399 -0.3838 -0.3837
vn -0.8664 -0.3390 -0.3667
vn -0.6897 -0.2190 -0.6901
vn -0.9261 -0.0783 -0.3689
vn -0.7410 -0.1047 -0.6633
vn 0.3258 -0.9092 0.2590
vn 0.4433 -0.8526 0.2765
vn 0.0703 -0.6385 0.7664
vn -0.1892 -0.7755 0.6023
vn -0.2964 -0.2498 0.9218
vn -0.5630 -0.4282 0.7069
vn 0.5576 -0.7884 -0.2596
vn 0.4433 -0.8526 -0.2765
vn 0.0703 -0.6385 -0.7664
vn 0.3385 -0.4786 -0.8101
vn -0.2964 -0.2498 -0.9218
vn 0.0235 -0.0333 -0.9991
vn 0.7755 -0.6177 0.1304
vn 0.9502 -0.0162 0.3113
vn 0.7696 -0.6385 0.0000
vn 0.9999 -0.0107 0.0000
vn 0.8393 0.5437 0.0000
vn 0.7715 0.5055 0.3862
vn 0.4448 0.5696 -0.6912
vn 0.1949 0.3856 -0.9018
vn 0.1400 0.4292 -0.8923
vn 0.4006 0.6133 -0.6807
vn -0.1119 0.1599 -0.9807
vn -0.1546 0.2185 -0.9635
vn -0.3044 0.4279 -0.8510
vn 0.0000 0.6229 -0.7823
vn 0.3044 0.6946 -0.6518
vn -0.4180 -0.0699 -0.9057
vn -0.4385 -0.0117 -0.8986
vn -0.5807 0.1849 -0.7928
vn 0.3240 -0.9370 0.1304
vn -0.3012 -0.9013 0.3113
vn -0.7336 -0.5591 0.3862
vn 0.6707 0.7417 0.0000
vn 0.6108 0.6948 -0.3797
vn 0.5575 0.7480 -0.3601
vn 0.6041 0.7969 0.0000
vn 0.3294 0.8736 -0.3580
vn 0.3630 0.9318 0.0000
vn 0.6108 0.6948 0.3797
vn 0.5575 0.7480 0.3601
vn 0.3294 0.8736 0.3580
vn 0.7488 -0.6101 -0.2590
vn 0.6562 -0.7020 -0.2765
vn 0.5786 -0.2790 -0.7664
vn 0.7942 -0.0799 -0.6023
vn 0.3343 0.1962 -0.9218
vn 0.5913 0.3882 -0.7069
vn 0.7755 -0.6177 -0.1304
vn 0.9502 -0.0162 -0.3113
vn 0.7715 0.5055 -0.3862
vn 0.5188 -0.8521 0.0684
vn 0.5187 -0.8549 0.0000
vn 0.5774 -0.8164 0.0000
vn 0.5760 -0.8144 0.0702
vn 0.6306 -0.7731 0.0684
vn 0.6333 -0.7739 0.0000
vn 0.5188 -0.8521 -0.0684
vn 0.5760 -0.8144 -0.0702
vn 0.6306 -0.7731 -0.0684
vn -0.8101 0.4112 -0.4178
vn -0.8912 0.4536 0.0000
vn -0.5786 0.8156 0.0000
vn -0.5163 0.7261 -0.4540
vn -0.1419 0.9009 -0.4102
vn -0.1563 0.9877 0.0000
vn -0.8101 0.4112 0.4178
vn -0.5807 0.1849 0.7928
vn -0.5163 0.7261 0.4540
vn -0.1419 0.9009 0.4102
vn -0.4180 -0.0699 0.9057
vn -0.4385 -0.0117 0.8986
vn -0.3679 -0.1535 0.9171
vn -0.6253 -0.3358 0.7044
vn -0.0505 0.0715 0.9962
vn -0.0748 0.1060 0.9915
vn -0.3904 -0.1184 0.9130
vn -0.6464 -0.3004 0.7013
vn 0.6984 0.6007 0.3890
vn 0.5249 0.4777 0.7044
vn 0.7627 0.6467 0.0000
vn 0.7338 0.6793 0.0000
vn 0.6700 0.6334 0.3871
vn 0.4976 0.5107 0.7011
vn 0.6984 0.6007 -0.3890
vn 0.5249 0.4777 -0.7044
vn 0.4976 0.5107 -0.7011
vn 0.6700 0.6334 -0.3871
vn -0.3679 -0.1535 -0.9171
vn -0.0505 0.0715 -0.9962
vn -0.6253 -0.3358 -0.7044
vn -0.6464 -0.3004 -0.7013
vn -0.3904 -0.1184 -0.9130
vn -0.0748 0.1060 -0.9915
vn 0.2673 0.2957 -0.9171
vn 0.2413 0.3294 -0.9128
vn -0.7991 -0.4584 -0.3890
vn -0.8638 -0.5037 0.0000
vn -0.8839 -0.4676 0.0000
vn -0.8194 -0.4226 -0.3873
vn -0.7991 -0.4584 0.3890
vn -0.8194 -0.4226 0.3873
vn 0.2673 0.2957 0.9171
vn 0.2413 0.3294 0.9128
vn -0.4064 -0.0919 0.9091
vn -0.6603 -0.2752 0.6987
vn -0.0939 0.1341 0.9865
vn 0.6421 0.6632 0.3845
vn 0.4720 0.5402 0.6966
vn 0.7048 0.7093 0.0000
vn 0.6421 0.6632 -0.3845
vn 0.4720 0.5402 -0.6966
vn -0.4064 -0.0919 -0.9091
vn -0.0939 0.1341 -0.9865
vn -0.6603 -0.2752 -0.6987
vn 0.2188 0.3584 -0.9075
vn -0.8320 -0.3984 -0.3860
vn -0.8962 -0.4436 0.0000
vn -0.8320 -0.3984 0.3860
vn 0.2188 0.3584 0.9075
usemtl JJ
s 1
f 1494/1679/1492 1521/1680/1493 1568/1681/1494 1520/1682/1495
f 1521/1680/1493 1496/1683/1496 1546/1684/1497 1568/1681/1494
f 1568/1681/1494 1546/1684/1497 1497/1685/1498 1522/1686/1499
f 1520/1682/1495 1568/1681/1494 1522/1686/1499 1495/1687/1500
f 1495/1687/1500 1522/1686/1499 1569/1688/1501 1523/1689/1502
f 1522/1686/1499 1497/1685/1498 1552/1690/1503 1569/1688/1501
f 1569/1688/1501 1552/1690/1503 1500/1691/1504 1525/1692/1505
f 1523/1689/1502 1569/1688/1501 1525/1692/1505 1498/1693/1506
f 1496/1683/1496 1536/1694/1507 1570/1695/1508 1546/1684/1497
f 1536/1694/1507 1511/1696/1509 1562/1697/1510 1570/1695/1508
f 1570/1695/1508 1562/1697/1510 1512/1698/1511 1537/1699/1512
f 1546/1684/1497 1570/1695/1508 1537/1699/1512 1497/1685/1498
f 1497/1685/1498 1537/1699/1512 1571/1700/1513 1552/1690/1503
f 1537/1699/1512 1512/1698/1511 1566/1701/1514 1571/1700/1513
f 1571/1700/1513 1566/1701/1514 1513/1702/1515 1538/1703/1516
f 1552/1690/1503 1571/1700/1513 1538/1703/1516 1500/1691/1504
f 1498/1693/1506 1525/1692/1505 1572/1704/1517 1524/1705/1518
f 1525/1692/1505 1500/1691/1504 1558/1706/1519 1572/1704/1517
f 1572/1704/1517 1558/1706/1519 1501/1707/1520 1526/1708/1521
f 1524/1705/1518 1572/1704/1517 1526/1708/1521 1499/1709/1522
f 1499/1710/1522 1526/1711/1521 1573/1712/1523 1527/1713/1524
f 1526/1711/1521 1501/1714/1520 1564/1715/1525 1573/1712/1523
f 1573/1712/1523 1564/1715/1525 1504/1716/1526 1529/1717/1527
f 1527/1713/1524 1573/1712/1523 1529/1717/1527 1502/1718/1528
f 1500/1691/1504 1538/1703/1516 1574/1719/1529 1558/1706/1519
f 1538/1703/1516 1513/1702/1515 1548/1720/1530 1574/1719/1529
f 1574/1719/1529 1548/1720/1530 1516/1721/1531 1541/1722/1532
f 1558/1706/1519 1574/1719/1529 1541/1722/1532 1501/1707/1520
f 1501/1714/1520 1541/1723/1532 1575/1724/1533 1564/1715/1525
f 1541/1723/1532 1516/1725/1531 1550/1726/1534 1575/1724/1533
f 1575/1724/1533 1550/1726/1534 1519/1727/1535 1544/1728/1536
f 1564/1715/1525 1575/1724/1533 1544/1728/1536 1504/1716/1526
f 1502/1718/1528 1529/1717/1527 1576/1729/1537 1528/1730/1538
f 1529/1717/1527 1504/1716/1526 1549/1731/1539 1576/1729/1537
f 1576/1729/1537 1549/1731/1539 1505/1732/1540 1530/1733/1541
f 1528/1730/1538 1576/1729/1537 1530/1733/1541 1503/1734/1542
f 1503/1734/1542 1530/1733/1541 1577/1735/1543 1531/1736/1544
f 1530/1733/1541 1505/1732/1540 1545/1737/1545 1577/1735/1543
f 1577/1735/1543 1545/1737/1545 1508/1738/1546 1533/1739/1547
f 1531/1736/1544 1577/1735/1543 1533/1739/1547 1506/1740/1548
f 1504/1716/1526 1544/1728/1536 1578/1741/1549 1549/1731/1539
f 1544/1728/1536 1519/1727/1535 1556/1742/1550 1578/1741/1549
f 1578/1741/1549 1556/1742/1550 1518/1743/1551 1543/1744/1552
f 1549/1731/1539 1578/1741/1549 1543/1744/1552 1505/1732/1540
f 1505/1732/1540 1543/1744/1552 1579/1745/1553 1545/1737/1545
f 1543/1744/1552 1518/1743/1551 1551/1746/1554 1579/1745/1553
f 1579/1745/1553 1551/1746/1554 1517/1747/1555 1542/1748/1556
f 1545/1737/1545 1579/1745/1553 1542/1748/1556 1508/1738/1546
f 1506/1740/1548 1533/1739/1547 1580/1749/1557 1532/1750/1558
f 1533/1739/1547 1508/1738/1546 1555/1751/1559 1580/1749/1557
f 1580/1749/1557 1555/1751/1559 1509/1752/1560 1534/1753/1561
f 1532/1750/1558 1580/1749/1557 1534/1753/1561 1507/1754/1562
f 1507/1755/1562 1534/1756/1561 1581/1757/1563 1557/1758/1564
f 1534/1756/1561 1509/1759/1560 1560/1760/1565 1581/1757/1563
f 1581/1757/1563 1560/1760/1565 1496/1683/1496 1521/1680/1493
f 1557/1758/1564 1581/1757/1563 1521/1680/1493 1494/1679/1492
f 1508/1738/1546 1542/1748/1556 1582/1761/1566 1555/1751/1559
f 1542/1748/1556 1517/1747/1555 1563/1762/1567 1582/1761/1566
f 1582/1761/1566 1563/1762/1567 1514/1763/1568 1539/1764/1569
f 1555/1751/1559 1582/1761/1566 1539/1764/1569 1509/1752/1560
f 1509/1759/1560 1539/1765/1569 1583/1766/1570 1560/1760/1565
f 1539/1765/1569 1514/1767/1568 1565/1768/1571 1583/1766/1570
f 1583/1766/1570 1565/1768/1571 1511/1696/1509 1536/1694/1507
f 1560/1760/1565 1583/1766/1570 1536/1694/1507 1496/1683/1496
f 1506/1740/1548 1532/1750/1558 1584/1769/1572 1531/1736/1544
f 1532/1750/1558 1507/1754/1562 1554/1770/1573 1584/1769/1572
f 1584/1769/1572 1554/1770/1573 1510/1771/1574 1535/1772/1575
f 1531/1736/1544 1584/1769/1572 1535/1772/1575 1503/1734/1542
f 1503/1734/1542 1535/1772/1575 1585/1773/1576 1528/1730/1538
f 1535/1772/1575 1510/1771/1574 1567/1774/1577 1585/1773/1576
f 1585/1773/1576 1567/1774/1577 1499/1710/1522 1527/1713/1524
f 1528/1730/1538 1585/1773/1576 1527/1713/1524 1502/1718/1528
f 1507/1755/1562 1557/1758/1564 1586/1775/1578 1554/1776/1573
f 1557/1758/1564 1494/1679/1492 1520/1682/1495 1586/1775/1578
f 1586/1775/1578 1520/1682/1495 1495/1687/1500 1559/1777/1579
f 1554/1776/1573 1586/1775/1578 1559/1777/1579 1510/1778/1574
f 1510/1778/1574 1559/1777/1579 1587/1779/1580 1567/1780/1577
f 1559/1777/1579 1495/1687/1500 1523/1689/1502 1587/1779/1580
f 1587/1779/1580 1523/1689/1502 1498/1693/1506 1524/1705/1518
f 1567/1780/1577 1587/1779/1580 1524/1705/1518 1499/1709/1522
f 1511/1696/1509 1565/1768/1571 1588/1781/1581 1562/1697/1510
f 1565/1768/1571 1514/1767/1568 1553/1782/1582 1588/1781/1581
f 1588/1781/1581 1553/1782/1582 1515/1783/1583 1540/1784/1584
f 1562/1697/1510 1588/1781/1581 1540/1784/1584 1512/1698/1511
f 1512/1698/1511 1540/1784/1584 1589/1785/1585 1566/1701/1514
f 1540/1784/1584 1515/1783/1583 1561/1786/1586 1589/1785/1585
f 1589/1785/1585 1561/1786/1586 1516/1721/1531 1548/1720/1530
f 1566/1701/1514 1589/1785/1585 1548/1720/1530 1513/1702/1515
f 1514/1763/1568 1563/1762/1567 1590/1787/1587 1553/1788/1582
f 1563/1762/1567 1517/1747/1555 1551/1746/1554 1590/1787/1587
f 1590/1787/1587 1551/1746/1554 1518/1743/1551 1547/1789/1588
f 1553/1788/1582 1590/1787/1587 1547/1789/1588 1515/1790/1583
f 1515/1790/1583 1547/1789/1588 1591/1791/1589 1561/1792/1586
f 1547/1789/1588 1518/1743/1551 1556/1742/1550 1591/1791/1589
f 1591/1791/1589 1556/1742/1550 1519/1727/1535 1550/1726/1534
f 1561/1792/1586 1591/1791/1589 1550/1726/1534 1516/1725/1531
f 1632/1793/1590 1713/1794/1591 1714/1795/1592 1657/1796/1593
f 1713/1794/1591 1633/1797/1594 1658/1798/1595 1714/1795/1592
f 1714/1795/1592 1658/1798/1595 1617/1799/1596 1670/1800/1597
f 1657/1796/1593 1714/1795/1592 1670/1800/1597 1616/1801/1598
f 1629/1802/1599 1712/1803/1600 1715/1804/1601 1653/1805/1602
f 1712/1803/1600 1631/1806/1603 1656/1807/1604 1715/1804/1601
f 1715/1804/1601 1656/1807/1604 1615/1808/1605 1677/1809/1606
f 1653/1805/1602 1715/1804/1601 1677/1809/1606 1612/1810/1607
f 1601/1811/1608 1642/1812/1609 1716/1813/1610 1636/1814/1611
f 1642/1812/1609 1600/1815/1612 1635/1816/1613 1716/1813/1610
f 1716/1813/1610 1635/1816/1613 1594/1817/1614 1659/1818/1615
f 1636/1814/1611 1716/1813/1610 1659/1818/1615 1595/1819/1616
f 1592/1820/1617 1671/1821/1618 1717/1822/1619 1648/1823/1620
f 1671/1821/1618 1605/1824/1621 1643/1825/1622 1717/1822/1619
f 1717/1822/1619 1643/1825/1622 1602/1826/1623 1663/1827/1624
f 1648/1823/1620 1717/1822/1619 1663/1827/1624 1607/1828/1625
f 1626/1829/1626 1711/1830/1627 1718/1831/1628 1650/1832/1629
f 1711/1830/1627 1629/1833/1599 1653/1834/1602 1718/1831/1628
f 1718/1831/1628 1653/1834/1602 1612/1835/1607 1679/1836/1630
f 1650/1832/1629 1718/1831/1628 1679/1836/1630 1609/1837/1631
f 1604/1838/1632 1645/1839/1633 1719/1840/1634 1639/1841/1635
f 1645/1839/1633 1601/1811/1608 1636/1814/1611 1719/1840/1634
f 1719/1840/1634 1636/1814/1611 1595/1819/1616 1678/1842/1636
f 1639/1841/1635 1719/1840/1634 1678/1842/1636 1598/1843/1637
f 1593/1844/1638 1634/1845/1639 1720/1846/1640 1647/1847/1641
f 1634/1845/1639 1592/1820/1617 1648/1823/1620 1720/1846/1640
f 1720/1846/1640 1648/1823/1620 1607/1828/1625 1669/1848/1642
f 1647/1847/1641 1720/1846/1640 1669/1848/1642 1606/1849/1643
f 1600/1815/1612 1641/1850/1644 1721/1851/1645 1635/1816/1613
f 1641/1850/1644 1597/1852/1646 1640/1853/1647 1721/1851/1645
f 1721/1851/1645 1640/1853/1647 1599/1854/1648 1674/1855/1649
f 1635/1816/1613 1721/1851/1645 1674/1855/1649 1594/1817/1614
f 1628/1856/1650 1710/1857/1651 1722/1858/1652 1652/1859/1653
f 1710/1857/1651 1627/1860/1654 1651/1861/1655 1722/1858/1652
f 1722/1858/1652 1651/1861/1655 1610/1862/1656 1680/1863/1657
f 1652/1859/1653 1722/1858/1652 1680/1863/1657 1611/1864/1658
f 1627/1860/1654 1709/1865/1659 1723/1866/1660 1651/1861/1655
f 1709/1865/1659 1626/1829/1626 1650/1832/1629 1723/1866/1660
f 1723/1866/1660 1650/1832/1629 1609/1837/1631 1676/1867/1661
f 1651/1861/1655 1723/1866/1660 1676/1867/1661 1610/1862/1656
f 1605/1824/1621 1646/1868/1662 1724/1869/1663 1643/1825/1622
f 1646/1868/1662 1604/1838/1632 1639/1841/1635 1724/1869/1663
f 1724/1869/1663 1639/1841/1635 1598/1843/1637 1660/1870/1664
f 1643/1825/1622 1724/1869/1663 1660/1870/1664 1602/1826/1623
f 1630/1871/1665 1708/1872/1666 1725/1873/1667 1655/1874/1668
f 1708/1872/1666 1628/1856/1650 1652/1859/1653 1725/1873/1667
f 1725/1873/1667 1652/1859/1653 1611/1864/1658 1662/1875/1669
f 1655/1874/1668 1725/1873/1667 1662/1875/1669 1614/1876/1670
f 1633/1797/1594 1707/1877/1671 1726/1878/1672 1658/1798/1595
f 1707/1877/1671 1630/1879/1665 1655/1880/1668 1726/1878/1672
f 1726/1878/1672 1655/1880/1668 1614/1881/1670 1664/1882/1673
f 1658/1798/1595 1726/1878/1672 1664/1882/1673 1617/1799/1596
f 1596/1883/1674 1637/1884/1675 1727/1885/1676 1644/1886/1677
f 1637/1884/1675 1593/1844/1638 1647/1847/1641 1727/1885/1676
f 1727/1885/1676 1647/1847/1641 1606/1849/1643 1666/1887/1678
f 1644/1886/1677 1727/1885/1676 1666/1887/1678 1603/1888/1679
f 1597/1852/1646 1638/1889/1680 1728/1890/1681 1640/1853/1647
f 1638/1889/1680 1596/1883/1674 1644/1886/1677 1728/1890/1681
f 1728/1890/1681 1644/1886/1677 1603/1888/1679 1672/1891/1682
f 1640/1853/1647 1728/1890/1681 1672/1891/1682 1599/1854/1648
f 1604/1838/1632 1646/1868/1662 1729/1892/1683 1645/1839/1633
f 1646/1868/1662 1605/1824/1621 1668/1893/1684 1729/1892/1683
f 1729/1892/1683 1668/1893/1684 1608/1894/1685 1649/1895/1686
f 1645/1839/1633 1729/1892/1683 1649/1895/1686 1601/1811/1608
f 1601/1811/1608 1649/1895/1686 1730/1896/1687 1642/1812/1609
f 1649/1895/1686 1608/1894/1685 1681/1897/1688 1730/1896/1687
f 1730/1896/1687 1681/1897/1688 1597/1852/1646 1641/1850/1644
f 1642/1812/1609 1730/1896/1687 1641/1850/1644 1600/1815/1612
f 1605/1824/1621 1671/1821/1618 1731/1898/1689 1668/1893/1684
f 1671/1821/1618 1592/1820/1617 1634/1845/1639 1731/1898/1689
f 1731/1898/1689 1634/1845/1639 1593/1844/1638 1673/1899/1690
f 1668/1893/1684 1731/1898/1689 1673/1899/1690 1608/1894/1685
f 1608/1894/1685 1673/1899/1690 1732/1900/1691 1681/1897/1688
f 1673/1899/1690 1593/1844/1638 1637/1884/1675 1732/1900/1691
f 1732/1900/1691 1637/1884/1675 1596/1883/1674 1638/1889/1680
f 1681/1897/1688 1732/1900/1691 1638/1889/1680 1597/1852/1646
f 1609/1837/1631 1679/1836/1630 1733/1901/1692 1676/1867/1661
f 1679/1836/1630 1612/1835/1607 1667/1902/1693 1733/1901/1692
f 1733/1901/1692 1667/1902/1693 1613/1903/1694 1654/1904/1695
f 1676/1867/1661 1733/1901/1692 1654/1904/1695 1610/1862/1656
f 1610/1862/1656 1654/1904/1695 1734/1905/1696 1680/1863/1657
f 1654/1904/1695 1613/1903/1694 1675/1906/1697 1734/1905/1696
f 1734/1905/1696 1675/1906/1697 1614/1876/1670 1662/1875/1669
f 1680/1863/1657 1734/1905/1696 1662/1875/1669 1611/1864/1658
f 1612/1810/1607 1677/1809/1606 1735/1907/1698 1667/1908/1693
f 1677/1809/1606 1615/1808/1605 1665/1909/1699 1735/1907/1698
f 1735/1907/1698 1665/1909/1699 1616/1801/1598 1661/1910/1700
f 1667/1908/1693 1735/1907/1698 1661/1910/1700 1613/1911/1694
f 1613/1911/1694 1661/1910/1700 1736/1912/1701 1675/1913/1697
f 1661/1910/1700 1616/1801/1598 1670/1800/1597 1736/1912/1701
f 1736/1912/1701 1670/1800/1597 1617/1799/1596 1664/1882/1673
f 1675/1913/1697 1736/1912/1701 1664/1882/1673 1614/1881/1670
f 1631/1806/1603 1706/1914/1702 1737/1915/1703 1656/1807/1604
f 1706/1914/1702 1632/1793/1590 1657/1796/1593 1737/1915/1703
f 1737/1915/1703 1657/1796/1593 1616/1801/1598 1665/1909/1699
f 1656/1807/1604 1737/1915/1703 1665/1909/1699 1615/1808/1605
f 1598/1916/1637 1678/1917/1636 1738/1918/1704 1687/1919/1705
f 1678/1917/1636 1595/1920/1616 1688/1921/1706 1738/1918/1704
f 1738/1918/1704 1688/1921/1706 1624/1922/1707 1690/1923/1708
f 1687/1919/1705 1738/1918/1704 1690/1923/1708 1623/1924/1709
f 1594/1925/1614 1674/1926/1649 1739/1927/1710 1689/1928/1711
f 1674/1926/1649 1599/1929/1648 1686/1930/1712 1739/1927/1710
f 1739/1927/1710 1686/1930/1712 1622/1931/1713 1691/1932/1714
f 1689/1928/1711 1739/1927/1710 1691/1932/1714 1625/1933/1715
f 1599/1934/1648 1672/1935/1682 1740/1936/1716 1686/1937/1712
f 1672/1935/1682 1603/1938/1679 1684/1939/1717 1740/1936/1716
f 1740/1936/1716 1684/1939/1717 1620/1940/1718 1692/1941/1719
f 1686/1937/1712 1740/1936/1716 1692/1941/1719 1622/1942/1713
f 1606/1943/1643 1669/1944/1642 1741/1945/1720 1683/1946/1721
f 1669/1944/1642 1607/1947/1625 1682/1948/1722 1741/1945/1720
f 1741/1945/1720 1682/1948/1722 1618/1949/1723 1693/1950/1724
f 1683/1946/1721 1741/1945/1720 1693/1950/1724 1619/1951/1725
f 1603/1938/1679 1666/1952/1678 1742/1953/1726 1684/1939/1717
f 1666/1952/1678 1606/1943/1643 1683/1946/1721 1742/1953/1726
f 1742/1953/1726 1683/1946/1721 1619/1951/1725 1694/1954/1727
f 1684/1939/1717 1742/1953/1726 1694/1954/1727 1620/1940/1718
f 1607/1947/1625 1663/1955/1624 1743/1956/1728 1682/1948/1722
f 1663/1955/1624 1602/1957/1623 1685/1958/1729 1743/1956/1728
f 1743/1956/1728 1685/1958/1729 1621/1959/1730 1695/1960/1731
f 1682/1948/1722 1743/1956/1728 1695/1960/1731 1618/1949/1723
f 1602/1961/1623 1660/1962/1664 1744/1963/1732 1685/1964/1729
f 1660/1962/1664 1598/1916/1637 1687/1919/1705 1744/1963/1732
f 1744/1963/1732 1687/1919/1705 1623/1924/1709 1696/1965/1733
f 1685/1964/1729 1744/1963/1732 1696/1965/1733 1621/1966/1730
f 1595/1920/1616 1659/1967/1615 1745/1968/1734 1688/1921/1706
f 1659/1967/1615 1594/1925/1614 1689/1928/1711 1745/1968/1734
f 1745/1968/1734 1689/1928/1711 1625/1933/1715 1697/1969/1735
f 1688/1921/1706 1745/1968/1734 1697/1969/1735 1624/1922/1707
f 1623/1924/1709 1690/1923/1708 1746/1970/1736 1703/1971/1737
f 1690/1923/1708 1624/1922/1707 1704/1972/1738 1746/1970/1736
f 1746/1970/1736 1704/1972/1738 1632/1793/1590 1706/1914/1702
f 1703/1971/1737 1746/1970/1736 1706/1914/1702 1631/1806/1603
f 1625/1933/1715 1691/1932/1714 1747/1973/1739 1705/1974/1740
f 1691/1932/1714 1622/1931/1713 1702/1975/1741 1747/1973/1739
f 1747/1973/1739 1702/1975/1741 1630/1879/1665 1707/1877/1671
f 1705/1974/1740 1747/1973/1739 1707/1877/1671 1633/1797/1594
f 1622/1942/1713 1692/1941/1719 1748/1976/1742 1702/1977/1741
f 1692/1941/1719 1620/1940/1718 1700/1978/1743 1748/1976/1742
f 1748/1976/1742 1700/1978/1743 1628/1856/1650 1708/1872/1666
f 1702/1977/1741 1748/1976/1742 1708/1872/1666 1630/1871/1665
f 1619/1951/1725 1693/1950/1724 1749/1979/1744 1699/1980/1745
f 1693/1950/1724 1618/1949/1723 1698/1981/1746 1749/1979/1744
f 1749/1979/1744 1698/1981/1746 1626/1829/1626 1709/1865/1659
f 1699/1980/1745 1749/1979/1744 1709/1865/1659 1627/1860/1654
f 1620/1940/1718 1694/1954/1727 1750/1982/1747 1700/1978/1743
f 1694/1954/1727 1619/1951/1725 1699/1980/1745 1750/1982/1747
f 1750/1982/1747 1699/1980/1745 1627/1860/1654 1710/1857/1651
f 1700/1978/1743 1750/1982/1747 1710/1857/1651 1628/1856/1650
f 1618/1949/1723 1695/1960/1731 1751/1983/1748 1698/1981/1746
f 1695/1960/1731 1621/1959/1730 1701/1984/1749 1751/1983/1748
f 1751/1983/1748 1701/1984/1749 1629/1833/1599 1711/1830/1627
f 1698/1981/1746 1751/1983/1748 1711/1830/1627 1626/1829/1626
f 1621/1966/1730 1696/1965/1733 1752/1985/1750 1701/1986/1749
f 1696/1965/1733 1623/1924/1709 1703/1971/1737 1752/1985/1750
f 1752/1985/1750 1703/1971/1737 1631/1806/1603 1712/1803/1600
f 1701/1986/1749 1752/1985/1750 1712/1803/1600 1629/1802/1599
f 1624/1922/1707 1697/1969/1735 1753/1987/1751 1704/1972/1738
f 1697/1969/1735 1625/1933/1715 1705/1974/1740 1753/1987/1751
f 1753/1987/1751 1705/1974/1740 1633/1797/1594 1713/1794/1591
f 1704/1972/1738 1753/1987/1751 1713/1794/1591 1632/1793/1590
o Left_Leg.001_Roundcube.052
v 0.075762 0.008310 0.000174
v 0.173884 0.008310 0.000174
v 0.173884 0.008310 0.098296
v 0.075762 0.008310 0.098296
v 0.075762 0.098958 0.000174
v 0.173884 0.098958 0.000174
v 0.075762 0.098958 0.098296
v 0.173884 0.098958 0.098296
v 0.124823 0.005566 -0.010401
v 0.124823 0.005566 0.108871
v 0.124823 0.101892 0.108871
v 0.124823 0.101892 -0.010401
v 0.184459 0.005566 0.049235
v 0.184459 0.101892 0.049235
v 0.065187 0.005566 0.049235
v 0.065187 0.101892 0.049235
v 0.124823 0.107760 0.049235
v 0.124823 0.000079 0.049235
v 0.061773 0.034107 -0.013815
v 0.061773 0.071828 -0.013815
v 0.187872 0.034107 -0.013815
v 0.187872 0.071828 -0.013815
v 0.061773 0.034107 0.112284
v 0.061773 0.071828 0.112284
v 0.187872 0.034107 0.112284
v 0.187872 0.071828 0.112284
v 0.124823 0.034107 0.136077
v 0.124823 0.071828 0.136077
v 0.124823 0.034107 -0.037608
v 0.124823 0.071828 -0.037608
v 0.037980 0.034107 0.049235
v 0.037980 0.071828 0.049235
v 0.211665 0.034107 0.049235
v 0.211665 0.071828 0.049235
v 0.153909 0.006036 -0.006873
v 0.180931 0.006036 0.078321
v 0.095736 0.006036 0.105343
v 0.180931 0.101389 0.078321
v 0.068715 0.006036 0.078321
v 0.153909 0.101389 0.105343
v 0.153909 0.101389 -0.006873
v 0.068715 0.101389 0.078321
v 0.095736 0.006036 -0.006873
v 0.153909 0.006036 0.105343
v 0.095736 0.101389 0.105343
v 0.095736 0.101389 -0.006873
v 0.124823 0.107026 0.081716
v 0.124823 0.000765 0.016753
v 0.068052 0.088951 -0.007536
v 0.181593 0.088951 -0.007536
v 0.068052 0.088951 0.106005
v 0.181593 0.088951 0.106005
v 0.124823 0.089332 0.126645
v 0.124823 0.089332 -0.028176
v 0.180931 0.006036 0.020148
v 0.180931 0.101389 0.020148
v 0.068715 0.006036 0.020148
v 0.068715 0.101389 0.020148
v 0.124823 0.107026 0.016753
v 0.124823 0.000765 0.081716
v 0.092341 0.000765 0.049235
v 0.092341 0.107026 0.049235
v 0.157304 0.107026 0.049235
v 0.157304 0.000765 0.049235
v 0.047413 0.089332 0.049235
v 0.202233 0.089332 0.049235
v 0.068052 0.017720 -0.007536
v 0.059584 0.052825 -0.016004
v 0.181593 0.017720 -0.007536
v 0.190061 0.052825 -0.016004
v 0.068052 0.017720 0.106005
v 0.059584 0.052825 0.114473
v 0.181593 0.017720 0.106005
v 0.190061 0.052825 0.114473
v 0.124823 0.017365 0.126645
v 0.124823 0.052825 0.139092
v 0.124823 0.017365 -0.028176
v 0.124823 0.052825 -0.040623
v 0.047413 0.017365 0.049235
v 0.034965 0.052825 0.049235
v 0.202233 0.017365 0.049235
v 0.214681 0.052825 0.049235
v 0.090367 0.034107 -0.031638
v 0.090367 0.071828 -0.031638
v 0.090367 0.034107 0.130107
v 0.090367 0.071828 0.130107
v 0.159279 0.034107 -0.031638
v 0.159279 0.071828 -0.031638
v 0.159279 0.034107 0.130107
v 0.159279 0.071828 0.130107
v 0.043950 0.034107 0.083691
v 0.043950 0.071828 0.083691
v 0.205695 0.034107 0.083691
v 0.205695 0.071828 0.083691
v 0.205695 0.034107 0.014779
v 0.205695 0.071828 0.014779
v 0.043950 0.034107 0.014779
v 0.043950 0.071828 0.014779
v 0.052623 0.089237 0.017904
v 0.197022 0.089237 0.017904
v 0.197022 0.089237 0.080565
v 0.155697 0.001425 0.018361
v 0.155697 0.106320 0.080109
v 0.093949 0.106320 0.080109
v 0.093949 0.001425 0.018361
v 0.052623 0.089237 0.080565
v 0.156153 0.089237 0.121434
v 0.156153 0.089237 -0.022965
v 0.093492 0.089237 0.121434
v 0.093949 0.001425 0.080109
v 0.093949 0.106320 0.018361
v 0.155697 0.106320 0.018361
v 0.155697 0.001425 0.080109
v 0.093492 0.089237 -0.022965
v 0.093492 0.017454 -0.022965
v 0.089170 0.052825 -0.034446
v 0.093492 0.017454 0.121434
v 0.089170 0.052825 0.132916
v 0.156153 0.017454 -0.022965
v 0.160475 0.052825 -0.034446
v 0.156153 0.017454 0.121434
v 0.160475 0.052825 0.132916
v 0.052623 0.017454 0.080565
v 0.041142 0.052825 0.084887
v 0.197022 0.017454 0.080565
v 0.208504 0.052825 0.084887
v 0.197022 0.017454 0.017904
v 0.208504 0.052825 0.013582
v 0.052623 0.017454 0.017904
v 0.041142 0.052825 0.013582
v 0.084432 0.071510 -0.002953
v 0.120695 0.070275 -0.010858
v 0.047034 0.156382 -0.038553
v 0.117445 0.159918 -0.065212
v 0.158367 0.072997 -0.002953
v 0.168360 0.071189 0.036547
v 0.188479 0.163563 -0.038553
v 0.218413 0.165186 0.037976
v 0.157054 0.072997 0.079847
v 0.120635 0.070275 0.088511
v 0.187603 0.163563 0.123354
v 0.117384 0.159918 0.152963
v 0.085382 0.071510 0.079847
v 0.073499 0.069371 0.036547
v 0.047667 0.156382 0.123354
v 0.016661 0.154714 0.037976
v 0.120516 0.064696 0.036547
v 0.038680 0.358212 -0.048247
v 0.110165 0.382341 -0.065028
v 0.186612 0.379947 -0.048247
v 0.020931 0.367866 0.039602
v 0.108386 0.417739 0.039602
v 0.205600 0.396976 0.039181
v 0.038521 0.358212 0.138890
v 0.109729 0.382341 0.157537
v 0.186387 0.379947 0.136363
v 0.031144 0.226232 -0.053295
v 0.115159 0.232983 -0.084278
v 0.201051 0.239930 -0.053295
v 0.001333 0.223118 0.039182
v 0.235744 0.242967 0.038761
v 0.031038 0.226232 0.144123
v 0.114723 0.232983 0.178840
v 0.200901 0.239930 0.142438
v 0.028481 0.296426 -0.061578
v 0.114344 0.307909 -0.094485
v 0.205502 0.318167 -0.061578
v -0.001872 0.292133 0.039565
v 0.241926 0.323877 0.037880
v 0.028056 0.296425 0.154320
v 0.112601 0.307909 0.190080
v 0.204903 0.318167 0.147581
v 0.067433 0.093231 -0.019872
v 0.119764 0.094835 -0.040364
v 0.174183 0.096484 -0.019872
v 0.196273 0.097202 0.036786
v 0.170681 0.096484 0.098723
v 0.119522 0.094835 0.120974
v 0.069967 0.093231 0.098723
v 0.043455 0.092497 0.036786
v 0.099780 0.070363 -0.008152
v 0.057108 0.121456 -0.029496
v 0.118738 0.123893 -0.053228
v 0.142299 0.071175 -0.008152
v 0.164813 0.071613 0.012940
v 0.181733 0.126403 -0.029496
v 0.207694 0.127512 0.037294
v 0.164133 0.071613 0.061766
v 0.141612 0.071175 0.085675
v 0.179216 0.126403 0.110887
v 0.118564 0.123893 0.136886
v 0.100264 0.070363 0.085675
v 0.078080 0.069931 0.061766
v 0.058929 0.121456 0.110887
v 0.029417 0.120317 0.037294
v 0.120615 0.066097 0.064085
v 0.031992 0.332423 -0.057646
v 0.112416 0.347024 -0.087994
v 0.197732 0.355254 -0.057646
v 0.003029 0.330332 0.039598
v 0.108796 0.407898 -0.020507
v 0.231621 0.363918 0.038387
v 0.031682 0.332423 0.150161
v 0.111164 0.347024 0.183688
v 0.197293 0.355254 0.145194
v 0.079955 0.158027 0.146062
v 0.079527 0.158027 -0.058681
v 0.108742 0.407898 0.104807
v 0.198992 0.391404 -0.014822
v 0.155042 0.161858 0.146062
v 0.198933 0.391404 0.097465
v 0.066535 0.371628 0.152340
v 0.155651 0.161858 -0.058681
v 0.058197 0.399522 0.039602
v 0.095219 0.065668 0.036547
v 0.025195 0.155182 0.084264
v 0.154696 0.384600 0.151032
v 0.077588 0.069931 0.012940
v 0.210579 0.164746 -0.004993
v 0.120623 0.066097 0.010718
v 0.024760 0.155182 -0.004993
v 0.161437 0.416334 0.039550
v 0.066846 0.371628 -0.059854
v 0.026772 0.364923 0.098825
v 0.209977 0.164746 0.084264
v 0.026797 0.364923 -0.014769
v 0.155042 0.384600 -0.059854
v 0.146206 0.066530 0.036547
v 0.037881 0.191624 -0.046389
v 0.116079 0.196556 -0.075428
v 0.194981 0.201637 -0.046389
v 0.007328 0.189318 0.038655
v 0.227763 0.203881 0.038602
v 0.037947 0.191624 0.134582
v 0.116017 0.196556 0.167196
v 0.194853 0.201637 0.134371
v 0.008549 0.223984 -0.013098
v 0.008535 0.223984 0.096136
v 0.068610 0.229363 0.171249
v 0.161369 0.236691 0.170090
v 0.226683 0.242150 0.094925
v 0.226726 0.242150 -0.013151
v 0.161705 0.236691 -0.076838
v 0.068916 0.229363 -0.076838
v 0.028120 0.260772 -0.059192
v 0.114944 0.269817 -0.091700
v 0.205701 0.278925 -0.059192
v -0.001802 0.256755 0.039460
v 0.241729 0.283037 0.038249
v 0.027814 0.260772 0.151412
v 0.113692 0.269817 0.187143
v 0.205270 0.278925 0.146568
v 0.005518 0.293170 -0.017770
v 0.005465 0.293170 0.102004
v 0.065537 0.301798 0.183234
v 0.162155 0.313390 0.178601
v 0.232413 0.322149 0.097161
v 0.232586 0.322149 -0.017981
v 0.163502 0.313390 -0.086732
v 0.066764 0.301798 -0.086732
v 0.077277 0.077404 -0.010524
v 0.120426 0.078194 -0.027084
v 0.165596 0.079497 -0.010524
v 0.184197 0.079704 0.036577
v 0.163015 0.079497 0.088197
v 0.120252 0.078194 0.106247
v 0.079145 0.077404 0.088197
v 0.057188 0.076702 0.036577
v 0.049819 0.092700 0.005209
v 0.051561 0.092700 0.070343
v 0.093394 0.093974 0.115645
v 0.146410 0.095716 0.115645
v 0.188578 0.097009 0.070343
v 0.190985 0.097009 0.005209
v 0.148848 0.095716 -0.035254
v 0.091682 0.093974 -0.035254
v 0.085654 0.122588 -0.047361
v 0.152522 0.125231 -0.047361
v 0.067568 0.339479 -0.080835
v 0.158750 0.351737 -0.080835
v 0.201211 0.127213 -0.000050
v 0.199481 0.127213 0.077190
v 0.222705 0.360933 -0.016366
v 0.222578 0.360933 0.096965
v 0.150770 0.125231 0.130736
v 0.086884 0.122588 0.130736
v 0.157780 0.351737 0.173678
v 0.066685 0.339479 0.177039
v 0.038065 0.120636 0.077190
v 0.036812 0.120636 -0.000050
v 0.010311 0.330420 0.100478
v 0.010350 0.330420 -0.016215
v 0.097495 0.066786 0.062860
v 0.144205 0.067591 0.062860
v 0.097391 0.066786 0.011919
v 0.144352 0.067591 0.011919
v 0.061520 0.392235 -0.018134
v 0.158398 0.407568 -0.018141
v 0.061481 0.392235 0.102405
v 0.158351 0.407568 0.102118
v 0.015131 0.189963 -0.009284
v 0.015184 0.189963 0.090674
v 0.073535 0.193915 0.159742
v 0.158597 0.199263 0.159598
v 0.219044 0.203275 0.090523
v 0.219124 0.203275 -0.009290
v 0.158715 0.199263 -0.068382
v 0.073519 0.193915 -0.068382
v 0.005340 0.257849 -0.016398
v 0.005301 0.257849 0.100306
v 0.065967 0.264968 0.179924
v 0.163094 0.274683 0.176594
v 0.232366 0.281910 0.096825
v 0.232490 0.281910 -0.016550
v 0.164062 0.274683 -0.083977
v 0.066849 0.264968 -0.083977
v 0.062748 0.076908 0.010124
v 0.064011 0.076908 0.064748
v 0.098452 0.077716 0.101874
v 0.142827 0.078836 0.101874
v 0.177773 0.079657 0.064748
v 0.179519 0.079657 0.010124
v 0.144596 0.078836 -0.022898
v 0.097210 0.077716 -0.022898
vt 0.976002 0.626070
vt 0.980717 0.633276
vt 0.973950 0.640782
vt 0.969621 0.636463
vt 0.985432 0.640480
vt 0.976754 0.646770
vt 0.971473 0.649769
vt 0.968479 0.647397
vt 0.964672 0.644743
vt 0.946455 0.691439
vt 0.950099 0.679816
vt 0.956185 0.680234
vt 0.954988 0.690242
vt 0.953061 0.670660
vt 0.957543 0.671783
vt 0.961283 0.672457
vt 0.962517 0.678386
vt 0.963520 0.689045
vt 0.976002 0.697621
vt 0.980717 0.704826
vt 0.973950 0.712332
vt 0.969621 0.708013
vt 0.985432 0.712031
vt 0.976754 0.718321
vt 0.971473 0.721319
vt 0.968479 0.718947
vt 0.964672 0.716293
vt 0.925444 0.642526
vt 0.936316 0.647424
vt 0.933807 0.656449
vt 0.925310 0.656583
vt 0.943239 0.650541
vt 0.940592 0.656932
vt 0.938727 0.661943
vt 0.933556 0.664724
vt 0.925177 0.670640
vt 0.985432 0.741254
vt 0.974159 0.736178
vt 0.976671 0.726887
vt 0.985432 0.726642
vt 0.967021 0.732967
vt 0.969664 0.726475
vt 0.963520 0.760596
vt 0.962517 0.749936
vt 0.968871 0.744211
vt 0.974476 0.750925
vt 0.961283 0.744007
vt 0.963933 0.739247
vt 0.946345 0.623714
vt 0.947437 0.633905
vt 0.941410 0.639567
vt 0.935895 0.633120
vt 0.948764 0.639610
vt 0.946255 0.644323
vt 0.946455 0.762990
vt 0.950099 0.751366
vt 0.956185 0.751784
vt 0.954988 0.761793
vt 0.953061 0.742210
vt 0.957543 0.743333
vt 0.964795 0.724955
vt 0.961064 0.723058
vt 0.962029 0.730720
vt 0.958282 0.729010
vt 0.958282 0.657460
vt 0.962029 0.659170
vt 0.959583 0.665063
vt 0.955716 0.663494
vt 0.967021 0.661416
vt 0.963933 0.667696
vt 0.959583 0.736613
vt 0.955716 0.735044
vt 0.938727 0.733494
vt 0.933557 0.736274
vt 0.933807 0.728000
vt 0.940592 0.728482
vt 0.925177 0.742190
vt 0.925311 0.728133
vt 0.925444 0.714077
vt 0.936316 0.718974
vt 0.943239 0.722091
vt 0.976671 0.655337
vt 0.969664 0.654925
vt 0.985432 0.655092
vt 0.985432 0.669704
vt 0.974159 0.664628
vt 0.968871 0.672660
vt 0.974476 0.679375
vt 0.941410 0.711117
vt 0.946255 0.715873
vt 0.935895 0.704670
vt 0.946345 0.695264
vt 0.947437 0.705455
vt 0.948764 0.711160
vt 0.964795 0.653405
vt 0.961064 0.651508
vt 0.952359 0.640156
vt 0.950477 0.646809
vt 0.956683 0.641136
vt 0.954223 0.648297
vt 0.951674 0.654365
vt 0.948053 0.652710
vt 0.960770 0.642635
vt 0.957664 0.649791
vt 0.954956 0.655903
vt 0.948053 0.724261
vt 0.945262 0.730006
vt 0.951674 0.725915
vt 0.948852 0.731867
vt 0.945122 0.738468
vt 0.941526 0.735839
vt 0.954956 0.727453
vt 0.952217 0.733547
vt 0.948929 0.740612
vt 0.945262 0.658455
vt 0.948852 0.660317
vt 0.945122 0.666917
vt 0.941526 0.664289
vt 0.952217 0.661996
vt 0.948929 0.669061
vt 0.952359 0.711706
vt 0.950477 0.718359
vt 0.956683 0.712687
vt 0.954223 0.719848
vt 0.960770 0.714185
vt 0.957664 0.721341
vt 0.935994 0.742026
vt 0.929164 0.748903
vt 0.939922 0.746281
vt 0.933151 0.755615
vt 0.944702 0.749359
vt 0.939804 0.759302
vt 0.954024 0.693838
vt 0.953352 0.703484
vt 0.961704 0.692411
vt 0.959125 0.703639
vt 0.968853 0.695016
vt 0.964569 0.705239
vt 0.935994 0.670476
vt 0.929164 0.677352
vt 0.939922 0.674731
vt 0.933151 0.684065
vt 0.944702 0.677808
vt 0.939804 0.687752
vt 0.954024 0.622287
vt 0.953352 0.631934
vt 0.961704 0.620861
vt 0.959125 0.632089
vt 0.968853 0.623466
vt 0.964569 0.633689
vt 0.677052 0.911370
vt 0.684368 0.906036
vt 0.689234 0.914681
vt 0.681637 0.918439
vt 0.693122 0.900489
vt 0.698118 0.910656
vt 0.701710 0.920589
vt 0.692456 0.923345
vt 0.684462 0.925725
vt 0.694561 0.932547
vt 0.686021 0.933639
vt 0.704433 0.930921
vt 0.706114 0.942536
vt 0.695211 0.942810
vt 0.685896 0.942369
vt 0.728384 0.887901
vt 0.737522 0.886403
vt 0.740735 0.897377
vt 0.732194 0.899834
vt 0.744974 0.885233
vt 0.749712 0.892905
vt 0.755193 0.903155
vt 0.745024 0.907258
vt 0.736451 0.910353
vt 0.749699 0.917197
vt 0.741252 0.920946
vt 0.759479 0.914039
vt 0.762187 0.922779
vt 0.755897 0.927315
vt 0.747400 0.932469
vt 0.694035 0.954465
vt 0.683450 0.951898
vt 0.706563 0.956202
vt 0.706187 0.972640
vt 0.691551 0.967028
vt 0.676914 0.961417
vt 0.673522 0.831085
vt 0.668079 0.816042
vt 0.682537 0.813524
vt 0.684717 0.824224
vt 0.662635 0.800998
vt 0.681141 0.800824
vt 0.696209 0.801577
vt 0.695375 0.812412
vt 0.695266 0.821705
vt 0.765362 0.937728
vt 0.755615 0.945564
vt 0.771871 0.927277
vt 0.788515 0.936896
vt 0.777242 0.949160
vt 0.765970 0.961423
vt 0.676468 0.738861
vt 0.690586 0.727862
vt 0.702877 0.742849
vt 0.693955 0.752030
vt 0.704705 0.716863
vt 0.714433 0.737023
vt 0.718758 0.748526
vt 0.713755 0.754608
vt 0.708085 0.762318
vt 0.705604 0.813267
vt 0.703943 0.821685
vt 0.707841 0.803626
vt 0.717323 0.806802
vt 0.714001 0.815743
vt 0.711112 0.823539
vt 0.721716 0.819599
vt 0.717480 0.826916
vt 0.726312 0.811068
vt 0.736039 0.817518
vt 0.729692 0.825772
vt 0.723730 0.832581
vt 0.723733 0.762035
vt 0.719657 0.769635
vt 0.727520 0.752156
vt 0.737963 0.757089
vt 0.732958 0.767240
vt 0.729506 0.775005
vt 0.741962 0.771904
vt 0.739021 0.779698
vt 0.747589 0.763166
vt 0.755190 0.768351
vt 0.753107 0.775690
vt 0.750965 0.784353
vt 0.738555 0.835051
vt 0.730166 0.841306
vt 0.747424 0.827083
vt 0.761060 0.839222
vt 0.747915 0.846361
vt 0.734770 0.853500
vt 0.659776 0.898476
vt 0.668963 0.887792
vt 0.677380 0.897026
vt 0.670099 0.904287
vt 0.678150 0.877107
vt 0.686279 0.889568
vt 0.768930 0.777862
vt 0.767616 0.789484
vt 0.766971 0.765544
vt 0.788515 0.762742
vt 0.788515 0.779530
vt 0.788515 0.796318
vt 0.720492 0.855772
vt 0.736095 0.856730
vt 0.736386 0.872776
vt 0.724923 0.873300
vt 0.751698 0.857689
vt 0.748095 0.875475
vt 0.716882 0.839574
vt 0.719000 0.845543
vt 0.712096 0.844225
vt 0.712613 0.837076
vt 0.723681 0.854800
vt 0.712311 0.853101
vt 0.700941 0.851402
vt 0.704307 0.841745
vt 0.706912 0.834531
vt 0.696657 0.838451
vt 0.700791 0.832620
vt 0.690999 0.845156
vt 0.681057 0.838910
vt 0.690377 0.834852
vt 0.695772 0.831636
vt 0.656724 0.909770
vt 0.664438 0.915342
vt 0.665047 0.922510
vt 0.657339 0.921280
vt 0.669509 0.918035
vt 0.671425 0.922729
vt 0.673462 0.928870
vt 0.666823 0.930588
vt 0.657954 0.932789
vt 0.669469 0.938579
vt 0.663320 0.943231
vt 0.674947 0.935350
vt 0.675768 0.940539
vt 0.672671 0.945258
vt 0.668686 0.953672
vt 0.759376 0.884531
vt 0.770107 0.873215
vt 0.788515 0.888740
vt 0.768507 0.897513
vt 0.772527 0.912859
vt 0.788515 0.912818
vt 0.758357 0.752970
vt 0.773026 0.741243
vt 0.745557 0.742397
vt 0.757538 0.719744
vt 0.729755 0.737292
vt 0.731121 0.718303
vt 0.688158 0.870518
vt 0.695583 0.883478
vt 0.698166 0.863927
vt 0.705003 0.878736
vt 0.710860 0.892072
vt 0.702058 0.895716
vt 0.741443 0.809052
vt 0.754688 0.818252
vt 0.745623 0.800741
vt 0.760432 0.809096
vt 0.777865 0.819232
vt 0.769463 0.829227
vt 0.720623 0.798167
vt 0.730424 0.802675
vt 0.723722 0.790072
vt 0.733835 0.794717
vt 0.698002 0.790936
vt 0.710503 0.794330
vt 0.700562 0.780783
vt 0.713358 0.785602
vt 0.662538 0.785229
vt 0.681587 0.787964
vt 0.662441 0.769460
vt 0.683658 0.775363
vt 0.717100 0.941457
vt 0.719365 0.956092
vt 0.727756 0.939496
vt 0.731989 0.954416
vt 0.736386 0.971922
vt 0.721287 0.972281
vt 0.710868 0.917877
vt 0.714241 0.928997
vt 0.719664 0.915327
vt 0.723665 0.926768
vt 0.706998 0.907022
vt 0.715586 0.904057
vt 0.709329 0.859850
vt 0.714650 0.875430
vt 0.719526 0.889623
vt 0.748652 0.792633
vt 0.764638 0.799651
vt 0.783190 0.807775
vt 0.726590 0.782419
vt 0.736571 0.787160
vt 0.703756 0.771131
vt 0.716280 0.777358
vt 0.669454 0.754161
vt 0.687793 0.763203
vt 0.737925 0.936560
vt 0.744206 0.950902
vt 0.751178 0.966673
vt 0.728138 0.912915
vt 0.732666 0.924146
vt 0.723904 0.901815
vt 0.658250 0.904123
vt 0.666023 0.909921
vt 0.672233 0.915513
vt 0.719420 0.836977
vt 0.724266 0.844603
vt 0.729226 0.854150
vt 0.708954 0.829169
vt 0.714412 0.832093
vt 0.695526 0.827950
vt 0.702742 0.827644
vt 0.677290 0.834998
vt 0.686962 0.830689
vt 0.679488 0.941411
vt 0.676860 0.949163
vt 0.672800 0.957545
vt 0.678694 0.927421
vt 0.679905 0.934175
vt 0.676252 0.921260
vn -0.9498 0.3129 0.0000
vn -0.7628 0.6465 0.0000
vn -0.7288 0.6313 -0.2651
vn -0.8885 0.3113 -0.3370
vn -0.4098 0.9121 0.0000
vn -0.4050 0.8995 -0.1636
vn -0.3667 0.8550 -0.3667
vn -0.5584 0.6135 -0.5584
vn -0.6722 0.3104 -0.6722
vn 0.9498 0.3129 0.0000
vn 0.8885 0.3113 -0.3370
vn 0.7288 0.6313 -0.2651
vn 0.7628 0.6465 0.0000
vn 0.6722 0.3104 -0.6722
vn 0.5584 0.6135 -0.5584
vn 0.3667 0.8550 -0.3667
vn 0.4050 0.8995 -0.1636
vn 0.4098 0.9121 0.0000
vn 0.7288 0.6313 0.2651
vn 0.8885 0.3113 0.3370
vn 0.4050 0.8995 0.1636
vn 0.3667 0.8550 0.3667
vn 0.5584 0.6135 0.5584
vn 0.6722 0.3104 0.6722
vn 0.0000 -1.0000 0.0000
vn 0.0000 -0.9947 -0.1026
vn 0.1046 -0.9890 -0.1046
vn 0.1026 -0.9947 0.0000
vn 0.0000 -0.9206 -0.3905
vn 0.1562 -0.9088 -0.3869
vn 0.3511 -0.8680 -0.3511
vn 0.3869 -0.9088 -0.1562
vn 0.3905 -0.9206 0.0000
vn 0.0000 1.0000 0.0000
vn 0.0000 0.9940 0.1096
vn 0.1115 0.9875 0.1115
vn 0.1096 0.9940 0.0000
vn 0.0000 0.9121 0.4098
vn 0.1636 0.8995 0.4050
vn -0.4050 0.8995 0.1636
vn -0.1115 0.9875 0.1115
vn -0.1096 0.9940 0.0000
vn -0.3667 0.8550 0.3667
vn -0.1636 0.8995 0.4050
vn -0.3905 -0.9206 0.0000
vn -0.3869 -0.9088 -0.1562
vn -0.1046 -0.9890 -0.1046
vn -0.1026 -0.9947 0.0000
vn -0.3511 -0.8680 -0.3511
vn -0.1562 -0.9088 -0.3869
vn -0.8885 0.3113 0.3370
vn -0.7288 0.6313 0.2651
vn -0.6722 0.3104 0.6722
vn -0.5584 0.6135 0.5584
vn 0.2651 0.6313 0.7288
vn 0.3370 0.3113 0.8885
vn 0.0000 0.6465 0.7628
vn 0.0000 0.3129 0.9498
vn 0.0000 0.3129 -0.9498
vn 0.0000 0.6465 -0.7628
vn 0.2651 0.6313 -0.7288
vn 0.3370 0.3113 -0.8885
vn 0.0000 0.9121 -0.4098
vn 0.1636 0.8995 -0.4050
vn -0.2651 0.6313 0.7288
vn -0.3370 0.3113 0.8885
vn -0.3511 -0.8680 0.3511
vn -0.3869 -0.9088 0.1562
vn -0.1046 -0.9890 0.1046
vn -0.1562 -0.9088 0.3869
vn 0.0000 -0.9947 0.1026
vn 0.0000 -0.9206 0.3905
vn -0.1115 0.9875 -0.1115
vn -0.1636 0.8995 -0.4050
vn 0.0000 0.9940 -0.1096
vn 0.1115 0.9875 -0.1115
vn 0.1046 -0.9890 0.1046
vn 0.1562 -0.9088 0.3869
vn 0.3869 -0.9088 0.1562
vn 0.3511 -0.8680 0.3511
vn -0.2651 0.6313 -0.7288
vn -0.3370 0.3113 -0.8885
vn -0.5481 -0.6318 -0.5481
vn -0.2601 -0.6492 -0.7147
vn -0.6700 -0.3197 -0.6700
vn -0.3358 -0.3208 -0.8856
vn 0.0000 -0.3225 -0.9466
vn 0.0000 -0.6641 -0.7476
vn -0.7071 -0.0012 -0.7071
vn -0.3571 -0.0012 -0.9340
vn 0.0000 -0.0012 -1.0000
vn 0.0000 -0.6641 0.7476
vn -0.2601 -0.6492 0.7147
vn 0.0000 -0.3225 0.9466
vn -0.3358 -0.3208 0.8856
vn -0.6700 -0.3197 0.6700
vn -0.5481 -0.6318 0.5481
vn 0.0000 -0.0012 1.0000
vn -0.3571 -0.0012 0.9340
vn -0.7071 -0.0012 0.7071
vn 0.2601 -0.6492 -0.7147
vn 0.3358 -0.3208 -0.8856
vn 0.6700 -0.3197 -0.6700
vn 0.5481 -0.6318 -0.5481
vn 0.3571 -0.0012 -0.9340
vn 0.7071 -0.0012 -0.7071
vn 0.5481 -0.6318 0.5481
vn 0.2601 -0.6492 0.7147
vn 0.6700 -0.3197 0.6700
vn 0.3358 -0.3208 0.8856
vn 0.7071 -0.0012 0.7071
vn 0.3571 -0.0012 0.9340
vn -0.7147 -0.6492 0.2601
vn -0.7476 -0.6641 0.0000
vn -0.8856 -0.3208 0.3358
vn -0.9466 -0.3225 0.0000
vn -0.9340 -0.0012 0.3571
vn -1.0000 -0.0012 0.0000
vn 0.7476 -0.6641 0.0000
vn 0.7147 -0.6492 0.2601
vn 0.9466 -0.3225 0.0000
vn 0.8856 -0.3208 0.3358
vn 1.0000 -0.0012 0.0000
vn 0.9340 -0.0012 0.3571
vn 0.7147 -0.6492 -0.2601
vn 0.8856 -0.3208 -0.3358
vn 0.9340 -0.0012 -0.3571
vn -0.7147 -0.6492 -0.2601
vn -0.8856 -0.3208 -0.3358
vn -0.9340 -0.0012 -0.3571
vn -0.5702 -0.5438 -0.6157
vn -0.6269 -0.3976 -0.6700
vn -0.3182 -0.3803 -0.8684
vn -0.2924 -0.5292 -0.7965
vn -0.6494 -0.3330 -0.6836
vn -0.3214 -0.3161 -0.8926
vn 0.0142 -0.2933 -0.9559
vn 0.0128 -0.3599 -0.9329
vn 0.0136 -0.5126 -0.8585
vn 0.3428 -0.3460 -0.8733
vn 0.3185 -0.4986 -0.8061
vn 0.3483 -0.2818 -0.8940
vn 0.6759 -0.2710 -0.6853
vn 0.6623 -0.3304 -0.6725
vn 0.6141 -0.4836 -0.6237
vn -0.7376 0.0486 -0.6735
vn -0.7268 0.2745 -0.6296
vn -0.3754 0.3188 -0.8703
vn -0.3628 0.0407 -0.9310
vn -0.6620 0.5387 -0.5210
vn -0.4030 0.6593 -0.6347
vn -0.1063 0.7217 -0.6840
vn -0.0490 0.3566 -0.9330
vn -0.0068 0.0457 -0.9989
vn 0.2743 0.3594 -0.8919
vn 0.3354 0.0611 -0.9401
vn 0.1989 0.7172 -0.6679
vn 0.4875 0.6534 -0.5791
vn 0.6267 0.3698 -0.6859
vn 0.6941 0.0887 -0.7144
vn 0.8840 -0.3135 -0.3468
vn 0.8241 -0.4666 -0.3212
vn 0.8995 -0.2564 -0.3536
vn 0.9661 -0.2582 0.0014
vn 0.9486 -0.3163 0.0128
vn 0.8870 -0.4613 0.0209
vn 0.8762 -0.3474 0.3338
vn 0.8161 -0.4774 0.3255
vn 0.9013 -0.2881 0.3235
vn 0.7037 -0.3354 0.6263
vn 0.6804 -0.3944 0.6176
vn 0.6302 -0.5141 0.5818
vn 0.8447 0.4163 -0.3363
vn 0.9274 0.1148 -0.3560
vn 0.5782 0.7555 -0.3079
vn 0.6128 0.7902 -0.0045
vn 0.8979 0.4402 -0.0046
vn 0.9922 0.1240 -0.0049
vn 0.8608 0.4067 0.3059
vn 0.9398 0.1147 0.3218
vn 0.5931 0.7550 0.2795
vn 0.5278 0.6635 0.5302
vn 0.6799 0.3582 0.6399
vn 0.7459 0.0909 0.6598
vn 0.3660 -0.4276 0.8265
vn 0.3404 -0.5485 0.7637
vn 0.3743 -0.3687 0.8508
vn 0.0201 -0.3863 0.9221
vn 0.0173 -0.4448 0.8954
vn 0.0167 -0.5693 0.8219
vn -0.3327 -0.4610 0.8227
vn -0.3079 -0.5803 0.7540
vn -0.3367 -0.4052 0.8500
vn -0.6720 -0.3979 0.6246
vn -0.6419 -0.4583 0.6147
vn -0.5850 -0.5759 0.5710
vn 0.3348 0.3648 0.8687
vn 0.4041 0.0631 0.9125
vn 0.2307 0.7434 0.6278
vn -0.0988 0.7631 0.6387
vn -0.0224 0.3819 0.9239
vn 0.0301 0.0450 0.9985
vn -0.4010 0.3487 0.8471
vn -0.3905 0.0378 0.9198
vn -0.4191 0.6978 0.5808
vn -0.6897 0.5640 0.4541
vn -0.7665 0.2906 0.5726
vn -0.7846 0.0462 0.6183
vn -0.8371 -0.4296 0.3387
vn -0.7602 -0.5619 0.3260
vn -0.8784 -0.3515 0.3238
vn -0.9484 -0.3169 -0.0010
vn -0.9141 -0.4054 0.0064
vn -0.8322 -0.5543 0.0117
vn -0.8429 -0.4001 -0.3597
vn -0.7650 -0.5504 -0.3343
vn -0.8770 -0.3218 -0.3568
vn -0.9314 0.2746 0.2390
vn -0.9636 0.0598 0.2607
vn -0.7658 0.6038 0.2213
vn -0.7896 0.6136 -0.0051
vn -0.9595 0.2815 -0.0053
vn -0.9979 0.0637 -0.0054
vn -0.9217 0.2718 -0.2768
vn -0.9515 0.0605 -0.3015
vn -0.7600 0.5973 -0.2561
vn -0.2694 -0.9251 0.2676
vn -0.2968 -0.9439 0.1445
vn -0.0976 -0.9895 0.1067
vn -0.1238 -0.9481 0.2930
vn -0.3046 -0.9525 0.0022
vn -0.1037 -0.9946 -0.0011
vn 0.0164 -0.9998 -0.0015
vn 0.0171 -0.9940 0.1084
vn 0.0192 -0.9537 0.2999
vn 0.1335 -0.9852 0.1072
vn 0.1627 -0.9397 0.3006
vn 0.1385 -0.9904 -0.0007
vn 0.3551 -0.9348 0.0051
vn 0.3487 -0.9257 0.1466
vn 0.3171 -0.9069 0.2775
vn -0.2887 -0.9456 -0.1500
vn -0.0962 -0.9884 -0.1173
vn -0.2526 -0.9234 -0.2889
vn -0.1161 -0.9417 -0.3157
vn 0.0181 -0.9454 -0.3253
vn 0.0168 -0.9925 -0.1206
vn 0.1308 -0.9845 -0.1166
vn 0.1514 -0.9350 -0.3206
vn 0.2942 -0.9094 -0.2941
vn 0.3366 -0.9302 -0.1460
vn -0.4595 0.8404 -0.2874
vn -0.4908 0.8712 -0.0055
vn -0.1559 0.9877 -0.0059
vn -0.1451 0.9348 -0.3243
vn 0.1928 0.9289 -0.3160
vn 0.2125 0.9771 -0.0054
vn -0.4624 0.8504 0.2508
vn -0.1449 0.9470 0.2866
vn 0.1985 0.9384 0.2827
vn -0.9720 -0.2347 -0.0046
vn -0.9056 -0.2535 -0.3399
vn -0.9892 -0.1465 -0.0053
vn -0.9317 -0.1700 -0.3208
vn -0.7010 -0.2143 -0.6801
vn -0.6728 -0.2840 -0.6831
vn -0.7038 -0.3373 0.6251
vn -0.9131 -0.2741 0.3016
vn -0.7396 -0.2489 0.6253
vn -0.9423 -0.1810 0.2816
vn 0.0247 -0.3333 0.9425
vn -0.3418 -0.3548 0.8702
vn 0.0336 -0.2588 0.9653
vn -0.3529 -0.2803 0.8926
vn 0.7204 -0.2794 0.6348
vn 0.3818 -0.3103 0.8705
vn 0.7359 -0.2004 0.6467
vn 0.3947 -0.2262 0.8905
vn 0.9751 -0.2217 -0.0040
vn 0.9174 -0.2415 0.3164
vn 0.9842 -0.1768 -0.0045
vn 0.9311 -0.1821 0.3159
vn 0.6830 -0.2418 -0.6892
vn 0.9078 -0.2270 -0.3526
vn 0.6909 -0.2065 -0.6928
vn 0.9178 -0.1885 -0.3493
vn 0.0152 -0.2544 -0.9669
vn 0.3492 -0.2470 -0.9039
vn 0.0155 -0.2181 -0.9758
vn 0.3495 -0.2131 -0.9124
vn -0.3238 -0.2756 -0.9051
vn -0.3305 -0.2274 -0.9160
vn -0.9987 -0.0514 -0.0053
vn -0.9485 -0.0673 -0.3096
vn -0.7243 -0.1065 -0.6812
vn -0.7692 -0.1230 0.6271
vn -0.9604 -0.0715 0.2694
vn 0.0414 -0.1427 0.9889
vn -0.3698 -0.1571 0.9157
vn 0.7502 -0.0832 0.6559
vn 0.4094 -0.1077 0.9060
vn 0.9970 -0.0765 -0.0044
vn 0.9446 -0.0749 0.3193
vn 0.7013 -0.1104 -0.7042
vn 0.9319 -0.0889 -0.3517
vn 0.0114 -0.1348 -0.9908
vn 0.3497 -0.1267 -0.9283
vn -0.3434 -0.1328 -0.9297
vn -0.6148 -0.7886 0.0092
vn -0.5694 -0.7825 -0.2517
vn -0.4282 -0.7689 -0.4747
vn -0.4477 -0.7748 0.4463
vn -0.5753 -0.7791 0.2488
vn 0.0194 -0.7924 0.6096
vn -0.2236 -0.7905 0.5702
vn 0.5013 -0.7314 0.4623
vn 0.2623 -0.7687 0.5833
vn 0.6821 -0.7310 0.0167
vn 0.6433 -0.7228 0.2524
vn 0.4776 -0.7325 -0.4850
vn 0.6366 -0.7318 -0.2434
vn 0.0173 -0.7676 -0.6406
vn 0.2418 -0.7512 -0.6142
vn -0.2086 -0.7697 -0.6033
usemtl JJ
s 1
f 1785/1988/1752 1818/1989/1753 1852/1990/1754 1851/1991/1755
f 1818/1989/1753 1769/1992/1756 1811/1993/1757 1852/1990/1754
f 1852/1990/1754 1811/1993/1757 1758/1994/1758 1802/1995/1759
f 1851/1991/1755 1852/1990/1754 1802/1995/1759 1773/1996/1760
f 1787/1997/1761 1849/1998/1762 1853/1999/1763 1819/2000/1764
f 1849/1998/1762 1775/2001/1765 1803/2002/1766 1853/1999/1763
f 1853/1999/1763 1803/2002/1766 1759/2003/1767 1809/2004/1768
f 1819/2000/1764 1853/1999/1763 1809/2004/1768 1767/2005/1769
f 1787/2006/1761 1819/2007/1764 1854/2008/1770 1847/2009/1771
f 1819/2007/1764 1767/2010/1769 1791/2011/1772 1854/2008/1770
f 1854/2008/1770 1791/2011/1772 1761/2012/1773 1805/2013/1774
f 1847/2009/1771 1854/2008/1770 1805/2013/1774 1779/2014/1775
f 1771/2015/1776 1801/2016/1777 1855/2017/1778 1817/2018/1779
f 1801/2016/1777 1762/2019/1780 1788/2020/1781 1855/2017/1778
f 1855/2017/1778 1788/2020/1781 1755/2021/1782 1808/2022/1783
f 1817/2018/1779 1855/2017/1778 1808/2022/1783 1766/2023/1784
f 1770/2024/1785 1800/2025/1786 1856/2026/1787 1816/2027/1788
f 1800/2025/1786 1764/2028/1789 1793/2029/1790 1856/2026/1787
f 1856/2026/1787 1793/2029/1790 1761/2012/1773 1791/2011/1772
f 1816/2027/1788 1856/2026/1787 1791/2011/1772 1767/2010/1769
f 1769/2030/1756 1795/2031/1791 1857/2032/1792 1815/2033/1793
f 1795/2031/1791 1760/2034/1794 1798/2035/1795 1857/2032/1792
f 1857/2032/1792 1798/2035/1795 1764/2028/1789 1800/2025/1786
f 1815/2033/1793 1857/2032/1792 1800/2025/1786 1770/2024/1785
f 1768/2036/1796 1810/2037/1797 1858/2038/1798 1814/2039/1799
f 1810/2037/1797 1754/2040/1800 1796/2041/1801 1858/2038/1798
f 1858/2038/1798 1796/2041/1801 1762/2019/1780 1801/2016/1777
f 1814/2039/1799 1858/2038/1798 1801/2016/1777 1771/2015/1776
f 1785/2042/1752 1845/2043/1802 1859/2044/1803 1818/2045/1753
f 1845/2043/1802 1777/2046/1804 1804/2047/1805 1859/2044/1803
f 1859/2044/1803 1804/2047/1805 1760/2034/1794 1795/2031/1791
f 1818/2045/1753 1859/2044/1803 1795/2031/1791 1769/2030/1756
f 1779/2014/1775 1805/2013/1774 1860/2048/1806 1843/2049/1807
f 1805/2013/1774 1761/2012/1773 1793/2029/1790 1860/2048/1806
f 1860/2048/1806 1793/2029/1790 1764/2028/1789 1806/2050/1808
f 1843/2049/1807 1860/2048/1806 1806/2050/1808 1781/2051/1809
f 1783/2052/1810 1807/2053/1811 1861/2054/1812 1841/2055/1813
f 1807/2053/1811 1765/2056/1814 1794/2057/1815 1861/2054/1812
f 1861/2054/1812 1794/2057/1815 1759/2003/1767 1803/2002/1766
f 1841/2055/1813 1861/2054/1812 1803/2002/1766 1775/2001/1765
f 1781/2051/1809 1806/2050/1808 1862/2058/1816 1839/2059/1817
f 1806/2050/1808 1764/2028/1789 1798/2035/1795 1862/2058/1816
f 1862/2058/1816 1798/2035/1795 1760/2034/1794 1804/2047/1805
f 1839/2059/1817 1862/2058/1816 1804/2047/1805 1777/2046/1804
f 1757/2060/1818 1792/2061/1819 1863/2062/1820 1790/2063/1821
f 1792/2061/1819 1768/2064/1796 1814/2065/1799 1863/2062/1820
f 1863/2062/1820 1814/2065/1799 1771/2066/1776 1813/2067/1822
f 1790/2063/1821 1863/2062/1820 1813/2067/1822 1763/2068/1823
f 1758/1994/1758 1811/1993/1757 1864/2069/1824 1799/2070/1825
f 1811/1993/1757 1769/1992/1756 1815/2071/1793 1864/2069/1824
f 1864/2069/1824 1815/2071/1793 1770/2072/1785 1812/2073/1826
f 1799/2070/1825 1864/2069/1824 1812/2073/1826 1765/2056/1814
f 1765/2056/1814 1812/2073/1826 1865/2074/1827 1794/2057/1815
f 1812/2073/1826 1770/2072/1785 1816/2075/1788 1865/2074/1827
f 1865/2074/1827 1816/2075/1788 1767/2005/1769 1809/2004/1768
f 1794/2057/1815 1865/2074/1827 1809/2004/1768 1759/2003/1767
f 1763/2068/1823 1813/2067/1822 1866/2076/1828 1797/2077/1829
f 1813/2067/1822 1771/2066/1776 1817/2078/1779 1866/2076/1828
f 1866/2076/1828 1817/2078/1779 1766/2079/1784 1789/2080/1830
f 1797/2077/1829 1866/2076/1828 1789/2080/1830 1756/2081/1831
f 1773/1996/1760 1802/1995/1759 1867/2082/1832 1837/2083/1833
f 1802/1995/1759 1758/1994/1758 1799/2070/1825 1867/2082/1832
f 1867/2082/1832 1799/2070/1825 1765/2056/1814 1807/2053/1811
f 1837/2083/1833 1867/2082/1832 1807/2053/1811 1783/2052/1810
f 1754/2040/1800 1820/2084/1834 1868/2085/1835 1796/2041/1801
f 1820/2084/1834 1772/2086/1836 1836/2087/1837 1868/2085/1835
f 1868/2085/1835 1836/2087/1837 1782/2088/1838 1830/2089/1839
f 1796/2041/1801 1868/2085/1835 1830/2089/1839 1762/2019/1780
f 1772/2086/1836 1821/2090/1840 1869/2091/1841 1836/2087/1837
f 1821/2090/1840 1773/1996/1760 1837/2083/1833 1869/2091/1841
f 1869/2091/1841 1837/2083/1833 1783/2052/1810 1831/2092/1842
f 1836/2087/1837 1869/2091/1841 1831/2092/1842 1782/2088/1838
f 1763/2068/1823 1828/2093/1843 1870/2094/1844 1790/2063/1821
f 1828/2093/1843 1780/2095/1845 1838/2096/1846 1870/2094/1844
f 1870/2094/1844 1838/2096/1846 1776/2097/1847 1824/2098/1848
f 1790/2063/1821 1870/2094/1844 1824/2098/1848 1757/2060/1818
f 1780/2095/1845 1829/2099/1849 1871/2100/1850 1838/2096/1846
f 1829/2099/1849 1781/2051/1809 1839/2059/1817 1871/2100/1850
f 1871/2100/1850 1839/2059/1817 1777/2046/1804 1825/2101/1851
f 1838/2096/1846 1871/2100/1850 1825/2101/1851 1776/2097/1847
f 1762/2019/1780 1830/2089/1839 1872/2102/1852 1788/2020/1781
f 1830/2089/1839 1782/2088/1838 1840/2103/1853 1872/2102/1852
f 1872/2102/1852 1840/2103/1853 1774/2104/1854 1822/2105/1855
f 1788/2020/1781 1872/2102/1852 1822/2105/1855 1755/2021/1782
f 1782/2088/1838 1831/2092/1842 1873/2106/1856 1840/2103/1853
f 1831/2092/1842 1783/2052/1810 1841/2055/1813 1873/2106/1856
f 1873/2106/1856 1841/2055/1813 1775/2001/1765 1823/2107/1857
f 1840/2103/1853 1873/2106/1856 1823/2107/1857 1774/2104/1854
f 1756/2081/1831 1826/2108/1858 1874/2109/1859 1797/2077/1829
f 1826/2108/1858 1778/2110/1860 1842/2111/1861 1874/2109/1859
f 1874/2109/1859 1842/2111/1861 1780/2095/1845 1828/2093/1843
f 1797/2077/1829 1874/2109/1859 1828/2093/1843 1763/2068/1823
f 1778/2110/1860 1827/2112/1862 1875/2113/1863 1842/2111/1861
f 1827/2112/1862 1779/2014/1775 1843/2049/1807 1875/2113/1863
f 1875/2113/1863 1843/2049/1807 1781/2051/1809 1829/2099/1849
f 1842/2111/1861 1875/2113/1863 1829/2099/1849 1780/2095/1845
f 1768/2064/1796 1792/2061/1819 1876/2114/1864 1832/2115/1865
f 1792/2061/1819 1757/2060/1818 1824/2098/1848 1876/2114/1864
f 1876/2114/1864 1824/2098/1848 1776/2097/1847 1844/2116/1866
f 1832/2115/1865 1876/2114/1864 1844/2116/1866 1784/2117/1867
f 1784/2117/1867 1844/2116/1866 1877/2118/1868 1833/2119/1869
f 1844/2116/1866 1776/2097/1847 1825/2101/1851 1877/2118/1868
f 1877/2118/1868 1825/2101/1851 1777/2046/1804 1845/2043/1802
f 1833/2119/1869 1877/2118/1868 1845/2043/1802 1785/2042/1752
f 1766/2079/1784 1834/2120/1870 1878/2121/1871 1789/2080/1830
f 1834/2120/1870 1786/2122/1872 1846/2123/1873 1878/2121/1871
f 1878/2121/1871 1846/2123/1873 1778/2110/1860 1826/2108/1858
f 1789/2080/1830 1878/2121/1871 1826/2108/1858 1756/2081/1831
f 1786/2122/1872 1835/2124/1874 1879/2125/1875 1846/2123/1873
f 1835/2124/1874 1787/2006/1761 1847/2009/1771 1879/2125/1875
f 1879/2125/1875 1847/2009/1771 1779/2014/1775 1827/2112/1862
f 1846/2123/1873 1879/2125/1875 1827/2112/1862 1778/2110/1860
f 1766/2023/1784 1808/2022/1783 1880/2126/1876 1834/2127/1870
f 1808/2022/1783 1755/2021/1782 1822/2105/1855 1880/2126/1876
f 1880/2126/1876 1822/2105/1855 1774/2104/1854 1848/2128/1877
f 1834/2127/1870 1880/2126/1876 1848/2128/1877 1786/2129/1872
f 1786/2129/1872 1848/2128/1877 1881/2130/1878 1835/2131/1874
f 1848/2128/1877 1774/2104/1854 1823/2107/1857 1881/2130/1878
f 1881/2130/1878 1823/2107/1857 1775/2001/1765 1849/1998/1762
f 1835/2131/1874 1881/2130/1878 1849/1998/1762 1787/1997/1761
f 1768/2036/1796 1832/2132/1865 1882/2133/1879 1810/2037/1797
f 1832/2132/1865 1784/2134/1867 1850/2135/1880 1882/2133/1879
f 1882/2133/1879 1850/2135/1880 1772/2086/1836 1820/2084/1834
f 1810/2037/1797 1882/2133/1879 1820/2084/1834 1754/2040/1800
f 1784/2134/1867 1833/2136/1869 1883/2137/1881 1850/2135/1880
f 1833/2136/1869 1785/1988/1752 1851/1991/1755 1883/2137/1881
f 1883/2137/1881 1851/1991/1755 1773/1996/1760 1821/2090/1840
f 1850/2135/1880 1883/2137/1881 1821/2090/1840 1772/2086/1836
f 1926/2138/1882 1935/2139/1883 2030/2140/1884 2029/2141/1885
f 1935/2139/1883 1886/2142/1886 1960/2143/1887 2030/2140/1884
f 2030/2140/1884 1960/2143/1887 1887/2144/1888 1936/2145/1889
f 2029/2141/1885 2030/2140/1884 1936/2145/1889 1927/2146/1890
f 1927/2146/1890 1936/2145/1889 2031/2147/1891 2028/2148/1892
f 1936/2145/1889 1887/2144/1888 1966/2149/1893 2031/2147/1891
f 2031/2147/1891 1966/2149/1893 1890/2150/1894 1939/2151/1895
f 2028/2148/1892 2031/2147/1891 1939/2151/1895 1928/2152/1896
f 1918/2153/1897 1950/2154/1898 2032/2155/1899 2013/2156/1900
f 1950/2154/1898 1901/2157/1901 1976/2158/1902 2032/2155/1899
f 2032/2155/1899 1976/2158/1902 1902/2159/1903 1951/2160/1904
f 2013/2156/1900 2032/2155/1899 1951/2160/1904 1919/2161/1905
f 1919/2161/1905 1951/2160/1904 2033/2162/1906 2012/2163/1907
f 1951/2160/1904 1902/2159/1903 1980/2164/1908 2033/2162/1906
f 2033/2162/1906 1980/2164/1908 1903/2165/1909 1952/2166/1910
f 2012/2163/1907 2033/2162/1906 1952/2166/1910 1920/2167/1911
f 1928/2152/1896 1939/2151/1895 2034/2168/1912 2027/2169/1913
f 1939/2151/1895 1890/2150/1894 1972/2170/1914 2034/2168/1912
f 2034/2168/1912 1972/2170/1914 1891/2171/1915 1940/2172/1916
f 2027/2169/1913 2034/2168/1912 1940/2172/1916 1929/2173/1917
f 1929/2174/1917 1940/2175/1916 2035/2176/1918 2026/2177/1919
f 1940/2175/1916 1891/2178/1915 1978/2179/1920 2035/2176/1918
f 2035/2176/1918 1978/2179/1920 1894/2180/1921 1943/2181/1922
f 2026/2177/1919 2035/2176/1918 1943/2181/1922 1930/2182/1923
f 1920/2167/1911 1952/2166/1910 2036/2183/1924 2011/2184/1925
f 1952/2166/1910 1903/2165/1909 1962/2185/1926 2036/2183/1924
f 2036/2183/1924 1962/2185/1926 1906/2186/1927 1955/2187/1928
f 2011/2184/1925 2036/2183/1924 1955/2187/1928 1922/2188/1929
f 1922/2189/1929 1955/2190/1928 2037/2191/1930 2010/2192/1931
f 1955/2190/1928 1906/2193/1927 1964/2194/1932 2037/2191/1930
f 2037/2191/1930 1964/2194/1932 1909/2195/1933 1958/2196/1934
f 2010/2192/1931 2037/2191/1930 1958/2196/1934 1925/2197/1935
f 1930/2182/1923 1943/2181/1922 2038/2198/1936 2025/2199/1937
f 1943/2181/1922 1894/2180/1921 1963/2200/1938 2038/2198/1936
f 2038/2198/1936 1963/2200/1938 1895/2201/1939 1944/2202/1940
f 2025/2199/1937 2038/2198/1936 1944/2202/1940 1931/2203/1941
f 1931/2203/1941 1944/2202/1940 2039/2204/1942 2024/2205/1943
f 1944/2202/1940 1895/2201/1939 1959/2206/1944 2039/2204/1942
f 2039/2204/1942 1959/2206/1944 1898/2207/1945 1947/2208/1946
f 2024/2205/1943 2039/2204/1942 1947/2208/1946 1932/2209/1947
f 1925/2197/1935 1958/2196/1934 2040/2210/1948 2009/2211/1949
f 1958/2196/1934 1909/2195/1933 1970/2212/1950 2040/2210/1948
f 2040/2210/1948 1970/2212/1950 1908/2213/1951 1957/2214/1952
f 2009/2211/1949 2040/2210/1948 1957/2214/1952 1924/2215/1953
f 1924/2215/1953 1957/2214/1952 2041/2216/1954 2008/2217/1955
f 1957/2214/1952 1908/2213/1951 1965/2218/1956 2041/2216/1954
f 2041/2216/1954 1965/2218/1956 1907/2219/1957 1956/2220/1958
f 2008/2217/1955 2041/2216/1954 1956/2220/1958 1923/2221/1959
f 1932/2209/1947 1947/2208/1946 2042/2222/1960 2023/2223/1961
f 1947/2208/1946 1898/2207/1945 1969/2224/1962 2042/2222/1960
f 2042/2222/1960 1969/2224/1962 1899/2225/1963 1948/2226/1964
f 2023/2223/1961 2042/2222/1960 1948/2226/1964 1933/2227/1965
f 1933/2228/1965 1948/2229/1964 2043/2230/1966 2022/2231/1967
f 1948/2229/1964 1899/2232/1963 1974/2233/1968 2043/2230/1966
f 2043/2230/1966 1974/2233/1968 1886/2142/1886 1935/2139/1883
f 2022/2231/1967 2043/2230/1966 1935/2139/1883 1926/2138/1882
f 1923/2221/1959 1956/2220/1958 2044/2234/1969 2007/2235/1970
f 1956/2220/1958 1907/2219/1957 1977/2236/1971 2044/2234/1969
f 2044/2234/1969 1977/2236/1971 1904/2237/1972 1953/2238/1973
f 2007/2235/1970 2044/2234/1969 1953/2238/1973 1921/2239/1974
f 1921/2240/1974 1953/2241/1973 2045/2242/1975 2006/2243/1976
f 1953/2241/1973 1904/2244/1972 1979/2245/1977 2045/2242/1975
f 2045/2242/1975 1979/2245/1977 1901/2157/1901 1950/2154/1898
f 2006/2243/1976 2045/2242/1975 1950/2154/1898 1918/2153/1897
f 1896/2246/1978 1946/2247/1979 2046/2248/1980 1945/2249/1981
f 1946/2247/1979 1897/2250/1982 1968/2251/1983 2046/2248/1980
f 2046/2248/1980 1968/2251/1983 1900/2252/1984 1949/2253/1985
f 1945/2249/1981 2046/2248/1980 1949/2253/1985 1893/2254/1986
f 1893/2254/1986 1949/2253/1985 2047/2255/1987 1942/2256/1988
f 1949/2253/1985 1900/2252/1984 1981/2257/1989 2047/2255/1987
f 2047/2255/1987 1981/2257/1989 1889/2258/1990 1941/2259/1991
f 1942/2256/1988 2047/2255/1987 1941/2259/1991 1892/2260/1992
f 1897/2261/1982 1971/2262/1993 2048/2263/1994 1968/2264/1983
f 1971/2262/1993 1884/2265/1995 1934/2266/1996 2048/2263/1994
f 2048/2263/1994 1934/2266/1996 1885/2267/1997 1973/2268/1998
f 1968/2264/1983 2048/2263/1994 1973/2268/1998 1900/2269/1984
f 1900/2269/1984 1973/2268/1998 2049/2270/1999 1981/2271/1989
f 1973/2268/1998 1885/2267/1997 1937/2272/2000 2049/2270/1999
f 2049/2270/1999 1937/2272/2000 1888/2273/2001 1938/2274/2002
f 1981/2271/1989 2049/2270/1999 1938/2274/2002 1889/2275/1990
f 1901/2157/1901 1979/2245/1977 2050/2276/2003 1976/2158/1902
f 1979/2245/1977 1904/2244/1972 1967/2277/2004 2050/2276/2003
f 2050/2276/2003 1967/2277/2004 1905/2278/2005 1954/2279/2006
f 1976/2158/1902 2050/2276/2003 1954/2279/2006 1902/2159/1903
f 1902/2159/1903 1954/2279/2006 2051/2280/2007 1980/2164/1908
f 1954/2279/2006 1905/2278/2005 1975/2281/2008 2051/2280/2007
f 2051/2280/2007 1975/2281/2008 1906/2186/1927 1962/2185/1926
f 1980/2164/1908 2051/2280/2007 1962/2185/1926 1903/2165/1909
f 1904/2237/1972 1977/2236/1971 2052/2282/2009 1967/2283/2004
f 1977/2236/1971 1907/2219/1957 1965/2218/1956 2052/2282/2009
f 2052/2282/2009 1965/2218/1956 1908/2213/1951 1961/2284/2010
f 1967/2283/2004 2052/2282/2009 1961/2284/2010 1905/2285/2005
f 1905/2285/2005 1961/2284/2010 2053/2286/2011 1975/2287/2008
f 1961/2284/2010 1908/2213/1951 1970/2212/1950 2053/2286/2011
f 2053/2286/2011 1970/2212/1950 1909/2195/1933 1964/2194/1932
f 1975/2287/2008 2053/2286/2011 1964/2194/1932 1906/2193/1927
f 1899/2232/1963 1985/2288/2012 2054/2289/2013 1974/2233/1968
f 1985/2288/2012 1913/2290/2014 1990/2291/2015 2054/2289/2013
f 2054/2289/2013 1990/2291/2015 1910/2292/2016 1982/2293/2017
f 1974/2233/1968 2054/2289/2013 1982/2293/2017 1886/2142/1886
f 1898/2207/1945 1987/2294/2018 2055/2295/2019 1969/2224/1962
f 1987/2294/2018 1915/2296/2020 1991/2297/2021 2055/2295/2019
f 2055/2295/2019 1991/2297/2021 1913/2298/2014 1985/2299/2012
f 1969/2224/1962 2055/2295/2019 1985/2299/2012 1899/2225/1963
f 1895/2201/1939 1988/2300/2022 2056/2301/2023 1959/2206/1944
f 1988/2300/2022 1916/2302/2024 1992/2303/2025 2056/2301/2023
f 2056/2301/2023 1992/2303/2025 1915/2296/2020 1987/2294/2018
f 1959/2206/1944 2056/2301/2023 1987/2294/2018 1898/2207/1945
f 1894/2180/1921 1989/2304/2026 2057/2305/2027 1963/2200/1938
f 1989/2304/2026 1917/2306/2028 1993/2307/2029 2057/2305/2027
f 2057/2305/2027 1993/2307/2029 1916/2302/2024 1988/2300/2022
f 1963/2200/1938 2057/2305/2027 1988/2300/2022 1895/2201/1939
f 1891/2178/1915 1986/2308/2030 2058/2309/2031 1978/2179/1920
f 1986/2308/2030 1914/2310/2032 1994/2311/2033 2058/2309/2031
f 2058/2309/2031 1994/2311/2033 1917/2306/2028 1989/2304/2026
f 1978/2179/1920 2058/2309/2031 1989/2304/2026 1894/2180/1921
f 1890/2150/1894 1984/2312/2034 2059/2313/2035 1972/2170/1914
f 1984/2312/2034 1912/2314/2036 1995/2315/2037 2059/2313/2035
f 2059/2313/2035 1995/2315/2037 1914/2316/2032 1986/2317/2030
f 1972/2170/1914 2059/2313/2035 1986/2317/2030 1891/2171/1915
f 1887/2144/1888 1983/2318/2038 2060/2319/2039 1966/2149/1893
f 1983/2318/2038 1911/2320/2040 1996/2321/2041 2060/2319/2039
f 2060/2319/2039 1996/2321/2041 1912/2314/2036 1984/2312/2034
f 1966/2149/1893 2060/2319/2039 1984/2312/2034 1890/2150/1894
f 1886/2142/1886 1982/2293/2017 2061/2322/2042 1960/2143/1887
f 1982/2293/2017 1910/2292/2016 1997/2323/2043 2061/2322/2042
f 2061/2322/2042 1997/2323/2043 1911/2320/2040 1983/2318/2038
f 1960/2143/1887 2061/2322/2042 1983/2318/2038 1887/2144/1888
f 1913/2290/2014 2001/2324/2044 2062/2325/2045 1990/2291/2015
f 2001/2324/2044 1921/2240/1974 2006/2243/1976 2062/2325/2045
f 2062/2325/2045 2006/2243/1976 1918/2153/1897 1998/2326/2046
f 1990/2291/2015 2062/2325/2045 1998/2326/2046 1910/2292/2016
f 1915/2296/2020 2003/2327/2047 2063/2328/2048 1991/2297/2021
f 2003/2327/2047 1923/2221/1959 2007/2235/1970 2063/2328/2048
f 2063/2328/2048 2007/2235/1970 1921/2239/1974 2001/2329/2044
f 1991/2297/2021 2063/2328/2048 2001/2329/2044 1913/2298/2014
f 1916/2302/2024 2004/2330/2049 2064/2331/2050 1992/2303/2025
f 2004/2330/2049 1924/2215/1953 2008/2217/1955 2064/2331/2050
f 2064/2331/2050 2008/2217/1955 1923/2221/1959 2003/2327/2047
f 1992/2303/2025 2064/2331/2050 2003/2327/2047 1915/2296/2020
f 1917/2306/2028 2005/2332/2051 2065/2333/2052 1993/2307/2029
f 2005/2332/2051 1925/2197/1935 2009/2211/1949 2065/2333/2052
f 2065/2333/2052 2009/2211/1949 1924/2215/1953 2004/2330/2049
f 1993/2307/2029 2065/2333/2052 2004/2330/2049 1916/2302/2024
f 1914/2310/2032 2002/2334/2053 2066/2335/2054 1994/2311/2033
f 2002/2334/2053 1922/2189/1929 2010/2192/1931 2066/2335/2054
f 2066/2335/2054 2010/2192/1931 1925/2197/1935 2005/2332/2051
f 1994/2311/2033 2066/2335/2054 2005/2332/2051 1917/2306/2028
f 1912/2314/2036 2000/2336/2055 2067/2337/2056 1995/2315/2037
f 2000/2336/2055 1920/2167/1911 2011/2184/1925 2067/2337/2056
f 2067/2337/2056 2011/2184/1925 1922/2188/1929 2002/2338/2053
f 1995/2315/2037 2067/2337/2056 2002/2338/2053 1914/2316/2032
f 1911/2320/2040 1999/2339/2057 2068/2340/2058 1996/2321/2041
f 1999/2339/2057 1919/2161/1905 2012/2163/1907 2068/2340/2058
f 2068/2340/2058 2012/2163/1907 1920/2167/1911 2000/2336/2055
f 1996/2321/2041 2068/2340/2058 2000/2336/2055 1912/2314/2036
f 1910/2292/2016 1998/2326/2046 2069/2341/2059 1997/2323/2043
f 1998/2326/2046 1918/2153/1897 2013/2156/1900 2069/2341/2059
f 2069/2341/2059 2013/2156/1900 1919/2161/1905 1999/2339/2057
f 1997/2323/2043 2069/2341/2059 1999/2339/2057 1911/2320/2040
f 1897/2261/1982 2021/2342/2060 2070/2343/2061 1971/2262/1993
f 2021/2342/2060 1933/2228/1965 2022/2231/1967 2070/2343/2061
f 2070/2343/2061 2022/2231/1967 1926/2138/1882 2014/2344/2062
f 1971/2262/1993 2070/2343/2061 2014/2344/2062 1884/2265/1995
f 1896/2246/1978 2020/2345/2063 2071/2346/2064 1946/2247/1979
f 2020/2345/2063 1932/2209/1947 2023/2223/1961 2071/2346/2064
f 2071/2346/2064 2023/2223/1961 1933/2227/1965 2021/2347/2060
f 1946/2247/1979 2071/2346/2064 2021/2347/2060 1897/2250/1982
f 1893/2254/1986 2019/2348/2065 2072/2349/2066 1945/2249/1981
f 2019/2348/2065 1931/2203/1941 2024/2205/1943 2072/2349/2066
f 2072/2349/2066 2024/2205/1943 1932/2209/1947 2020/2345/2063
f 1945/2249/1981 2072/2349/2066 2020/2345/2063 1896/2246/1978
f 1892/2260/1992 2018/2350/2067 2073/2351/2068 1942/2256/1988
f 2018/2350/2067 1930/2182/1923 2025/2199/1937 2073/2351/2068
f 2073/2351/2068 2025/2199/1937 1931/2203/1941 2019/2348/2065
f 1942/2256/1988 2073/2351/2068 2019/2348/2065 1893/2254/1986
f 1889/2258/1990 2017/2352/2069 2074/2353/2070 1941/2259/1991
f 2017/2352/2069 1929/2174/1917 2026/2177/1919 2074/2353/2070
f 2074/2353/2070 2026/2177/1919 1930/2182/1923 2018/2350/2067
f 1941/2259/1991 2074/2353/2070 2018/2350/2067 1892/2260/1992
f 1888/2273/2001 2016/2354/2071 2075/2355/2072 1938/2274/2002
f 2016/2354/2071 1928/2152/1896 2027/2169/1913 2075/2355/2072
f 2075/2355/2072 2027/2169/1913 1929/2173/1917 2017/2356/2069
f 1938/2274/2002 2075/2355/2072 2017/2356/2069 1889/2275/1990
f 1885/2267/1997 2015/2357/2073 2076/2358/2074 1937/2272/2000
f 2015/2357/2073 1927/2146/1890 2028/2148/1892 2076/2358/2074
f 2076/2358/2074 2028/2148/1892 1928/2152/1896 2016/2354/2071
f 1937/2272/2000 2076/2358/2074 2016/2354/2071 1888/2273/2001
f 1884/2265/1995 2014/2344/2062 2077/2359/2075 1934/2266/1996
f 2014/2344/2062 1926/2138/1882 2029/2141/1885 2077/2359/2075
f 2077/2359/2075 2029/2141/1885 1927/2146/1890 2015/2357/2073
f 1934/2266/1996 2077/2359/2075 2015/2357/2073 1885/2267/1997
o Head.001_Roundcube.060
v 0.231649 0.887505 0.420953
v 0.280141 0.891148 0.395678
v 0.203517 0.945879 0.451606
v 0.259246 0.969251 0.429540
v 0.322858 0.924554 0.387723
v 0.335152 0.917290 0.394482
v 0.317277 0.992088 0.409648
v 0.337079 0.993830 0.418281
v 0.329577 0.922591 0.417658
v 0.293487 0.894238 0.429518
v 0.324660 0.980970 0.443915
v 0.279787 0.959181 0.468153
v 0.248508 0.889661 0.447560
v 0.235464 0.876797 0.430241
v 0.227326 0.941433 0.478332
v 0.197900 0.937296 0.469026
v 0.292341 0.870470 0.398440
v 0.198777 1.013384 0.473473
v 0.239142 1.048035 0.460790
v 0.289986 1.050433 0.439769
v 0.199537 1.014250 0.489958
v 0.242181 1.061816 0.482518
v 0.299225 1.054743 0.453609
v 0.219290 1.001535 0.495225
v 0.258408 1.028440 0.488312
v 0.300359 1.034465 0.467133
v 0.239620 0.885535 0.415489
v 0.251615 0.884833 0.408481
v 0.265553 0.886633 0.401632
v 0.225177 0.895825 0.426344
v 0.217139 0.909416 0.434220
v 0.209646 0.926533 0.442975
v 0.275619 0.906328 0.401894
v 0.270582 0.925157 0.410310
v 0.265101 0.946507 0.419876
v 0.294184 0.898263 0.391172
v 0.306678 0.907199 0.388379
v 0.316675 0.916834 0.387392
v 0.326667 0.922076 0.387084
v 0.330655 0.919604 0.387787
v 0.333538 0.917987 0.390329
v 0.323759 0.935869 0.390293
v 0.323557 0.952643 0.395152
v 0.321451 0.971947 0.401814
v 0.339861 0.935165 0.398307
v 0.341704 0.954417 0.403752
v 0.340753 0.974241 0.410511
v 0.335485 0.917479 0.399878
v 0.334468 0.918581 0.406091
v 0.332164 0.920536 0.412550
v 0.324613 0.915967 0.419029
v 0.316334 0.907823 0.421553
v 0.305700 0.900320 0.425102
v 0.330497 0.932299 0.421999
v 0.330338 0.946713 0.428498
v 0.328394 0.963396 0.436039
v 0.291375 0.907443 0.439506
v 0.288299 0.923157 0.449622
v 0.284391 0.940647 0.459344
v 0.280535 0.890098 0.434551
v 0.267819 0.888116 0.439686
v 0.256438 0.888275 0.444328
v 0.245588 0.885370 0.444356
v 0.241955 0.881003 0.439818
v 0.238492 0.878080 0.434903
v 0.243959 0.897148 0.453768
v 0.238119 0.909255 0.462027
v 0.232393 0.924401 0.470469
v 0.223234 0.887792 0.440331
v 0.212699 0.902016 0.450455
v 0.204155 0.918755 0.460167
v 0.294545 0.884107 0.420132
v 0.294627 0.876949 0.411652
v 0.293852 0.872494 0.404335
v 0.199327 0.966071 0.459282
v 0.197295 0.985445 0.465660
v 0.197406 1.002195 0.470527
v 0.253175 0.992204 0.438450
v 0.247400 1.013960 0.446540
v 0.242522 1.033058 0.453942
v 0.311132 1.011486 0.418001
v 0.303712 1.028671 0.426347
v 0.295988 1.042239 0.434100
v 0.194197 0.956910 0.476634
v 0.193173 0.976808 0.482772
v 0.194922 0.996189 0.487271
v 0.237696 1.057808 0.467172
v 0.237971 1.062817 0.473004
v 0.239591 1.063881 0.478162
v 0.330795 1.012395 0.426761
v 0.322178 1.029209 0.435664
v 0.311548 1.043562 0.444708
v 0.223323 0.959152 0.485041
v 0.220634 0.976241 0.490227
v 0.219388 0.991255 0.493632
v 0.274639 0.978014 0.475598
v 0.269186 0.996364 0.481508
v 0.263689 1.013438 0.485780
v 0.319324 0.998147 0.451474
v 0.312853 1.013700 0.458215
v 0.305927 1.026407 0.463670
v 0.265991 0.953829 0.472436
v 0.252247 0.948963 0.475664
v 0.239158 0.944770 0.477682
v 0.213746 0.950604 0.446548
v 0.227167 0.956258 0.441199
v 0.242695 0.962565 0.435537
v 0.245421 1.057283 0.485930
v 0.249225 1.050302 0.488185
v 0.253564 1.040734 0.489056
v 0.292265 1.053787 0.441883
v 0.294954 1.056248 0.445205
v 0.297332 1.056524 0.449224
v 0.315977 0.975973 0.450673
v 0.305278 0.970504 0.457089
v 0.293052 0.964821 0.462977
v 0.300529 1.051228 0.458021
v 0.301126 1.046183 0.462031
v 0.300962 1.039985 0.465214
v 0.225249 1.007672 0.495370
v 0.234583 1.015311 0.494435
v 0.245936 1.022477 0.492046
v 0.275787 0.976007 0.423310
v 0.291491 0.982386 0.417439
v 0.305580 0.987907 0.412646
v 0.207012 1.030262 0.490715
v 0.216945 1.043776 0.489632
v 0.228835 1.054420 0.486852
v 0.249044 0.869608 0.420618
v 0.263439 0.866239 0.411854
v 0.278065 0.866567 0.404334
v 0.217248 0.939092 0.477535
v 0.209002 0.937691 0.475516
v 0.202562 0.937127 0.472579
v 0.271102 1.032699 0.483459
v 0.283099 1.035018 0.477818
v 0.293424 1.035365 0.471879
v 0.231212 0.883302 0.421688
v 0.231595 0.879366 0.423482
v 0.233078 0.877181 0.426365
v 0.326001 0.994574 0.408980
v 0.331949 0.995511 0.410447
v 0.335511 0.995172 0.413673
v 0.284088 0.880447 0.392474
v 0.287442 0.873870 0.392128
v 0.290195 0.870762 0.394248
v 0.197277 0.942287 0.456392
v 0.194682 0.939754 0.460897
v 0.195100 0.938138 0.465113
v 0.256466 1.065643 0.476791
v 0.271124 1.065783 0.469900
v 0.285570 1.062172 0.462090
v 0.204091 1.021564 0.472099
v 0.213262 1.031636 0.469473
v 0.225258 1.040836 0.465664
v 0.203535 1.011830 0.492944
v 0.208614 1.008604 0.494845
v 0.214387 1.004818 0.495497
v 0.336942 0.991711 0.423908
v 0.334976 0.988861 0.430250
v 0.330958 0.985281 0.437016
v 0.196809 1.015013 0.477148
v 0.195893 1.016010 0.481750
v 0.196872 1.015717 0.486140
v 0.253890 1.052466 0.455084
v 0.268326 1.054003 0.449126
v 0.281146 1.052863 0.443625
v 0.327603 0.901518 0.392532
v 0.317617 0.888246 0.392528
v 0.305696 0.877791 0.394490
v 0.233909 0.897001 0.420907
v 0.226831 0.912110 0.428739
v 0.219848 0.930345 0.437656
v 0.246143 0.898310 0.414435
v 0.239771 0.915247 0.422636
v 0.233258 0.934895 0.431928
v 0.260481 0.901284 0.407896
v 0.254759 0.919497 0.416371
v 0.248726 0.940269 0.425951
v 0.290338 0.913412 0.396916
v 0.286107 0.932231 0.404805
v 0.281307 0.953503 0.413916
v 0.303700 0.921689 0.393289
v 0.300528 0.939926 0.400239
v 0.296563 0.960609 0.408557
v 0.314937 0.929914 0.391191
v 0.313170 0.947180 0.396962
v 0.310169 0.967033 0.404347
v 0.209087 0.971574 0.454514
v 0.206087 0.991580 0.461337
v 0.204707 1.008849 0.467050
v 0.221960 0.978183 0.449553
v 0.217874 0.999131 0.456913
v 0.215026 1.017475 0.463445
v 0.236983 0.985260 0.444243
v 0.231944 1.006896 0.452038
v 0.227929 1.025933 0.459109
v 0.269565 0.998494 0.432204
v 0.263292 1.019629 0.440454
v 0.257786 1.038060 0.448077
v 0.285265 1.003897 0.426164
v 0.278631 1.023810 0.434463
v 0.272583 1.040855 0.442177
v 0.299409 1.008263 0.421152
v 0.292427 1.026650 0.429437
v 0.285735 1.041762 0.437109
v 0.330376 0.937523 0.390145
v 0.331381 0.955314 0.394927
v 0.329907 0.974743 0.401348
v 0.335185 0.936956 0.391268
v 0.336821 0.955892 0.396332
v 0.335714 0.975722 0.402822
v 0.338305 0.935990 0.394047
v 0.340171 0.955395 0.399342
v 0.339216 0.975400 0.405971
v 0.339949 0.934694 0.403729
v 0.341613 0.953318 0.409281
v 0.340577 0.972587 0.416138
v 0.338477 0.934495 0.409892
v 0.339800 0.951964 0.415549
v 0.338586 0.970365 0.422507
v 0.335338 0.934191 0.416271
v 0.336095 0.950002 0.422127
v 0.334588 0.967381 0.429264
v 0.319794 1.013492 0.417328
v 0.311809 1.030293 0.425910
v 0.302599 1.043908 0.434247
v 0.325650 1.014284 0.418875
v 0.317172 1.031161 0.427725
v 0.306881 1.045342 0.436616
v 0.329169 1.013892 0.422172
v 0.320480 1.030824 0.431148
v 0.309767 1.045261 0.440273
v 0.330839 1.009898 0.432229
v 0.322539 1.026383 0.440838
v 0.312339 1.040408 0.449504
v 0.329139 1.006563 0.438313
v 0.321366 1.022579 0.446400
v 0.311958 1.036044 0.454309
v 0.325404 1.002573 0.444792
v 0.318307 1.018145 0.452178
v 0.310080 1.030925 0.458905
v 0.323702 0.927083 0.426422
v 0.322439 0.941595 0.434264
v 0.319914 0.958291 0.442518
v 0.314739 0.920187 0.430480
v 0.312578 0.935368 0.439582
v 0.309467 0.952460 0.448601
v 0.303766 0.913355 0.434833
v 0.301042 0.928990 0.444696
v 0.297477 0.946417 0.454236
v 0.278290 0.903007 0.444322
v 0.274900 0.918372 0.454252
v 0.270698 0.935540 0.463802
v 0.265402 0.900146 0.448791
v 0.261573 0.914650 0.458203
v 0.257025 0.931158 0.467347
v 0.253646 0.898627 0.452279
v 0.249074 0.911795 0.460992
v 0.244038 0.927470 0.469675
v 0.310732 0.993471 0.458158
v 0.304658 1.009714 0.464518
v 0.298454 1.023780 0.469300
v 0.300045 0.988559 0.464586
v 0.294195 1.005785 0.470757
v 0.288299 1.021435 0.475285
v 0.287826 0.983396 0.470487
v 0.282142 1.001386 0.476530
v 0.276420 1.018055 0.480918
v 0.261047 0.972518 0.479693
v 0.256000 0.990767 0.485423
v 0.250945 1.007707 0.489559
v 0.247604 0.967257 0.482670
v 0.243190 0.985067 0.488175
v 0.238961 1.001395 0.492089
v 0.234856 0.962650 0.484469
v 0.231293 0.979913 0.489739
v 0.228397 0.995324 0.493327
v 0.236831 0.894178 0.452269
v 0.229231 0.906595 0.460912
v 0.222618 0.921899 0.469537
v 0.231297 0.890959 0.448859
v 0.222217 0.904203 0.458158
v 0.214724 0.920053 0.467209
v 0.226783 0.888727 0.444643
v 0.216750 0.902600 0.454474
v 0.208599 0.918979 0.463939
v 0.220758 0.888244 0.436452
v 0.210102 0.902562 0.446545
v 0.201436 0.919435 0.456242
v 0.219784 0.890081 0.433070
v 0.209486 0.904169 0.442718
v 0.200988 0.920997 0.452147
v 0.220897 0.893054 0.430001
v 0.211543 0.906636 0.438762
v 0.203491 0.923394 0.447773
v 0.213433 0.957091 0.484384
v 0.211444 0.974738 0.489755
v 0.211573 0.990912 0.493435
v 0.205277 0.956250 0.482638
v 0.203783 0.974818 0.488328
v 0.204778 0.992508 0.492418
v 0.198862 0.956289 0.479988
v 0.197676 0.975664 0.485955
v 0.199173 0.994440 0.490322
v 0.191390 0.957926 0.472764
v 0.190411 0.977990 0.478955
v 0.192220 0.997514 0.483482
v 0.190924 0.959559 0.468505
v 0.189837 0.979438 0.474685
v 0.191481 0.998467 0.479190
v 0.193378 0.962143 0.463971
v 0.191972 0.981616 0.470166
v 0.193121 0.999439 0.474691
v 0.256148 0.880483 0.437600
v 0.254127 0.874824 0.431464
v 0.251607 0.871226 0.425687
v 0.268317 0.878864 0.431365
v 0.267362 0.872274 0.423899
v 0.265603 0.868131 0.417315
v 0.281402 0.880145 0.425422
v 0.281087 0.873061 0.417197
v 0.279886 0.868611 0.410088
v 0.306887 0.890497 0.415918
v 0.307300 0.883708 0.407578
v 0.306906 0.879587 0.400346
v 0.317672 0.898912 0.413025
v 0.318511 0.893051 0.405158
v 0.318528 0.889629 0.398227
v 0.326232 0.908951 0.411705
v 0.327710 0.904713 0.404568
v 0.328216 0.902345 0.398045
v 0.246701 0.869935 0.416688
v 0.244643 0.872484 0.414212
v 0.242686 0.877576 0.413551
v 0.261128 0.866525 0.407830
v 0.258603 0.869376 0.405618
v 0.255627 0.875300 0.405645
v 0.275817 0.866836 0.400208
v 0.273080 0.869873 0.398100
v 0.269718 0.876273 0.398428
v 0.303692 0.878159 0.390293
v 0.301005 0.881216 0.388103
v 0.297779 0.887671 0.388280
v 0.315765 0.888718 0.388366
v 0.313121 0.891521 0.386082
v 0.309932 0.897359 0.386004
v 0.325886 0.902100 0.388401
v 0.323175 0.904383 0.386015
v 0.319758 0.908882 0.385665
v 0.203230 1.028566 0.477169
v 0.203052 1.031556 0.482184
v 0.204337 1.031893 0.486789
v 0.212437 1.040500 0.475262
v 0.212711 1.044780 0.480693
v 0.214251 1.045583 0.485551
v 0.224158 1.050479 0.471850
v 0.224525 1.055362 0.477558
v 0.226161 1.056386 0.482616
v 0.252219 1.061877 0.461483
v 0.252450 1.066705 0.467257
v 0.254036 1.067708 0.472378
v 0.266742 1.062559 0.455200
v 0.267230 1.066925 0.460583
v 0.268888 1.067776 0.465483
v 0.280301 1.059872 0.448696
v 0.281585 1.063456 0.453215
v 0.283523 1.064058 0.457699
v 0.210822 1.027134 0.493724
v 0.215499 1.022545 0.495585
v 0.220646 1.016322 0.496123
v 0.220602 1.039999 0.492734
v 0.224985 1.034212 0.494670
v 0.229803 1.026147 0.495270
v 0.232322 1.050148 0.490094
v 0.236447 1.043546 0.492160
v 0.241048 1.034402 0.492868
v 0.259341 1.061124 0.480394
v 0.262661 1.054194 0.482916
v 0.266533 1.044754 0.484045
v 0.273527 1.061497 0.473723
v 0.276134 1.054988 0.476609
v 0.279158 1.046195 0.478138
v 0.287431 1.058253 0.466178
v 0.289082 1.052434 0.469547
v 0.290730 1.044790 0.471696
v -0.030445 0.783337 0.422194
v -0.026167 0.795499 0.434345
v -0.030273 0.798775 0.408331
v -0.025994 0.810937 0.420482
v 0.041356 0.784932 0.424209
v 0.036822 0.797073 0.436087
v 0.041528 0.800370 0.410346
v 0.036994 0.812511 0.422224
v -0.076490 0.835300 0.438895
v -0.076632 0.823721 0.449292
v -0.065714 0.829848 0.455968
v -0.065571 0.841427 0.445570
v 0.079775 0.845193 0.448888
v 0.091769 0.839467 0.442965
v 0.091624 0.827888 0.453362
v 0.079630 0.833614 0.459286
v -0.050428 0.826243 0.432167
v -0.050605 0.810804 0.446030
v -0.060737 0.801302 0.436024
v -0.060560 0.816740 0.422160
v 0.062372 0.813277 0.448162
v 0.062550 0.828715 0.434299
v 0.072920 0.817684 0.423716
v 0.072742 0.802246 0.437579
v 0.005131 0.795235 0.406337
v 0.004953 0.808145 0.418960
v 0.004959 0.779797 0.420200
v 0.004780 0.792707 0.432823
v -0.031161 0.788775 0.412984
v -0.028338 0.786523 0.430869
v -0.025278 0.805498 0.429692
v -0.028101 0.807750 0.411807
v -0.013009 0.795529 0.406169
v 0.021375 0.809236 0.419831
v 0.039293 0.809335 0.413686
v 0.042292 0.790375 0.415050
v 0.036058 0.807068 0.431383
v 0.039056 0.788108 0.432747
v 0.023483 0.781261 0.421404
v -0.011248 0.792931 0.432665
v -0.078953 0.830363 0.444419
v -0.072210 0.827001 0.454793
v -0.065291 0.837755 0.452492
v -0.072035 0.841117 0.442118
v -0.059330 0.836609 0.440029
v -0.039418 0.801553 0.439020
v -0.071995 0.813649 0.444475
v -0.046282 0.806103 0.414016
v 0.087046 0.845318 0.446010
v 0.094511 0.834948 0.448873
v 0.079403 0.841573 0.455824
v 0.086868 0.831203 0.458686
v 0.072357 0.824939 0.455958
v 0.050744 0.819028 0.427127
v 0.057865 0.807097 0.415636
v 0.085726 0.816301 0.447376
v -0.039246 0.816991 0.425156
v -0.059507 0.821832 0.453298
v -0.046455 0.790665 0.427879
v -0.071819 0.828426 0.431205
v -0.055704 0.803159 0.443626
v -0.055461 0.824386 0.424564
v -0.062548 0.807240 0.427216
v -0.048616 0.820305 0.440974
v 0.050571 0.803590 0.440990
v 0.072536 0.839716 0.442688
v 0.085905 0.831078 0.434107
v 0.057692 0.791659 0.429499
v 0.074775 0.807896 0.428663
v 0.067524 0.804867 0.445470
v 0.067768 0.826094 0.426408
v 0.060516 0.823064 0.443215
v 0.023655 0.796699 0.407541
v -0.011075 0.808370 0.418802
v -0.013181 0.780091 0.420032
v 0.021202 0.793798 0.433694
v 0.004833 0.802847 0.428258
v 0.005079 0.785096 0.410902
v 0.004837 0.783358 0.429111
v 0.005074 0.804585 0.410049
v -0.057133 0.830897 0.448416
v 0.022547 0.805862 0.411086
v 0.070004 0.834083 0.451028
v -0.012247 0.783616 0.428948
v 0.023996 0.786629 0.412168
v -0.010799 0.803058 0.428102
v -0.074263 0.837177 0.450605
v -0.074394 0.819653 0.436289
v -0.065642 0.835442 0.433223
v -0.065885 0.815108 0.451482
v 0.089596 0.841870 0.454915
v 0.079378 0.838345 0.436023
v 0.079132 0.818011 0.454283
v 0.088506 0.822274 0.439278
v -0.042969 0.793214 0.436049
v -0.042731 0.814442 0.416987
v -0.047688 0.796342 0.418858
v -0.038013 0.811314 0.434177
v 0.059114 0.797141 0.420413
v 0.054099 0.794730 0.437844
v 0.054337 0.815957 0.418782
v 0.049323 0.813546 0.436213
v 0.020861 0.803868 0.429066
v -0.013457 0.785402 0.410732
v 0.022310 0.784635 0.430148
v -0.012010 0.804844 0.409886
v -0.180957 0.803758 -0.333635
v -0.185274 0.964403 -0.417810
v -0.187063 1.159485 -0.437328
v -0.180317 1.360837 -0.386602
v -0.330462 0.835710 -0.275171
v -0.397419 0.801931 -0.133078
v -0.418902 0.793430 0.032496
v -0.397419 0.803361 0.197467
v -0.375260 0.967283 -0.312721
v -0.510808 0.964005 -0.145654
v -0.546770 0.962727 0.032496
v -0.509592 0.964483 0.210646
v -0.383778 1.159485 -0.324411
v -0.519366 1.159485 -0.153004
v -0.553697 1.159485 0.032496
v -0.513839 1.159485 0.217997
v -0.345336 1.356730 -0.292468
v -0.454937 1.361560 -0.141949
v -0.483831 1.364440 0.032496
v -0.451068 1.361560 0.206942
v -0.330462 0.839270 0.336540
v -0.180957 0.796021 0.386551
v -0.374956 0.968713 0.377110
v -0.185274 0.962469 0.479783
v -0.382396 1.159485 0.389404
v -0.187063 1.159485 0.502321
v -0.344369 1.356730 0.357461
v -0.180317 1.360837 0.451595
v -0.190904 0.721908 0.213128
v -0.194613 0.705455 0.032496
v -0.190904 0.723842 -0.151155
v -0.171020 1.495671 -0.297390
v -0.284885 1.463415 -0.252766
v -0.176008 1.569491 -0.143570
v -0.327592 1.498594 -0.128576
v -0.179103 1.593863 0.032496
v -0.345006 1.514293 0.032496
v -0.176008 1.570928 0.208563
v -0.326928 1.498815 0.193568
v -0.171020 1.496030 0.362382
v -0.284637 1.463498 0.317759
v 0.180957 0.803758 -0.333635
v 0.185274 0.964403 -0.417810
v 0.187063 1.159485 -0.437328
v 0.180317 1.360837 -0.386602
v 0.330462 0.835710 -0.275171
v 0.397419 0.801931 -0.133078
v 0.418902 0.793430 0.032496
v 0.397419 0.803361 0.197467
v 0.375261 0.967283 -0.312721
v 0.510808 0.964005 -0.145654
v 0.546770 0.962727 0.032496
v 0.509592 0.964483 0.210646
v 0.383778 1.159485 -0.324411
v 0.519366 1.159485 -0.153004
v 0.553697 1.159485 0.032496
v 0.513839 1.159485 0.217997
v 0.345336 1.356730 -0.292468
v 0.454937 1.361560 -0.141949
v 0.483831 1.364440 0.032496
v 0.451068 1.361560 0.206942
v 0.330462 0.839270 0.336540
v 0.180957 0.796021 0.386551
v 0.374957 0.968713 0.377110
v 0.185274 0.962469 0.479783
v 0.382396 1.159485 0.389404
v 0.187063 1.159485 0.502321
v 0.344369 1.356730 0.357461
v 0.180317 1.360837 0.451595
v 0.190904 0.721908 0.213128
v 0.194613 0.705455 0.032496
v 0.190904 0.723842 -0.151155
v 0.171020 1.495671 -0.297390
v 0.284885 1.463415 -0.252766
v 0.176008 1.569491 -0.143570
v 0.327592 1.498594 -0.128576
v 0.179103 1.593863 0.032496
v 0.345006 1.514293 0.032496
v 0.176008 1.570928 0.208563
v 0.326928 1.498815 0.193568
v 0.171020 1.496030 0.362382
v 0.284637 1.463498 0.317759
v 0.000000 0.795398 -0.355492
v 0.000000 0.962883 -0.449971
v 0.000000 1.159485 -0.473046
v 0.000000 1.363655 -0.416053
v 0.000000 0.783817 0.405993
v 0.000000 0.959988 0.511340
v 0.000000 1.159485 0.538039
v 0.000000 1.363655 0.481045
v 0.000000 0.707421 0.221891
v -0.000000 0.689338 0.032496
v 0.000000 0.710316 -0.160522
v 0.000000 1.510376 -0.314859
v 0.000000 1.590191 -0.151947
v -0.000000 1.617666 0.032496
v 0.000000 1.592844 0.216940
v 0.000000 1.511039 0.379851
v -0.090778 0.797064 -0.350467
v 0.000000 0.871894 -0.414822
v -0.091317 0.963221 -0.442301
v 0.000000 1.058805 -0.470758
v -0.091541 1.159485 -0.464475
v 0.000000 1.264573 -0.452263
v -0.090698 1.362909 -0.408967
v -0.363617 0.816732 -0.216111
v -0.414785 0.795199 0.114304
v -0.353296 0.887080 -0.294641
v -0.454236 0.966023 -0.233715
v -0.499344 0.871278 0.032496
v -0.538713 0.963008 0.121448
v -0.385715 1.059355 -0.323902
v -0.463460 1.159485 -0.243115
v -0.562377 1.058786 0.032496
v -0.543720 1.159485 0.125539
v -0.370259 1.263708 -0.312071
v -0.409638 1.358493 -0.222385
v -0.527831 1.264672 0.032496
v -0.475646 1.363709 0.120985
v -0.267319 0.816937 0.362119
v -0.353258 0.890743 0.357684
v -0.282420 0.966231 0.437859
v 0.000000 0.863571 0.469399
v -0.384820 1.059534 0.388819
v -0.287598 1.159485 0.455159
v 0.000000 1.058444 0.535298
v -0.368909 1.263708 0.377064
v -0.266825 1.358064 0.412674
v 0.000000 1.264573 0.517255
v 0.000000 0.734076 0.319430
v -0.193932 0.709057 0.121758
v -0.341156 1.510310 -0.048824
v 0.000000 0.693964 -0.061486
v 0.000000 1.446088 -0.371956
v -0.311818 1.424177 -0.271630
v -0.172418 1.539138 -0.226849
v -0.092021 0.709604 0.219754
v -0.420664 1.448442 0.032496
v -0.178381 1.588556 0.121187
v 0.000000 1.446171 0.436948
v -0.311295 1.424190 0.336623
v -0.264021 1.562089 0.032496
v -0.185179 0.753684 -0.249394
v -0.090159 1.585279 -0.149904
v -0.193932 0.709299 -0.057143
v -0.090159 1.587532 0.214897
v -0.092021 0.712379 -0.158309
v 0.000000 1.559531 0.304403
v -0.304282 1.480587 0.267493
v -0.089536 1.506605 -0.310617
v -0.298599 0.751961 0.203236
v -0.237960 1.479231 0.340467
v 0.000000 1.610209 -0.060414
v -0.298599 0.752033 -0.140055
v -0.181935 0.876550 -0.387216
v -0.187240 1.058995 -0.435704
v -0.184733 1.264221 -0.418516
v -0.267319 0.817648 -0.304548
v -0.414785 0.795020 -0.049387
v -0.282458 0.966304 -0.374678
v -0.468861 0.875375 -0.136913
v -0.539549 0.962948 -0.056455
v -0.468709 0.876690 0.201831
v -0.287771 1.159485 -0.390167
v -0.525893 1.058946 -0.151665
v -0.547519 1.159485 -0.060547
v -0.522315 1.059005 0.216658
v -0.266946 1.358064 -0.347681
v -0.495861 1.264311 -0.149447
v -0.478306 1.363709 -0.055992
v -0.490458 1.264312 0.214439
v -0.363617 0.820394 0.279153
v -0.090778 0.785964 0.401269
v -0.453363 0.967337 0.298632
v -0.181935 0.870989 0.443529
v -0.091317 0.960446 0.503746
v -0.459488 1.159485 0.308108
v -0.187240 1.058754 0.500320
v -0.091541 1.159485 0.529468
v -0.406857 1.358493 0.287378
v -0.304767 1.480425 -0.202500
v -0.090698 1.362909 0.473960
v -0.185179 0.748122 0.305706
v 0.000000 0.693602 0.126026
v -0.174582 1.437555 -0.348431
v 0.000000 1.557625 -0.239411
v -0.396584 1.439639 -0.132819
v -0.178381 1.587568 -0.056195
v -0.090546 1.611916 0.032496
v 0.000000 1.612033 0.125407
v -0.394526 1.439667 0.197812
v -0.174582 1.437600 0.413424
v 0.000000 0.742399 -0.264854
v -0.092485 0.691844 0.032496
v -0.340700 1.510463 0.113817
v -0.254410 1.541904 0.199101
v -0.172418 1.540171 0.291842
v -0.254493 1.541199 -0.134108
v -0.089536 1.507168 0.375609
v -0.184733 1.264221 0.483509
v -0.237999 1.479052 -0.275475
v -0.310093 0.738170 0.032496
v 0.090778 0.797064 -0.350467
v 0.091317 0.963221 -0.442301
v 0.091541 1.159485 -0.464475
v 0.090698 1.362909 -0.408967
v 0.363617 0.816732 -0.216111
v 0.414785 0.795199 0.114304
v 0.353296 0.887080 -0.294641
v 0.454237 0.966023 -0.233715
v 0.499344 0.871278 0.032496
v 0.538713 0.963008 0.121448
v 0.385715 1.059355 -0.323902
v 0.463461 1.159485 -0.243115
v 0.562377 1.058786 0.032496
v 0.543720 1.159485 0.125539
v 0.370259 1.263708 -0.312071
v 0.409638 1.358493 -0.222385
v 0.527831 1.264671 0.032496
v 0.475646 1.363709 0.120985
v 0.267319 0.816937 0.362119
v 0.353258 0.890743 0.357684
v 0.282420 0.966231 0.437859
v 0.384820 1.059534 0.388819
v 0.287599 1.159485 0.455159
v 0.368909 1.263708 0.377064
v 0.266825 1.358064 0.412674
v 0.193932 0.709057 0.121758
v 0.341156 1.510311 -0.048824
v 0.311818 1.424177 -0.271630
v 0.172418 1.539138 -0.226849
v 0.092021 0.709604 0.219754
v 0.420664 1.448442 0.032496
v 0.178381 1.588556 0.121187
v 0.311295 1.424190 0.336623
v 0.264021 1.562089 0.032496
v 0.185179 0.753684 -0.249394
v 0.090159 1.585279 -0.149904
v 0.193932 0.709299 -0.057143
v 0.090159 1.587532 0.214897
v 0.092021 0.712379 -0.158309
v 0.304282 1.480587 0.267493
v 0.089536 1.506605 -0.310617
v 0.298599 0.751961 0.203236
v 0.237960 1.479231 0.340467
v 0.298599 0.752033 -0.140055
v 0.181935 0.876550 -0.387216
v 0.187240 1.058995 -0.435704
v 0.184733 1.264221 -0.418516
v 0.267319 0.817647 -0.304548
v 0.414785 0.795020 -0.049387
v 0.282458 0.966304 -0.374678
v 0.468861 0.875375 -0.136913
v 0.539549 0.962948 -0.056455
v 0.468709 0.876690 0.201831
v 0.287771 1.159485 -0.390167
v 0.525893 1.058946 -0.151665
v 0.547519 1.159485 -0.060547
v 0.522315 1.059005 0.216658
v 0.266946 1.358064 -0.347681
v 0.495861 1.264311 -0.149447
v 0.478306 1.363709 -0.055992
v 0.490458 1.264312 0.214439
v 0.363617 0.820394 0.279153
v 0.090778 0.785963 0.401269
v 0.453363 0.967337 0.298632
v 0.181935 0.870989 0.443529
v 0.091317 0.960446 0.503746
v 0.459488 1.159485 0.308108
v 0.187240 1.058754 0.500320
v 0.091541 1.159485 0.529468
v 0.406857 1.358493 0.287378
v 0.304767 1.480425 -0.202500
v 0.090698 1.362909 0.473960
v 0.185179 0.748122 0.305706
v 0.174582 1.437555 -0.348431
v 0.396584 1.439639 -0.132819
v 0.178381 1.587568 -0.056195
v 0.090546 1.611916 0.032496
v 0.394526 1.439667 0.197812
v 0.174582 1.437600 0.413424
v 0.092485 0.691844 0.032496
v 0.340700 1.510463 0.113817
v 0.254410 1.541904 0.199101
v 0.172418 1.540171 0.291842
v 0.254493 1.541199 -0.134108
v 0.089536 1.507168 0.375609
v 0.184733 1.264221 0.483509
v 0.237999 1.479052 -0.275475
v 0.310093 0.738170 0.032496
v -0.090900 0.872905 -0.408354
v -0.271738 0.882883 -0.349451
v -0.091563 1.058848 -0.462350
v -0.288434 1.059233 -0.389282
v -0.091250 1.264480 -0.444160
v -0.280549 1.263874 -0.374012
v -0.089981 1.443845 -0.366273
v -0.249173 1.428874 -0.317350
v -0.420348 0.882097 -0.221291
v -0.493254 0.872003 -0.051802
v -0.493150 0.872167 0.116785
v -0.420239 0.885643 0.285862
v -0.467683 1.059198 -0.242192
v -0.555412 1.058814 -0.059606
v -0.552952 1.058821 0.124598
v -0.465110 1.059362 0.307175
v -0.444140 1.263928 -0.235444
v -0.522055 1.264580 -0.059328
v -0.518341 1.264580 0.124321
v -0.440257 1.263928 0.300437
v -0.360955 1.430071 -0.208702
v -0.415703 1.446207 -0.051290
v -0.414287 1.446226 0.116283
v -0.359473 1.430092 0.273695
v -0.271733 0.882569 0.409192
v -0.090900 0.864927 0.463147
v -0.288322 1.059224 0.454049
v -0.091563 1.058501 0.526899
v -0.280380 1.263874 0.439005
v -0.091250 1.264480 0.509153
v -0.249106 1.428896 0.382342
v -0.089981 1.443915 0.431265
v -0.091306 0.736353 0.316085
v -0.280777 0.775491 0.289773
v -0.092400 0.695951 0.124985
v -0.307963 0.740924 0.116961
v -0.092400 0.696298 -0.060436
v -0.307963 0.740933 -0.052194
v -0.091306 0.744332 -0.261291
v -0.280777 0.775805 -0.230032
v -0.089710 1.553091 -0.236350
v -0.243122 1.515286 -0.212262
v -0.090456 1.604813 -0.059385
v -0.261825 1.556780 -0.051451
v -0.090456 1.606361 0.124378
v -0.261768 1.557265 0.116444
v -0.089710 1.554710 0.301342
v -0.243060 1.515794 0.277255
v 0.090900 0.872905 -0.408354
v 0.271738 0.882883 -0.349451
v 0.091563 1.058848 -0.462350
v 0.288434 1.059233 -0.389282
v 0.091250 1.264480 -0.444160
v 0.280549 1.263874 -0.374012
v 0.089981 1.443845 -0.366273
v 0.249173 1.428874 -0.317350
v 0.420348 0.882097 -0.221291
v 0.493254 0.872003 -0.051802
v 0.493150 0.872167 0.116785
v 0.420239 0.885643 0.285862
v 0.467683 1.059198 -0.242192
v 0.555412 1.058814 -0.059606
v 0.552952 1.058821 0.124598
v 0.465110 1.059362 0.307175
v 0.444140 1.263928 -0.235444
v 0.522055 1.264580 -0.059328
v 0.518341 1.264580 0.124321
v 0.440257 1.263928 0.300437
v 0.360955 1.430071 -0.208702
v 0.415703 1.446207 -0.051290
v 0.414287 1.446226 0.116283
v 0.359473 1.430092 0.273695
v 0.271733 0.882569 0.409192
v 0.090900 0.864927 0.463147
v 0.288322 1.059224 0.454049
v 0.091563 1.058501 0.526899
v 0.280380 1.263874 0.439005
v 0.091250 1.264480 0.509153
v 0.249106 1.428896 0.382342
v 0.089981 1.443915 0.431265
v 0.091306 0.736354 0.316085
v 0.280777 0.775491 0.289773
v 0.092400 0.695951 0.124985
v 0.307963 0.740924 0.116961
v 0.092400 0.696298 -0.060436
v 0.307963 0.740933 -0.052194
v 0.091306 0.744332 -0.261291
v 0.280777 0.775805 -0.230032
v 0.089710 1.553091 -0.236350
v 0.243122 1.515286 -0.212262
v 0.090456 1.604813 -0.059385
v 0.261825 1.556780 -0.051451
v 0.090456 1.606361 0.124378
v 0.261768 1.557265 0.116444
v 0.089710 1.554710 0.301342
v 0.243060 1.515794 0.277255
v 0.185533 1.489556 -0.031753
v 0.205633 1.470473 -0.044785
v 0.192018 1.530339 -0.049526
v 0.220778 1.505766 -0.078424
v 0.233866 1.457392 -0.046598
v 0.247097 1.451852 -0.012356
v 0.261810 1.480015 -0.072908
v 0.290856 1.470367 -0.024800
v 0.255554 1.457392 0.019358
v 0.231178 1.470473 0.032901
v 0.293488 1.479931 0.023396
v 0.262600 1.505769 0.048566
v 0.207314 1.489556 0.034485
v 0.191173 1.489004 0.004485
v 0.222871 1.530390 0.044270
v 0.196727 1.538408 0.003218
v 0.214780 1.464197 -0.003075
v 0.222187 1.589993 -0.074613
v 0.249229 1.558425 -0.114774
v 0.295606 1.521399 -0.108663
v 0.230866 1.600496 -0.006250
v 0.332960 1.504279 -0.039961
v 0.260465 1.590247 0.041632
v 0.302458 1.558439 0.046114
v 0.337950 1.520979 0.019945
v 0.238915 1.615990 -0.085883
v 0.265016 1.577265 -0.130070
v 0.310844 1.533827 -0.122628
v 0.249432 1.628673 -0.011649
v 0.349609 1.514199 -0.046174
v 0.279741 1.616312 0.038085
v 0.322274 1.577367 0.043029
v 0.356633 1.533468 0.016393
v 0.295325 1.679257 -0.118107
v 0.317154 1.610421 -0.168916
v 0.356112 1.543654 -0.151423
v 0.310926 1.702091 -0.030187
v 0.392821 1.519177 -0.060425
v 0.342310 1.679467 0.024619
v 0.383658 1.610814 0.032893
v 0.407316 1.543857 0.003856
v 0.408685 1.736681 -0.172306
v 0.404892 1.630442 -0.223714
v 0.424847 1.526866 -0.181525
v 0.436226 1.775962 -0.067697
v 0.455134 1.494353 -0.076571
v 0.465872 1.735346 -0.000153
v 0.484333 1.630507 0.017095
v 0.481358 1.527119 -0.010527
v 0.563797 1.731075 -0.234835
v 0.516099 1.597767 -0.278356
v 0.491402 1.471518 -0.215612
v 0.612826 1.780540 -0.120155
v 0.513512 1.434840 -0.092652
v 0.632273 1.727035 -0.033265
v 0.608368 1.597107 0.000101
v 0.556727 1.471618 -0.018013
v 0.713054 1.655463 -0.291901
v 0.621045 1.513587 -0.322195
v 0.556110 1.386867 -0.246151
v 0.783334 1.708233 -0.172182
v 0.570365 1.350419 -0.110352
v 0.786606 1.654053 -0.071744
v 0.719436 1.513493 -0.024660
v 0.627754 1.386813 -0.029266
v 0.823960 1.524708 -0.320358
v 0.715704 1.412641 -0.342441
v 0.636808 1.308045 -0.269362
v 0.904313 1.571497 -0.208767
v 0.645864 1.276055 -0.135592
v 0.894644 1.524761 -0.111162
v 0.809290 1.412815 -0.060041
v 0.707293 1.307919 -0.055543
v 0.886985 1.388676 -0.292330
v 0.811403 1.324024 -0.314457
v 0.754788 1.258991 -0.271612
v 0.942439 1.417439 -0.215451
v 0.764338 1.237478 -0.167319
v 0.935551 1.388827 -0.146424
v 0.878024 1.324177 -0.112824
v 0.809119 1.258962 -0.106713
v 0.895457 1.281712 -0.201075
v 0.192512 1.480411 -0.038586
v 0.184953 1.504100 -0.038835
v 0.209887 1.483784 -0.061506
v 0.220736 1.461608 -0.047364
v 0.239531 1.453219 -0.032401
v 0.244451 1.464044 -0.057236
v 0.267612 1.457091 -0.017880
v 0.252346 1.453219 0.006571
v 0.245019 1.461608 0.026484
v 0.270555 1.464034 0.022146
v 0.244461 1.483784 0.043614
v 0.216871 1.480411 0.035493
v 0.198983 1.488740 0.023001
v 0.211011 1.504107 0.040405
v 0.189006 1.509919 0.005312
v 0.221966 1.465084 0.016814
v 0.207308 1.563000 -0.063117
v 0.236050 1.534294 -0.098284
v 0.280853 1.502263 -0.092365
v 0.213975 1.572502 -0.001562
v 0.314731 1.488638 -0.033101
v 0.242501 1.563153 0.043813
v 0.284454 1.534303 0.048327
v 0.318508 1.502011 0.022051
v 0.242064 1.519497 0.050881
v 0.202998 1.519456 -0.067790
v 0.316989 1.509008 -0.078367
v 0.281127 1.491692 0.039256
v 0.340784 1.508710 -0.005968
v 0.280573 1.576445 0.048604
v 0.241493 1.491745 -0.081140
v 0.200921 1.474719 0.001294
v 0.207622 1.536569 0.027448
v 0.323498 1.538747 0.036873
v 0.186092 1.488740 -0.016203
v 0.278827 1.472775 -0.052017
v 0.208332 1.465084 -0.024649
v 0.190620 1.536536 -0.024265
v 0.231656 1.576241 -0.099483
v 0.243717 1.598132 0.022691
v 0.296397 1.472716 0.001421
v 0.222716 1.597967 -0.041208
v 0.271787 1.539007 -0.119713
v 0.229904 1.455438 -0.007579
v 0.332719 1.519582 -0.088505
v 0.358477 1.519317 -0.010181
v 0.300216 1.599280 0.045371
v 0.342958 1.554092 0.033659
v 0.247824 1.598991 -0.113252
v 0.262730 1.625885 0.018650
v 0.240385 1.625682 -0.049325
v 0.287155 1.554272 -0.135314
v 0.311446 1.569581 0.044776
v 0.347227 1.529459 0.018664
v 0.302775 1.529934 -0.116323
v 0.256014 1.569554 -0.122659
v 0.269507 1.603311 0.040263
v 0.229832 1.603010 -0.080202
v 0.239498 1.614135 -0.008677
v 0.341524 1.511220 -0.043220
v 0.375878 1.525254 -0.109019
v 0.404337 1.525348 -0.022725
v 0.363053 1.648618 0.034051
v 0.399638 1.573887 0.022463
v 0.302209 1.648285 -0.150680
v 0.325086 1.696943 0.003391
v 0.299527 1.696846 -0.074273
v 0.335893 1.573558 -0.170898
v 0.367018 1.518300 -0.052309
v 0.328831 1.539734 -0.135347
v 0.285590 1.592121 -0.145923
v 0.272346 1.659882 -0.018560
v 0.303211 1.643692 0.032933
v 0.346649 1.592388 0.039039
v 0.377109 1.539663 0.011173
v 0.259950 1.643358 -0.098455
v 0.439481 1.501565 -0.129912
v 0.470133 1.501685 -0.037265
v 0.477167 1.687795 0.014506
v 0.486046 1.573102 0.008013
v 0.403324 1.688543 -0.208692
v 0.451821 1.765429 -0.027107
v 0.420705 1.766400 -0.120548
v 0.412668 1.572758 -0.214392
v 0.345165 1.713226 -0.143314
v 0.365534 1.744341 -0.046606
v 0.357129 1.625166 -0.195545
v 0.396835 1.712985 0.013466
v 0.429861 1.625508 0.025245
v 0.423403 1.511366 -0.068581
v 0.389454 1.539920 -0.166459
v 0.443102 1.540213 -0.003961
v 0.497808 1.442534 -0.154220
v 0.533266 1.442551 -0.047085
v 0.625458 1.667639 -0.009991
v 0.583536 1.526907 -0.002540
v 0.538488 1.670342 -0.269520
v 0.627670 1.765967 -0.070114
v 0.590046 1.768796 -0.179979
v 0.498733 1.526764 -0.259339
v 0.519591 1.504179 -0.014710
v 0.485129 1.468766 -0.084582
v 0.483757 1.742940 -0.203316
v 0.521361 1.788307 -0.092908
v 0.459418 1.621576 -0.251760
v 0.546971 1.739875 -0.015853
v 0.545711 1.621188 0.009088
v 0.458888 1.503999 -0.198321
v 0.554950 1.358158 -0.178309
v 0.594227 1.358077 -0.059459
v 0.759851 1.589373 -0.041918
v 0.672179 1.441623 -0.019106
v 0.667048 1.590223 -0.321242
v 0.794676 1.694461 -0.115569
v 0.754087 1.695474 -0.236668
v 0.580688 1.441540 -0.296181
v 0.523236 1.430754 -0.231721
v 0.570321 1.560133 -0.302256
v 0.701831 1.753664 -0.147130
v 0.713561 1.698551 -0.052020
v 0.666695 1.559668 -0.011129
v 0.592412 1.430774 -0.022427
v 0.541334 1.393700 -0.100950
v 0.641741 1.701651 -0.265203
v 0.631763 1.283091 -0.203111
v 0.670853 1.282974 -0.084500
v 0.858229 1.473059 -0.080339
v 0.755915 1.354045 -0.049578
v 0.769830 1.472908 -0.344630
v 0.911431 1.559176 -0.154315
v 0.872205 1.559170 -0.269748
v 0.667652 1.354017 -0.317047
v 0.848127 1.594063 -0.091885
v 0.766648 1.463532 -0.040548
v 0.603304 1.310353 -0.121770
v 0.592472 1.345204 -0.258724
v 0.668659 1.463419 -0.336572
v 0.852845 1.645692 -0.193599
v 0.664724 1.345093 -0.039766
v 0.774306 1.594427 -0.311820
v 0.750764 1.241947 -0.221496
v 0.782000 1.241906 -0.126660
v 0.911012 1.359992 -0.125401
v 0.841514 1.288388 -0.103159
v 0.848898 1.359807 -0.312725
v 0.947721 1.411042 -0.176564
v 0.920557 1.410957 -0.258014
v 0.775329 1.288329 -0.303869
v 0.861299 1.453601 -0.313654
v 0.933186 1.492540 -0.215655
v 0.764134 1.364322 -0.336389
v 0.923503 1.453771 -0.128757
v 0.847601 1.364501 -0.084288
v 0.701841 1.250039 -0.151553
v 0.692291 1.277615 -0.276388
v 0.757684 1.277530 -0.077927
v 0.901073 1.335351 -0.258013
v 0.819346 1.257319 -0.247624
v 0.931193 1.335445 -0.166904
v 0.854075 1.296650 -0.273666
v 0.934906 1.352471 -0.210462
v 0.825296 1.243564 -0.181706
v 0.853987 1.257320 -0.142494
v 0.896321 1.296747 -0.145643
v 0.194435 1.495020 -0.053201
v 0.227568 1.472698 -0.063631
v 0.217874 1.550399 -0.085075
v 0.258252 1.517223 -0.102164
v 0.257862 1.458741 -0.040313
v 0.272409 1.458733 0.003930
v 0.300467 1.492267 -0.066415
v 0.321503 1.492088 -0.002423
v 0.260155 1.472692 0.035453
v 0.226993 1.495025 0.045793
v 0.304748 1.517067 0.038831
v 0.262677 1.550521 0.050773
v 0.198250 1.508599 0.026109
v 0.183732 1.508595 -0.018044
v 0.226101 1.570350 0.025539
v 0.206758 1.570250 -0.033306
v 0.208273 1.475248 0.020399
v 0.236319 1.456545 0.011581
v 0.195095 1.475248 -0.019678
v 0.223199 1.456545 -0.028317
v 0.332658 1.548564 0.035642
v 0.278582 1.548853 -0.128028
v 0.289569 1.588701 0.047258
v 0.238777 1.588457 -0.106427
v 0.230898 1.611450 -0.045115
v 0.252645 1.611645 0.021059
v 0.349862 1.516097 -0.007805
v 0.324830 1.516436 -0.083963
v 0.349959 1.523939 -0.097619
v 0.306550 1.563704 -0.150435
v 0.285941 1.656309 0.012935
v 0.365779 1.563785 0.029098
v 0.377015 1.523858 -0.015447
v 0.262335 1.656112 -0.058834
v 0.268673 1.620535 -0.128139
v 0.324453 1.620894 0.040991
v 0.352438 1.736915 -0.095112
v 0.347249 1.673421 -0.178346
v 0.414236 1.673457 0.025007
v 0.407107 1.518032 -0.119477
v 0.372036 1.577811 -0.192357
v 0.380504 1.736696 -0.009982
v 0.440382 1.578214 0.014928
v 0.436532 1.518180 -0.030415
v 0.502428 1.476372 -0.042520
v 0.502382 1.777370 -0.149489
v 0.469031 1.687828 -0.239520
v 0.549946 1.685833 0.003005
v 0.469585 1.476301 -0.141740
v 0.455657 1.555840 -0.237178
v 0.536952 1.775210 -0.047621
v 0.534845 1.556077 0.002699
v 0.540189 1.486843 -0.279293
v 0.715194 1.739154 -0.093064
v 0.629265 1.486945 -0.009571
v 0.563347 1.401437 -0.052284
v 0.675641 1.741334 -0.209814
v 0.605496 1.636876 -0.297424
v 0.696389 1.634834 -0.025028
v 0.525611 1.401472 -0.166360
v 0.814182 1.533848 -0.060358
v 0.588554 1.317879 -0.190470
v 0.621964 1.396509 -0.309203
v 0.861920 1.632481 -0.136638
v 0.713523 1.396559 -0.031843
v 0.628348 1.317766 -0.069878
v 0.821047 1.632769 -0.257902
v 0.721544 1.533973 -0.338391
v 0.904583 1.482164 -0.269270
v 0.812771 1.412504 -0.336176
v 0.890918 1.412721 -0.101949
v 0.688046 1.256162 -0.215307
v 0.720192 1.316234 -0.317328
v 0.939104 1.482256 -0.167135
v 0.800544 1.316274 -0.073735
v 0.724772 1.256078 -0.103805
v 0.868537 1.276080 -0.131306
v 0.826094 1.243212 -0.148482
v 0.923360 1.360592 -0.242063
v 0.872704 1.325453 -0.281861
v 0.917245 1.325585 -0.147056
v 0.803079 1.243230 -0.218355
v 0.820280 1.276026 -0.277672
v 0.942658 1.360653 -0.183752
v -0.025320 0.868849 0.476257
v -0.025320 0.875227 0.465468
v -0.025320 0.851745 0.466145
v -0.025320 0.858123 0.455356
v -0.010245 0.890899 0.472306
v -0.010245 0.882394 0.486691
v -0.010245 0.858037 0.452878
v -0.010245 0.849532 0.467264
v -0.027293 0.857695 0.472089
v -0.027293 0.866199 0.457704
v -0.010245 0.858701 0.477537
v -0.010245 0.871457 0.455959
v 0.025320 0.868849 0.476257
v 0.025320 0.875227 0.465468
v 0.025320 0.851745 0.466145
v 0.025320 0.858123 0.455356
v 0.000000 0.886431 0.489077
v 0.000000 0.894935 0.474692
v 0.000000 0.857916 0.452807
v 0.000000 0.849411 0.467192
v 0.010245 0.890899 0.472306
v 0.010245 0.882394 0.486691
v 0.010245 0.858036 0.452878
v 0.010245 0.849532 0.467264
v 0.027293 0.857695 0.472089
v 0.027293 0.866199 0.457704
v 0.000000 0.872240 0.456422
v 0.000000 0.859484 0.478000
v 0.010245 0.858701 0.477537
v 0.010245 0.871457 0.455959
v -0.018986 0.882836 0.467955
v -0.026955 0.853457 0.469168
v -0.026955 0.861597 0.455399
v -0.026617 0.871592 0.470598
v -0.026617 0.854479 0.460482
v -0.004115 0.885926 0.488779
v -0.004115 0.857931 0.452816
v -0.004115 0.849427 0.467201
v 0.000000 0.852465 0.459291
v 0.000000 0.895037 0.484459
v 0.000000 0.863698 0.451979
v 0.000000 0.851473 0.472658
v -0.004115 0.894430 0.474394
v -0.018986 0.874696 0.481724
v -0.018986 0.858212 0.453398
v -0.018986 0.850072 0.467167
v -0.010245 0.851445 0.472641
v -0.010245 0.890395 0.481715
v -0.010245 0.852604 0.459373
v -0.010245 0.863670 0.451962
v -0.026955 0.863021 0.474822
v -0.026955 0.871161 0.461053
v 0.000000 0.884984 0.464563
v 0.000000 0.872760 0.485242
v -0.010245 0.870341 0.483812
v -0.010245 0.882565 0.463133
v -0.004115 0.872143 0.456365
v -0.019242 0.857401 0.476162
v -0.004115 0.859386 0.477942
v -0.030254 0.861359 0.464549
v -0.019242 0.869625 0.455483
v 0.018986 0.882836 0.467955
v 0.026955 0.853457 0.469168
v 0.026955 0.861597 0.455399
v 0.026617 0.871592 0.470598
v 0.026617 0.854479 0.460482
v 0.004115 0.885926 0.488779
v 0.004115 0.857931 0.452816
v 0.004115 0.849427 0.467201
v 0.004115 0.894431 0.474394
v 0.018986 0.874696 0.481724
v 0.018986 0.858212 0.453398
v 0.018986 0.850072 0.467167
v 0.010245 0.851445 0.472641
v 0.010245 0.890395 0.481715
v 0.010245 0.852604 0.459373
v 0.010245 0.863670 0.451962
v 0.026955 0.863021 0.474822
v 0.026955 0.871161 0.461053
v 0.010245 0.870341 0.483812
v 0.010245 0.882565 0.463133
v 0.004115 0.872143 0.456365
v 0.019242 0.857401 0.476162
v 0.004115 0.859386 0.477942
v 0.030254 0.861359 0.464549
v 0.019242 0.869625 0.455483
v -0.019178 0.863378 0.452374
v -0.029797 0.857453 0.462240
v -0.004115 0.852482 0.459301
v -0.004115 0.894457 0.484116
v -0.004115 0.851470 0.472656
v -0.019178 0.851666 0.472187
v -0.019114 0.881137 0.476242
v -0.019114 0.853046 0.459634
v -0.004115 0.863695 0.451977
v -0.004115 0.884682 0.464384
v -0.019178 0.865812 0.480550
v -0.004115 0.872457 0.485063
v -0.029797 0.865473 0.466981
v -0.019178 0.877525 0.460737
v 0.019178 0.863378 0.452374
v 0.029797 0.857453 0.462240
v 0.004115 0.852482 0.459301
v 0.004115 0.894457 0.484116
v 0.004115 0.851470 0.472656
v 0.019178 0.851666 0.472187
v 0.019114 0.881137 0.476242
v 0.019114 0.853046 0.459634
v 0.004115 0.863694 0.451977
v 0.004115 0.884682 0.464384
v 0.019178 0.865812 0.480550
v 0.004115 0.872457 0.485063
v 0.029797 0.865473 0.466981
v 0.019178 0.877525 0.460737
v -0.185533 1.489556 -0.031753
v -0.205633 1.470473 -0.044785
v -0.192018 1.530339 -0.049526
v -0.220778 1.505766 -0.078424
v -0.233866 1.457392 -0.046598
v -0.247097 1.451852 -0.012356
v -0.261810 1.480015 -0.072908
v -0.290856 1.470367 -0.024800
v -0.255554 1.457392 0.019358
v -0.231178 1.470473 0.032901
v -0.293488 1.479931 0.023396
v -0.262600 1.505769 0.048566
v -0.207314 1.489556 0.034485
v -0.191173 1.489004 0.004485
v -0.222871 1.530390 0.044270
v -0.196727 1.538408 0.003218
v -0.214780 1.464197 -0.003075
v -0.222187 1.589993 -0.074613
v -0.249229 1.558425 -0.114774
v -0.295606 1.521399 -0.108663
v -0.230866 1.600496 -0.006250
v -0.332960 1.504279 -0.039961
v -0.260465 1.590247 0.041632
v -0.302458 1.558439 0.046114
v -0.337950 1.520979 0.019945
v -0.238915 1.615990 -0.085883
v -0.265016 1.577265 -0.130070
v -0.310844 1.533827 -0.122628
v -0.249432 1.628673 -0.011649
v -0.349609 1.514199 -0.046174
v -0.279741 1.616312 0.038085
v -0.322274 1.577367 0.043029
v -0.356633 1.533468 0.016393
v -0.295325 1.679257 -0.118107
v -0.317154 1.610421 -0.168916
v -0.356112 1.543654 -0.151423
v -0.310926 1.702091 -0.030187
v -0.392821 1.519177 -0.060425
v -0.342310 1.679467 0.024619
v -0.383658 1.610814 0.032893
v -0.407316 1.543857 0.003856
v -0.408685 1.736680 -0.172306
v -0.404892 1.630442 -0.223714
v -0.424847 1.526866 -0.181525
v -0.436226 1.775962 -0.067697
v -0.455134 1.494353 -0.076571
v -0.465872 1.735346 -0.000153
v -0.484333 1.630507 0.017095
v -0.481358 1.527119 -0.010527
v -0.563798 1.731075 -0.234835
v -0.516099 1.597767 -0.278356
v -0.491402 1.471518 -0.215612
v -0.612826 1.780540 -0.120155
v -0.513512 1.434840 -0.092652
v -0.632273 1.727036 -0.033265
v -0.608368 1.597107 0.000101
v -0.556727 1.471618 -0.018013
v -0.713054 1.655463 -0.291901
v -0.621045 1.513587 -0.322195
v -0.556110 1.386867 -0.246151
v -0.783334 1.708233 -0.172182
v -0.570365 1.350419 -0.110352
v -0.786606 1.654053 -0.071744
v -0.719436 1.513493 -0.024660
v -0.627754 1.386813 -0.029266
v -0.823960 1.524708 -0.320358
v -0.715704 1.412641 -0.342441
v -0.636808 1.308045 -0.269362
v -0.904313 1.571497 -0.208767
v -0.645864 1.276055 -0.135592
v -0.894644 1.524761 -0.111162
v -0.809290 1.412815 -0.060041
v -0.707293 1.307919 -0.055543
v -0.886985 1.388676 -0.292330
v -0.811403 1.324024 -0.314457
v -0.754788 1.258991 -0.271612
v -0.942439 1.417439 -0.215451
v -0.764338 1.237478 -0.167319
v -0.935551 1.388827 -0.146424
v -0.878024 1.324177 -0.112824
v -0.809119 1.258962 -0.106713
v -0.895457 1.281712 -0.201075
v -0.192512 1.480411 -0.038586
v -0.184953 1.504100 -0.038835
v -0.209887 1.483784 -0.061506
v -0.220736 1.461608 -0.047364
v -0.239531 1.453219 -0.032401
v -0.244451 1.464044 -0.057236
v -0.267612 1.457091 -0.017880
v -0.252346 1.453219 0.006571
v -0.245019 1.461608 0.026484
v -0.270555 1.464033 0.022146
v -0.244461 1.483784 0.043614
v -0.216871 1.480411 0.035493
v -0.198983 1.488740 0.023001
v -0.211011 1.504107 0.040405
v -0.189006 1.509919 0.005312
v -0.221966 1.465084 0.016814
v -0.207308 1.563000 -0.063117
v -0.236050 1.534294 -0.098284
v -0.280853 1.502263 -0.092365
v -0.213975 1.572502 -0.001562
v -0.314731 1.488638 -0.033101
v -0.242501 1.563153 0.043813
v -0.284454 1.534303 0.048327
v -0.318508 1.502011 0.022051
v -0.242064 1.519497 0.050881
v -0.202998 1.519456 -0.067790
v -0.316989 1.509008 -0.078367
v -0.281127 1.491693 0.039256
v -0.340784 1.508710 -0.005968
v -0.280573 1.576444 0.048604
v -0.241493 1.491745 -0.081140
v -0.200921 1.474719 0.001294
v -0.207622 1.536569 0.027448
v -0.323499 1.538747 0.036873
v -0.186092 1.488740 -0.016203
v -0.278827 1.472775 -0.052017
v -0.208332 1.465084 -0.024649
v -0.190620 1.536536 -0.024265
v -0.231656 1.576241 -0.099483
v -0.243717 1.598132 0.022691
v -0.296397 1.472716 0.001421
v -0.222716 1.597967 -0.041208
v -0.271787 1.539007 -0.119713
v -0.229904 1.455438 -0.007579
v -0.332719 1.519582 -0.088505
v -0.358477 1.519317 -0.010181
v -0.300216 1.599279 0.045371
v -0.342958 1.554092 0.033659
v -0.247824 1.598991 -0.113252
v -0.262730 1.625885 0.018650
v -0.240385 1.625682 -0.049325
v -0.287155 1.554272 -0.135314
v -0.311446 1.569581 0.044776
v -0.347227 1.529459 0.018664
v -0.302775 1.529934 -0.116323
v -0.256014 1.569554 -0.122659
v -0.269507 1.603311 0.040263
v -0.229832 1.603010 -0.080202
v -0.239498 1.614135 -0.008677
v -0.341524 1.511220 -0.043220
v -0.375878 1.525254 -0.109019
v -0.404337 1.525348 -0.022725
v -0.363053 1.648618 0.034051
v -0.399638 1.573887 0.022463
v -0.302209 1.648285 -0.150680
v -0.325086 1.696943 0.003391
v -0.299527 1.696846 -0.074273
v -0.335893 1.573558 -0.170898
v -0.367018 1.518300 -0.052309
v -0.328831 1.539734 -0.135347
v -0.285590 1.592121 -0.145923
v -0.272346 1.659882 -0.018560
v -0.303211 1.643692 0.032933
v -0.346649 1.592388 0.039039
v -0.377109 1.539663 0.011173
v -0.259950 1.643358 -0.098455
v -0.439481 1.501565 -0.129912
v -0.470133 1.501685 -0.037265
v -0.477167 1.687795 0.014506
v -0.486046 1.573102 0.008013
v -0.403324 1.688543 -0.208692
v -0.451821 1.765429 -0.027107
v -0.420705 1.766400 -0.120548
v -0.412668 1.572758 -0.214392
v -0.345165 1.713227 -0.143314
v -0.365534 1.744341 -0.046606
v -0.357129 1.625166 -0.195545
v -0.396835 1.712985 0.013466
v -0.429861 1.625508 0.025245
v -0.423403 1.511366 -0.068581
v -0.389454 1.539920 -0.166459
v -0.443102 1.540213 -0.003961
v -0.497808 1.442534 -0.154220
v -0.533266 1.442551 -0.047085
v -0.625458 1.667639 -0.009991
v -0.583536 1.526907 -0.002540
v -0.538488 1.670342 -0.269520
v -0.627670 1.765967 -0.070114
v -0.590046 1.768796 -0.179979
v -0.498733 1.526764 -0.259339
v -0.519591 1.504179 -0.014710
v -0.485129 1.468766 -0.084582
v -0.483757 1.742940 -0.203316
v -0.521361 1.788307 -0.092908
v -0.459419 1.621576 -0.251760
v -0.546971 1.739875 -0.015853
v -0.545711 1.621188 0.009088
v -0.458888 1.503999 -0.198321
v -0.554950 1.358157 -0.178309
v -0.594227 1.358077 -0.059459
v -0.759851 1.589373 -0.041918
v -0.672179 1.441623 -0.019106
v -0.667048 1.590223 -0.321242
v -0.794675 1.694461 -0.115569
v -0.754087 1.695474 -0.236668
v -0.580688 1.441540 -0.296181
v -0.523236 1.430754 -0.231721
v -0.570321 1.560133 -0.302256
v -0.701831 1.753664 -0.147130
v -0.713561 1.698552 -0.052020
v -0.666695 1.559668 -0.011129
v -0.592412 1.430774 -0.022427
v -0.541334 1.393700 -0.100950
v -0.641741 1.701651 -0.265203
v -0.631763 1.283091 -0.203111
v -0.670853 1.282974 -0.084500
v -0.858229 1.473059 -0.080339
v -0.755915 1.354045 -0.049578
v -0.769830 1.472908 -0.344630
v -0.911431 1.559176 -0.154315
v -0.872205 1.559170 -0.269748
v -0.667652 1.354017 -0.317047
v -0.848127 1.594063 -0.091885
v -0.766648 1.463532 -0.040548
v -0.603304 1.310353 -0.121770
v -0.592472 1.345204 -0.258724
v -0.668659 1.463419 -0.336572
v -0.852844 1.645692 -0.193599
v -0.664724 1.345093 -0.039766
v -0.774306 1.594427 -0.311820
v -0.750764 1.241947 -0.221496
v -0.782000 1.241906 -0.126660
v -0.911012 1.359992 -0.125401
v -0.841514 1.288388 -0.103159
v -0.848898 1.359807 -0.312725
v -0.947721 1.411042 -0.176564
v -0.920557 1.410957 -0.258014
v -0.775329 1.288329 -0.303869
v -0.861299 1.453601 -0.313654
v -0.933186 1.492540 -0.215655
v -0.764134 1.364322 -0.336389
v -0.923503 1.453771 -0.128757
v -0.847601 1.364501 -0.084288
v -0.701840 1.250039 -0.151553
v -0.692291 1.277615 -0.276388
v -0.757684 1.277530 -0.077927
v -0.901073 1.335351 -0.258013
v -0.819346 1.257319 -0.247624
v -0.931193 1.335445 -0.166904
v -0.854075 1.296650 -0.273666
v -0.934906 1.352471 -0.210462
v -0.825296 1.243564 -0.181706
v -0.853987 1.257320 -0.142494
v -0.896321 1.296747 -0.145643
v -0.194435 1.495020 -0.053201
v -0.227568 1.472698 -0.063631
v -0.217874 1.550399 -0.085075
v -0.258252 1.517223 -0.102164
v -0.257862 1.458741 -0.040313
v -0.272409 1.458733 0.003930
v -0.300467 1.492267 -0.066415
v -0.321503 1.492088 -0.002423
v -0.260155 1.472692 0.035453
v -0.226993 1.495025 0.045793
v -0.304748 1.517067 0.038831
v -0.262677 1.550521 0.050773
v -0.198250 1.508599 0.026109
v -0.183732 1.508595 -0.018044
v -0.226101 1.570350 0.025539
v -0.206758 1.570250 -0.033306
v -0.208273 1.475248 0.020399
v -0.236319 1.456545 0.011581
v -0.195095 1.475248 -0.019678
v -0.223199 1.456545 -0.028317
v -0.332658 1.548564 0.035642
v -0.278582 1.548853 -0.128028
v -0.289569 1.588701 0.047258
v -0.238777 1.588457 -0.106427
v -0.230898 1.611450 -0.045115
v -0.252645 1.611645 0.021059
v -0.349862 1.516098 -0.007805
v -0.324830 1.516436 -0.083963
v -0.349959 1.523939 -0.097619
v -0.306550 1.563704 -0.150435
v -0.285941 1.656309 0.012935
v -0.365779 1.563785 0.029098
v -0.377015 1.523858 -0.015447
v -0.262335 1.656112 -0.058834
v -0.268673 1.620535 -0.128138
v -0.324453 1.620894 0.040991
v -0.352438 1.736915 -0.095112
v -0.347249 1.673421 -0.178346
v -0.414236 1.673457 0.025007
v -0.407107 1.518032 -0.119477
v -0.372035 1.577811 -0.192357
v -0.380504 1.736696 -0.009982
v -0.440382 1.578213 0.014928
v -0.436532 1.518180 -0.030415
v -0.502428 1.476372 -0.042520
v -0.502382 1.777370 -0.149489
v -0.469031 1.687828 -0.239520
v -0.549946 1.685833 0.003005
v -0.469585 1.476301 -0.141740
v -0.455657 1.555840 -0.237178
v -0.536952 1.775210 -0.047621
v -0.534845 1.556076 0.002699
v -0.540189 1.486843 -0.279293
v -0.715194 1.739154 -0.093064
v -0.629265 1.486945 -0.009571
v -0.563347 1.401437 -0.052284
v -0.675641 1.741334 -0.209814
v -0.605496 1.636876 -0.297424
v -0.696389 1.634834 -0.025028
v -0.525611 1.401472 -0.166360
v -0.814182 1.533848 -0.060358
v -0.588554 1.317879 -0.190470
v -0.621964 1.396509 -0.309203
v -0.861920 1.632481 -0.136638
v -0.713523 1.396559 -0.031843
v -0.628348 1.317766 -0.069878
v -0.821047 1.632769 -0.257902
v -0.721544 1.533973 -0.338391
v -0.904583 1.482164 -0.269270
v -0.812771 1.412504 -0.336176
v -0.890918 1.412721 -0.101949
v -0.688046 1.256162 -0.215307
v -0.720192 1.316234 -0.317328
v -0.939104 1.482256 -0.167135
v -0.800544 1.316275 -0.073735
v -0.724772 1.256078 -0.103805
v -0.868537 1.276080 -0.131306
v -0.826094 1.243213 -0.148482
v -0.923360 1.360592 -0.242063
v -0.872704 1.325453 -0.281861
v -0.917245 1.325585 -0.147056
v -0.803079 1.243230 -0.218355
v -0.820280 1.276026 -0.277672
v -0.942658 1.360653 -0.183752
v -0.197412 0.885976 0.436291
v -0.245621 0.889165 0.409894
v -0.169408 0.944876 0.465993
v -0.224823 0.968002 0.443275
v -0.288327 0.922557 0.402099
v -0.301075 0.915163 0.410550
v -0.283094 0.990337 0.424018
v -0.304700 0.991368 0.433178
v -0.295551 0.921187 0.433964
v -0.259371 0.892959 0.446332
v -0.291424 0.979848 0.458956
v -0.245948 0.958708 0.482940
v -0.214555 0.888686 0.463612
v -0.201388 0.875363 0.447937
v -0.193516 0.940996 0.492796
v -0.164010 0.936607 0.484073
v -0.257967 0.868020 0.416235
v -0.164684 1.012753 0.486678
v -0.204829 1.047286 0.473193
v -0.255766 1.049335 0.452502
v -0.165616 1.013925 0.503108
v -0.208166 1.061472 0.494482
v -0.265866 1.053724 0.466097
v -0.185465 1.001368 0.508464
v -0.224584 1.028249 0.500967
v -0.267009 1.033869 0.480068
v -0.205331 0.883898 0.430551
v -0.217253 0.883057 0.423204
v -0.231112 0.884733 0.416061
v -0.190967 0.894406 0.441451
v -0.182967 0.908136 0.449075
v -0.175509 0.925394 0.457604
v -0.241109 0.904552 0.415707
v -0.236097 0.923574 0.424030
v -0.230648 0.945100 0.433631
v -0.259595 0.896250 0.405279
v -0.272055 0.905193 0.402490
v -0.282074 0.914841 0.401616
v -0.292211 0.920012 0.401748
v -0.296331 0.917463 0.402915
v -0.299353 0.915814 0.405971
v -0.289286 0.933909 0.404650
v -0.289189 0.950726 0.409557
v -0.287193 0.970094 0.416270
v -0.306228 0.932950 0.414086
v -0.308592 0.952049 0.419296
v -0.308105 0.971757 0.425789
v -0.301452 0.915495 0.416179
v -0.300438 0.916804 0.422463
v -0.298130 0.918978 0.428901
v -0.290503 0.914610 0.435495
v -0.282174 0.906494 0.438220
v -0.271545 0.899009 0.441914
v -0.296622 0.930959 0.438105
v -0.296690 0.945434 0.444328
v -0.294981 0.962182 0.451527
v -0.257336 0.906444 0.455800
v -0.254337 0.922377 0.465424
v -0.250500 0.940039 0.474653
v -0.246467 0.888887 0.451178
v -0.233799 0.886992 0.456049
v -0.222459 0.887239 0.460483
v -0.211620 0.884304 0.460800
v -0.207959 0.879808 0.456821
v -0.204458 0.876755 0.452414
v -0.210043 0.896300 0.469415
v -0.204246 0.908556 0.477217
v -0.198557 0.923841 0.485275
v -0.189220 0.886611 0.457490
v -0.178738 0.901034 0.466933
v -0.170236 0.917933 0.475911
v -0.260356 0.882490 0.437494
v -0.260372 0.874983 0.429464
v -0.259535 0.870229 0.422343
v -0.165235 0.965191 0.473369
v -0.163208 0.984672 0.479415
v -0.163318 1.001508 0.483963
v -0.218774 0.991097 0.451975
v -0.213019 1.012981 0.459712
v -0.208168 1.032197 0.466710
v -0.276961 1.009890 0.432041
v -0.269518 1.027262 0.439910
v -0.261770 1.041012 0.447176
v -0.160322 0.956338 0.491090
v -0.159297 0.976339 0.496736
v -0.161031 0.995803 0.500809
v -0.203445 1.057171 0.479325
v -0.203796 1.062287 0.485017
v -0.205499 1.063449 0.490119
v -0.298396 1.010162 0.441106
v -0.289538 1.027354 0.449358
v -0.278552 1.042143 0.457749
v -0.189527 0.958820 0.499154
v -0.186837 0.975991 0.503992
v -0.185579 0.991060 0.507086
v -0.240831 0.977652 0.489817
v -0.235389 0.996087 0.495149
v -0.229886 1.013218 0.498883
v -0.286157 0.997160 0.465943
v -0.279662 1.012868 0.472068
v -0.272655 1.025719 0.476971
v -0.232136 0.953398 0.487089
v -0.218402 0.948552 0.490192
v -0.205332 0.944355 0.492133
v -0.179567 0.949536 0.460686
v -0.192912 0.955130 0.455125
v -0.208358 0.961378 0.449319
v -0.211472 1.057010 0.497946
v -0.215330 1.050081 0.500317
v -0.219710 1.040541 0.501392
v -0.258199 1.052690 0.454506
v -0.261130 1.055153 0.457730
v -0.263767 1.055448 0.461705
v -0.282481 0.975132 0.465693
v -0.271604 0.969849 0.472060
v -0.259269 0.964281 0.477872
v -0.267272 1.050312 0.470558
v -0.267880 1.045392 0.474666
v -0.267667 1.039313 0.477999
v -0.191408 1.007524 0.508463
v -0.200725 1.015172 0.507351
v -0.212078 1.022323 0.504807
v -0.241284 0.974688 0.437114
v -0.256961 0.980971 0.431400
v -0.271137 0.986354 0.426809
v -0.173050 1.029969 0.503493
v -0.182943 1.043491 0.502072
v -0.194810 1.054117 0.499012
v -0.214897 0.867864 0.438635
v -0.229217 0.864181 0.429981
v -0.243767 0.864253 0.422379
v -0.183438 0.938611 0.492124
v -0.175178 0.937150 0.490291
v -0.168710 0.936515 0.487530
v -0.237362 1.032446 0.496080
v -0.249481 1.034673 0.490486
v -0.259949 1.034895 0.484671
v -0.197003 0.881766 0.437594
v -0.197426 0.877833 0.440157
v -0.198955 0.875679 0.443725
v -0.292274 0.992562 0.423526
v -0.298768 0.993241 0.425138
v -0.302827 0.992725 0.428479
v -0.249581 0.878250 0.407508
v -0.252968 0.871492 0.408207
v -0.255767 0.868284 0.411335
v -0.163233 0.941356 0.471032
v -0.160695 0.938901 0.475758
v -0.161165 0.937367 0.480122
v -0.222510 1.065229 0.488666
v -0.237287 1.065251 0.481818
v -0.251929 1.061446 0.474205
v -0.169958 1.020922 0.485112
v -0.179071 1.030972 0.482244
v -0.191004 1.040137 0.478217
v -0.169654 1.011571 0.506096
v -0.174763 1.008397 0.508011
v -0.180554 1.004640 0.508695
v -0.304578 0.989447 0.438874
v -0.302404 0.986947 0.445264
v -0.298059 0.983777 0.452055
v -0.162750 1.014444 0.490330
v -0.161880 1.015523 0.494912
v -0.162906 1.015313 0.499292
v -0.219531 1.051654 0.467441
v -0.233960 1.053108 0.461542
v -0.246834 1.051865 0.456192
v -0.293262 0.899341 0.409003
v -0.283174 0.885940 0.409468
v -0.271260 0.875365 0.411895
v -0.199635 0.895494 0.435531
v -0.211794 0.896701 0.428682
v -0.226052 0.899581 0.421868
v -0.192588 0.910751 0.443143
v -0.205451 0.913807 0.436696
v -0.220358 0.917981 0.430198
v -0.185640 0.929135 0.451936
v -0.198972 0.933617 0.445931
v -0.214358 0.938926 0.439773
v -0.255755 0.911591 0.410701
v -0.269081 0.919837 0.407168
v -0.280349 0.928024 0.405271
v -0.251546 0.930590 0.418553
v -0.265933 0.938223 0.414131
v -0.278627 0.945392 0.411083
v -0.246775 0.952030 0.427732
v -0.262002 0.959051 0.422535
v -0.275682 0.965355 0.418551
v -0.174926 0.970634 0.468411
v -0.187724 0.977189 0.463268
v -0.202667 0.984212 0.457821
v -0.171935 0.990752 0.474924
v -0.183650 0.998256 0.470317
v -0.197643 1.005972 0.465289
v -0.170560 1.008119 0.480320
v -0.180814 1.016708 0.476510
v -0.193646 1.025124 0.471991
v -0.235085 0.997316 0.445783
v -0.250759 1.002624 0.439876
v -0.264987 1.006854 0.435032
v -0.228837 1.018581 0.453649
v -0.244151 1.022672 0.447760
v -0.258018 1.025393 0.442875
v -0.223368 1.037134 0.460830
v -0.238145 1.039844 0.455007
v -0.251354 1.040649 0.450074
v -0.296101 0.935453 0.404829
v -0.301157 0.934773 0.406330
v -0.304514 0.933743 0.409501
v -0.297326 0.953221 0.409639
v -0.303144 0.953624 0.411352
v -0.306842 0.953016 0.414653
v -0.296056 0.972656 0.416050
v -0.302351 0.973402 0.417750
v -0.306296 0.972923 0.421096
v -0.306347 0.932634 0.419698
v -0.304813 0.932671 0.425941
v -0.301572 0.932627 0.432345
v -0.308519 0.951125 0.424969
v -0.306573 0.950058 0.431311
v -0.302659 0.948423 0.437924
v -0.307940 0.970295 0.431518
v -0.305760 0.968405 0.437948
v -0.301471 0.965808 0.444735
v -0.286066 1.011658 0.431485
v -0.292455 1.012217 0.433113
v -0.296463 1.011668 0.436468
v -0.277993 1.028703 0.439537
v -0.283815 1.029403 0.441377
v -0.287553 1.028959 0.444816
v -0.268660 1.042579 0.447329
v -0.273291 1.043930 0.449662
v -0.276521 1.043808 0.453302
v -0.298474 1.007851 0.446624
v -0.296591 1.004840 0.452752
v -0.292556 1.001231 0.459260
v -0.289958 1.024689 0.454574
v -0.288661 1.021152 0.460189
v -0.285374 1.017025 0.466017
v -0.279428 1.039118 0.462588
v -0.278995 1.034947 0.467468
v -0.276980 1.030040 0.472156
v -0.289726 0.925890 0.442624
v -0.280699 0.919082 0.446792
v -0.269710 0.912309 0.451199
v -0.288632 0.940531 0.450146
v -0.278670 0.934442 0.455506
v -0.267088 0.928153 0.460608
v -0.286280 0.957339 0.458016
v -0.275689 0.951680 0.464086
v -0.263618 0.945744 0.469666
v -0.244285 0.902061 0.460387
v -0.231434 0.899254 0.464582
v -0.219711 0.897775 0.467893
v -0.240955 0.917638 0.469828
v -0.227654 0.913950 0.473526
v -0.215184 0.911109 0.476152
v -0.236805 0.934974 0.478922
v -0.223149 0.930616 0.482269
v -0.210185 0.926931 0.484467
v -0.277307 0.992749 0.472593
v -0.266433 0.988016 0.478959
v -0.254089 0.982966 0.484784
v -0.271244 1.009107 0.478332
v -0.260605 1.005337 0.484501
v -0.248424 1.001043 0.490210
v -0.265010 1.023265 0.482545
v -0.254702 1.021057 0.488441
v -0.242699 1.017773 0.494021
v -0.227213 0.972196 0.493841
v -0.213774 0.966952 0.496769
v -0.201044 0.962341 0.498551
v -0.222171 0.990529 0.499058
v -0.209362 0.984844 0.501834
v -0.197481 0.979685 0.503445
v -0.217106 1.007525 0.502716
v -0.205123 1.001228 0.505339
v -0.194574 0.995150 0.506688
v -0.202912 0.893278 0.468248
v -0.197357 0.889971 0.465337
v -0.192810 0.887640 0.461594
v -0.195357 0.905851 0.476384
v -0.188325 0.903389 0.474051
v -0.182828 0.901703 0.470764
v -0.188782 0.921295 0.484546
v -0.180872 0.919386 0.482522
v -0.174719 0.918237 0.479538
v -0.186699 0.886986 0.453376
v -0.185677 0.888765 0.449449
v -0.186741 0.891690 0.445724
v -0.176096 0.901500 0.462872
v -0.175430 0.903032 0.458638
v -0.177432 0.905428 0.454153
v -0.167472 0.918530 0.471901
v -0.166973 0.920012 0.467539
v -0.169419 0.922330 0.462795
v -0.179637 0.956717 0.498576
v -0.171466 0.955821 0.496937
v -0.165023 0.955793 0.494386
v -0.177647 0.974452 0.503580
v -0.169971 0.974483 0.502210
v -0.163837 0.975267 0.499886
v -0.177764 0.990691 0.506927
v -0.170953 0.992247 0.505927
v -0.165320 0.994124 0.503846
v -0.157469 0.957275 0.487211
v -0.156953 0.958827 0.482880
v -0.159350 0.961333 0.478222
v -0.156490 0.977443 0.492921
v -0.155867 0.978810 0.488621
v -0.157946 0.980910 0.484036
v -0.158285 0.997050 0.497025
v -0.157497 0.997922 0.492727
v -0.159086 0.998816 0.488203
v -0.222131 0.879252 0.454377
v -0.234246 0.877472 0.448407
v -0.247273 0.878614 0.442689
v -0.220071 0.873394 0.448874
v -0.233242 0.870609 0.441589
v -0.246900 0.871202 0.435036
v -0.217507 0.869614 0.443593
v -0.231432 0.866229 0.435439
v -0.245643 0.866473 0.428249
v -0.272646 0.888865 0.433168
v -0.283418 0.897308 0.430012
v -0.292039 0.907378 0.428371
v -0.272987 0.881745 0.425156
v -0.284185 0.891160 0.422360
v -0.293465 0.902902 0.421342
v -0.272528 0.877339 0.418018
v -0.284142 0.887487 0.415447
v -0.293929 0.900317 0.414781
v -0.212506 0.868136 0.434250
v -0.226856 0.864424 0.425385
v -0.241466 0.864490 0.417591
v -0.210403 0.870694 0.430948
v -0.224286 0.867328 0.422228
v -0.238683 0.867613 0.414473
v -0.208412 0.875844 0.429370
v -0.221277 0.873370 0.421221
v -0.235290 0.874176 0.413725
v -0.269200 0.875700 0.407007
v -0.281263 0.886372 0.404677
v -0.291471 0.899875 0.404339
v -0.266467 0.878845 0.403877
v -0.278562 0.889235 0.401575
v -0.288677 0.902195 0.401287
v -0.263206 0.885463 0.403105
v -0.275330 0.895198 0.400698
v -0.285191 0.906782 0.400316
v -0.169128 1.028014 0.490040
v -0.178282 1.039939 0.487841
v -0.189950 1.049888 0.484178
v -0.168995 1.031095 0.494988
v -0.178604 1.044318 0.493170
v -0.190375 1.054876 0.489762
v -0.170328 1.031520 0.499567
v -0.180197 1.045214 0.497989
v -0.192074 1.055997 0.494771
v -0.217946 1.061175 0.473567
v -0.232488 1.061767 0.467334
v -0.246121 1.058952 0.461006
v -0.218282 1.066108 0.479187
v -0.233115 1.066224 0.472559
v -0.247583 1.062596 0.465383
v -0.219978 1.067208 0.484247
v -0.234921 1.067162 0.477396
v -0.249715 1.063260 0.469808
v -0.176902 1.026909 0.506520
v -0.186647 1.039783 0.505207
v -0.198351 1.049916 0.502298
v -0.181614 1.022369 0.508426
v -0.191070 1.034045 0.507217
v -0.202522 1.043364 0.504463
v -0.186786 1.016172 0.509053
v -0.195920 1.026007 0.507956
v -0.207160 1.034248 0.505349
v -0.225466 1.060782 0.492325
v -0.239787 1.061041 0.485697
v -0.253894 1.057613 0.478346
v -0.228846 1.053907 0.494973
v -0.242455 1.054595 0.488709
v -0.255593 1.051878 0.481831
v -0.232763 1.044499 0.496322
v -0.245516 1.045843 0.490459
v -0.257250 1.044299 0.484179
vt 0.368198 0.778750
vt 0.369230 0.772836
vt 0.373583 0.775128
vt 0.372002 0.781375
vt 0.370773 0.766111
vt 0.375524 0.768158
vt 0.378515 0.777527
vt 0.376513 0.783984
vt 0.380812 0.770371
vt 0.365220 0.780751
vt 0.365141 0.776837
vt 0.367275 0.783316
vt 0.365572 0.771058
vt 0.366756 0.764444
vt 0.368776 0.757591
vt 0.372952 0.759111
vt 0.377906 0.760915
vt 0.383388 0.762917
vt 0.389152 0.765028
vt 0.386428 0.772555
vt 0.383847 0.779734
vt 0.381533 0.786206
vt 0.374807 0.789346
vt 0.379607 0.791609
vt 0.370610 0.786468
vt 0.386806 0.787797
vt 0.389359 0.781533
vt 0.394730 0.782939
vt 0.391974 0.788770
vt 0.392150 0.774548
vt 0.397688 0.776321
vt 0.399612 0.784055
vt 0.396628 0.789272
vt 0.402735 0.777881
vt 0.384732 0.793030
vt 0.394946 0.767161
vt 0.400505 0.769215
vt 0.405561 0.771086
vt 0.409844 0.772670
vt 0.406982 0.779254
vt 0.403639 0.785110
vt 0.400259 0.789828
vt 0.394432 0.793384
vt 0.397687 0.792778
vt 0.389818 0.793595
vt 0.375760 0.752343
vt 0.378880 0.746197
vt 0.383691 0.747247
vt 0.380717 0.753834
vt 0.381875 0.741002
vt 0.386480 0.741447
vt 0.389016 0.748594
vt 0.386191 0.755548
vt 0.391619 0.742364
vt 0.371610 0.751035
vt 0.374932 0.745202
vt 0.378302 0.740495
vt 0.380870 0.737545
vt 0.384094 0.736907
vt 0.388678 0.736647
vt 0.393751 0.737159
vt 0.398891 0.738539
vt 0.396898 0.743916
vt 0.394520 0.750358
vt 0.391894 0.757512
vt 0.397548 0.759707
vt 0.399896 0.752565
vt 0.404908 0.754992
vt 0.402917 0.761962
vt 0.401963 0.746127
vt 0.406547 0.748750
vt 0.409358 0.757324
vt 0.407773 0.764064
vt 0.410433 0.751401
vt 0.403738 0.740783
vt 0.408001 0.743662
vt 0.411401 0.746830
vt 0.413503 0.749412
vt 0.413570 0.753341
vt 0.413115 0.759143
vt 0.411898 0.765786
vt 0.402534 0.791089
vt 0.406578 0.786313
vt 0.408743 0.787667
vt 0.404077 0.792830
vt 0.410249 0.780479
vt 0.412860 0.781642
vt 0.410538 0.789126
vt 0.405391 0.794858
vt 0.415250 0.782838
vt 0.398246 0.794533
vt 0.413215 0.773911
vt 0.416035 0.774946
vt 0.418872 0.775985
vt 0.423212 0.777582
vt 0.417692 0.784109
vt 0.412172 0.790636
vt 0.406651 0.797163
vt 0.399866 0.799372
vt 0.401131 0.803690
vt 0.398992 0.796764
vt 0.964254 0.789553
vt 0.968757 0.795066
vt 0.966590 0.796885
vt 0.962661 0.791996
vt 0.972870 0.801074
vt 0.970034 0.802532
vt 0.964227 0.798527
vt 0.960957 0.794070
vt 0.967169 0.803889
vt 0.960867 0.780443
vt 0.965857 0.786800
vt 0.959322 0.785168
vt 0.970847 0.793157
vt 0.975838 0.799515
vt 0.980828 0.805872
vt 0.976053 0.807549
vt 0.972729 0.808722
vt 0.969604 0.809827
vt 0.966256 0.811009
vt 0.963970 0.805188
vt 0.961382 0.799915
vt 0.958760 0.795570
vt 0.957389 0.790844
vt 0.956735 0.792776
vt 0.958276 0.788250
vt 0.415181 0.766973
vt 0.416138 0.760133
vt 0.418669 0.760495
vt 0.417927 0.767774
vt 0.416126 0.753853
vt 0.418434 0.753515
vt 0.420985 0.760532
vt 0.420525 0.768401
vt 0.420753 0.752803
vt 0.415066 0.748430
vt 0.417081 0.747198
vt 0.419441 0.745756
vt 0.423212 0.743262
vt 0.423212 0.751842
vt 0.423212 0.760422
vt 0.423212 0.769002
vt 0.977545 0.814612
vt 0.978018 0.821883
vt 0.975203 0.821830
vt 0.974429 0.815258
vt 0.977881 0.829008
vt 0.975132 0.828108
vt 0.972344 0.822037
vt 0.971351 0.816002
vt 0.972523 0.827564
vt 0.980828 0.813963
vt 0.980828 0.822054
vt 0.980828 0.830144
vt 0.980828 0.838235
vt 0.976713 0.835516
vt 0.973999 0.833774
vt 0.971711 0.832312
vt 0.970012 0.831219
vt 0.969881 0.827774
vt 0.969263 0.822740
vt 0.968047 0.816998
vt 0.955569 0.796289
vt 0.957823 0.801032
vt 0.953686 0.802075
vt 0.951588 0.796846
vt 0.960195 0.806480
vt 0.955941 0.807817
vt 0.949200 0.803269
vt 0.947174 0.797725
vt 0.951384 0.809248
vt 0.953927 0.792347
vt 0.962416 0.812361
vt 0.958146 0.813863
vt 0.953585 0.815464
vt 0.948878 0.817112
vt 0.946700 0.810810
vt 0.944595 0.804717
vt 0.942633 0.799052
vt 0.945452 0.792807
vt 0.940886 0.794031
vt 0.949920 0.792260
vt 0.938242 0.800834
vt 0.940081 0.806448
vt 0.935809 0.808307
vt 0.934219 0.802893
vt 0.942058 0.812504
vt 0.937585 0.814225
vt 0.931893 0.810072
vt 0.930726 0.804939
vt 0.933398 0.815836
vt 0.936538 0.795905
vt 0.944165 0.818758
vt 0.939588 0.820353
vt 0.935288 0.821847
vt 0.931407 0.823192
vt 0.929604 0.817186
vt 0.928375 0.811423
vt 0.927744 0.806370
vt 0.929562 0.800822
vt 0.927603 0.802913
vt 0.932677 0.798256
vt 0.964297 0.818357
vt 0.965790 0.824100
vt 0.961907 0.825875
vt 0.960142 0.819977
vt 0.966940 0.829212
vt 0.963479 0.831266
vt 0.957658 0.827744
vt 0.955689 0.821707
vt 0.959480 0.833335
vt 0.968076 0.833310
vt 0.964990 0.835881
vt 0.961154 0.838241
vt 0.956822 0.840128
vt 0.955104 0.835128
vt 0.953156 0.829484
vt 0.951055 0.823408
vt 0.946369 0.824971
vt 0.948551 0.830939
vt 0.944053 0.832137
vt 0.941798 0.826401
vt 0.950565 0.836466
vt 0.946141 0.837355
vt 0.939891 0.833182
vt 0.937517 0.827735
vt 0.942139 0.837918
vt 0.952260 0.841368
vt 0.947785 0.841928
vt 0.943761 0.841853
vt 0.940935 0.841431
vt 0.938915 0.838642
vt 0.936294 0.834299
vt 0.933702 0.829023
vt 0.925052 0.806573
vt 0.925238 0.812119
vt 0.922314 0.812320
vt 0.922381 0.806021
vt 0.926243 0.818175
vt 0.923098 0.818915
vt 0.919426 0.812262
vt 0.919560 0.805112
vt 0.919906 0.819560
vt 0.925865 0.801811
vt 0.928003 0.824369
vt 0.924809 0.825471
vt 0.921408 0.826645
vt 0.916547 0.828332
vt 0.916543 0.820210
vt 0.916539 0.812088
vt 0.916536 0.803966
vt 0.920733 0.798585
vt 0.916532 0.795844
vt 0.923518 0.800339
vt 0.358173 0.777397
vt 0.357946 0.769730
vt 0.360186 0.769754
vt 0.360423 0.776686
vt 0.358400 0.761924
vt 0.360912 0.762526
vt 0.362638 0.770098
vt 0.362660 0.776341
vt 0.363570 0.763296
vt 0.355777 0.786851
vt 0.355785 0.778350
vt 0.359462 0.784394
vt 0.355792 0.769850
vt 0.355799 0.761348
vt 0.355807 0.752847
vt 0.360029 0.754390
vt 0.362774 0.755396
vt 0.365504 0.756396
vt 0.363707 0.781735
vt 0.361755 0.782964
vt 0.930448 0.830320
vt 0.933400 0.835687
vt 0.930975 0.837328
vt 0.927517 0.831675
vt 0.936675 0.840143
vt 0.934915 0.842217
vt 0.928738 0.839147
vt 0.924608 0.833133
vt 0.933258 0.844662
vt 0.940249 0.843362
vt 0.939312 0.845957
vt 0.938205 0.849042
vt 0.936601 0.853780
vt 0.931587 0.847418
vt 0.926574 0.841056
vt 0.921560 0.834694
vt 0.363599 0.747561
vt 0.368245 0.741278
vt 0.369972 0.742716
vt 0.365905 0.748729
vt 0.373327 0.735541
vt 0.374591 0.737551
vt 0.372068 0.744042
vt 0.368433 0.749858
vt 0.376082 0.739269
vt 0.361242 0.746316
vt 0.366677 0.739784
vt 0.372112 0.733253
vt 0.377547 0.726721
vt 0.378800 0.731004
vt 0.379637 0.733597
vt 0.380342 0.735809
vt 0.927929 0.797884
vt 0.925908 0.795514
vt 0.929303 0.791483
vt 0.931046 0.794554
vt 0.923604 0.793244
vt 0.927458 0.788679
vt 0.933386 0.788186
vt 0.934946 0.791794
vt 0.931772 0.784682
vt 0.921045 0.790913
vt 0.925558 0.785982
vt 0.930071 0.781051
vt 0.934583 0.776120
vt 0.936594 0.781854
vt 0.938019 0.785883
vt 0.939388 0.789759
vt 0.944128 0.788604
vt 0.943075 0.784821
vt 0.948303 0.784882
vt 0.948880 0.788357
vt 0.942121 0.781088
vt 0.947962 0.781556
vt 0.953439 0.785946
vt 0.953363 0.789042
vt 0.953789 0.782756
vt 0.941154 0.777201
vt 0.947725 0.778281
vt 0.954296 0.779362
vt 0.362449 0.790094
vt 0.364307 0.788319
vt 0.367847 0.792805
vt 0.366416 0.794943
vt 0.365947 0.786261
vt 0.369241 0.790147
vt 0.372102 0.796472
vt 0.370854 0.799173
vt 0.373376 0.793376
vt 0.360370 0.791850
vt 0.378138 0.795743
vt 0.376964 0.799048
vt 0.375836 0.802202
vt 0.369557 0.801848
vt 0.374150 0.806847
vt 0.364963 0.796849
vt 0.381589 0.803161
vt 0.382331 0.800274
vt 0.387955 0.800274
vt 0.387716 0.802854
vt 0.383297 0.797063
vt 0.388551 0.797319
vt 0.393569 0.799180
vt 0.393888 0.801764
vt 0.393596 0.796520
vt 0.380895 0.806058
vt 0.394386 0.804479
vt 0.387640 0.805269
vt 0.384966 0.733786
vt 0.385033 0.731138
vt 0.390635 0.729988
vt 0.389991 0.732938
vt 0.384755 0.728561
vt 0.390922 0.727406
vt 0.396263 0.729931
vt 0.395243 0.733141
vt 0.397054 0.727033
vt 0.384295 0.725853
vt 0.391043 0.724985
vt 0.397792 0.724117
vt 0.404539 0.723249
vt 0.402830 0.727941
vt 0.401656 0.731111
vt 0.400424 0.734417
vt 0.405235 0.736761
vt 0.406567 0.733662
vt 0.410883 0.737323
vt 0.409431 0.739985
vt 0.407865 0.730948
vt 0.412369 0.735175
vt 0.414484 0.741818
vt 0.412784 0.743882
vt 0.416402 0.740032
vt 0.409208 0.728252
vt 0.413876 0.733256
vt 0.418544 0.738259
vt 0.943747 0.851436
vt 0.944160 0.848247
vt 0.949303 0.849290
vt 0.949579 0.852611
vt 0.944288 0.845153
vt 0.948784 0.845823
vt 0.954534 0.849330
vt 0.955421 0.853054
vt 0.953540 0.845557
vt 0.943173 0.854831
vt 0.958274 0.844384
vt 0.959583 0.848248
vt 0.960941 0.852266
vt 0.956317 0.856931
vt 0.962889 0.857981
vt 0.949745 0.855881
vt 0.965743 0.849424
vt 0.964198 0.845931
vt 0.968257 0.842626
vt 0.970033 0.845420
vt 0.962699 0.842336
vt 0.966574 0.839567
vt 0.971627 0.838593
vt 0.973861 0.840852
vt 0.969665 0.836235
vt 0.967374 0.853045
vt 0.976343 0.843172
vt 0.971859 0.848108
vt 0.952234 0.975173
vt 0.956872 0.974488
vt 0.958738 0.979429
vt 0.954078 0.980267
vt 0.961475 0.973641
vt 0.963558 0.978565
vt 0.965641 0.983489
vt 0.960862 0.984378
vt 0.956082 0.985267
vt 0.966613 0.947805
vt 0.971009 0.948051
vt 0.971258 0.953429
vt 0.967129 0.953784
vt 0.975053 0.948106
vt 0.975205 0.953114
vt 0.975357 0.958123
vt 0.972238 0.958645
vt 0.967644 0.959763
vt 0.961734 0.935290
vt 0.957057 0.934553
vt 0.958848 0.929339
vt 0.963688 0.930056
vt 0.952343 0.934022
vt 0.954145 0.928568
vt 0.956016 0.923372
vt 0.960829 0.924097
vt 0.965641 0.924823
vt 0.941085 0.955044
vt 0.945351 0.955010
vt 0.945356 0.960140
vt 0.941094 0.960304
vt 0.949638 0.954963
vt 0.949683 0.960036
vt 0.950025 0.965047
vt 0.945680 0.965235
vt 0.941471 0.965552
vt 0.931545 0.955156
vt 0.931956 0.948831
vt 0.936680 0.949297
vt 0.936521 0.955058
vt 0.932367 0.942506
vt 0.937127 0.943536
vt 0.941537 0.944175
vt 0.941188 0.949622
vt 0.958856 0.955002
vt 0.959132 0.959655
vt 0.954322 0.959867
vt 0.954222 0.954931
vt 0.959407 0.964307
vt 0.954709 0.964729
vt 0.994617 0.915029
vt 0.997066 0.918989
vt 0.993022 0.921529
vt 0.990604 0.917565
vt 0.999514 0.922949
vt 0.995501 0.925485
vt 0.991488 0.928021
vt 0.988736 0.924103
vt 0.986591 0.920101
vt 0.935545 0.979509
vt 0.939763 0.977860
vt 0.941364 0.983817
vt 0.937130 0.985651
vt 0.943912 0.976549
vt 0.945565 0.982241
vt 0.947273 0.987796
vt 0.942994 0.989794
vt 0.938714 0.991793
vt 0.981780 0.931861
vt 0.979218 0.929830
vt 0.983942 0.926791
vt 0.986634 0.929941
vt 0.975873 0.927008
vt 0.981232 0.923554
vt 0.947982 0.975749
vt 0.949745 0.981135
vt 0.951678 0.986531
vt 0.986777 0.979712
vt 0.988453 0.974910
vt 0.993107 0.977350
vt 0.991091 0.981693
vt 0.990886 0.971128
vt 0.995200 0.973108
vt 0.999514 0.975089
vt 0.997460 0.979381
vt 0.995405 0.983674
vt 0.973547 0.969818
vt 0.978224 0.967617
vt 0.983191 0.971535
vt 0.980162 0.974765
vt 0.981406 0.965752
vt 0.986146 0.968440
vt 0.947913 0.933609
vt 0.949743 0.927566
vt 0.943658 0.932954
vt 0.945498 0.926298
vt 0.947646 0.919106
vt 0.951831 0.921239
vt 0.939392 0.931810
vt 0.941261 0.924709
vt 0.934876 0.930925
vt 0.936996 0.922977
vt 0.939116 0.915029
vt 0.943381 0.917068
vt 0.946576 0.970436
vt 0.942466 0.970965
vt 0.950864 0.970090
vt 0.975467 0.938744
vt 0.972376 0.937943
vt 0.975263 0.933612
vt 0.978623 0.935302
vt 0.967399 0.936563
vt 0.971636 0.931785
vt 0.932345 0.967063
vt 0.937119 0.966230
vt 0.938260 0.971977
vt 0.933945 0.973286
vt 0.955550 0.969595
vt 0.960441 0.968974
vt 0.938028 0.937889
vt 0.942335 0.938774
vt 0.933622 0.936716
vt 0.950110 0.944504
vt 0.945770 0.944411
vt 0.946577 0.939136
vt 0.950974 0.939303
vt 0.974637 0.963317
vt 0.970596 0.964790
vt 0.978382 0.961938
vt 0.959426 0.944985
vt 0.954778 0.944717
vt 0.955697 0.939648
vt 0.960580 0.940138
vt 0.959141 0.949994
vt 0.954346 0.949844
vt 0.949729 0.949753
vt 0.931945 0.961110
vt 0.936618 0.960649
vt 0.945435 0.949729
vt 0.971245 0.942843
vt 0.967006 0.942184
vt 0.975260 0.943425
vt 0.263863 0.278784
vt 0.246779 0.290535
vt 0.234431 0.270987
vt 0.250438 0.259593
vt 0.228842 0.302228
vt 0.217820 0.283164
vt 0.205942 0.266435
vt 0.222703 0.253814
vt 0.238471 0.242487
vt 0.209939 0.313534
vt 0.200184 0.296620
vt 0.194321 0.321663
vt 0.182757 0.312230
vt 0.167436 0.298179
vt 0.187303 0.281127
vt 0.211111 0.236991
vt 0.226814 0.225822
vt 0.193990 0.249548
vt 0.181399 0.231623
vt 0.198845 0.219478
vt 0.214660 0.208449
vt 0.174312 0.264365
vt 0.152732 0.281214
vt 0.138860 0.261454
vt 0.161184 0.245746
vt 0.185443 0.200927
vt 0.201639 0.189834
vt 0.167776 0.212616
vt 0.154746 0.194213
vt 0.172160 0.182773
vt 0.188749 0.171408
vt 0.147730 0.225559
vt 0.125729 0.239318
vt 0.115436 0.217182
vt 0.135955 0.205904
vt 0.160000 0.166250
vt 0.176836 0.154379
vt 0.143458 0.177937
vt 0.131112 0.162951
vt 0.147241 0.149993
vt 0.164748 0.137097
vt 0.127108 0.188918
vt 0.109573 0.197806
vt 0.106258 0.184581
vt 0.116941 0.175100
vt 0.189133 0.338774
vt 0.167081 0.331783
vt 0.181966 0.362400
vt 0.152702 0.354379
vt 0.127931 0.339069
vt 0.147346 0.317639
vt 0.175722 0.387903
vt 0.139964 0.378526
vt 0.167275 0.418508
vt 0.127657 0.404048
vt 0.088038 0.389587
vt 0.109424 0.362233
vt 0.841838 0.157393
vt 0.811768 0.167334
vt 0.800576 0.132277
vt 0.825378 0.118663
vt 0.786625 0.174743
vt 0.777069 0.146120
vt 0.760483 0.122478
vt 0.782652 0.102795
vt 0.808917 0.079932
vt 0.763398 0.182892
vt 0.755108 0.161369
vt 0.746866 0.189036
vt 0.736641 0.178040
vt 0.721882 0.163866
vt 0.740110 0.142842
vt 0.130256 0.299638
vt 0.107518 0.319362
vt 0.090621 0.295274
vt 0.115324 0.278100
vt 0.084785 0.340304
vt 0.061569 0.362581
vt 0.035100 0.335575
vt 0.064467 0.313122
vt 0.759234 0.079510
vt 0.780354 0.054941
vt 0.739521 0.103405
vt 0.714294 0.087990
vt 0.730761 0.060802
vt 0.751791 0.029949
vt 0.721178 0.127060
vt 0.704170 0.150355
vt 0.683619 0.137680
vt 0.698690 0.113463
vt 0.102258 0.253212
vt 0.076723 0.266687
vt 0.067300 0.235826
vt 0.092802 0.227273
vt 0.048428 0.279503
vt 0.017793 0.292317
vt 0.000486 0.249059
vt 0.037919 0.242801
vt 0.696203 0.046680
vt 0.707612 0.015218
vt 0.684860 0.075690
vt 0.653587 0.067911
vt 0.659024 0.038206
vt 0.663433 0.000486
vt 0.673027 0.101797
vt 0.660753 0.125816
vt 0.638097 0.116764
vt 0.646646 0.093737
vt 0.088800 0.202902
vt 0.064075 0.205352
vt 0.067769 0.177320
vt 0.090953 0.181727
vt 0.036036 0.205876
vt 0.005491 0.205167
vt 0.010496 0.161275
vt 0.041260 0.171076
vt 0.622257 0.038323
vt 0.620037 0.007897
vt 0.623221 0.066297
vt 0.595682 0.071476
vt 0.588020 0.045416
vt 0.576642 0.015309
vt 0.622261 0.091035
vt 0.618494 0.111977
vt 0.605159 0.109398
vt 0.601409 0.094318
vt 0.740561 0.205615
vt 0.722887 0.196818
vt 0.731684 0.226059
vt 0.711443 0.215895
vt 0.692980 0.204501
vt 0.706278 0.184820
vt 0.721602 0.245172
vt 0.700631 0.233543
vt 0.710826 0.263105
vt 0.690154 0.250292
vt 0.671022 0.238434
vt 0.681445 0.222048
vt 0.688625 0.172797
vt 0.674951 0.193287
vt 0.656304 0.181688
vt 0.669277 0.160745
vt 0.663373 0.211066
vt 0.653105 0.227329
vt 0.635026 0.216123
vt 0.645147 0.199754
vt 0.648377 0.148453
vt 0.636593 0.169155
vt 0.617516 0.157184
vt 0.628111 0.137804
vt 0.625912 0.187418
vt 0.615750 0.204176
vt 0.596665 0.192347
vt 0.607077 0.175179
vt 0.610684 0.129928
vt 0.600657 0.146833
vt 0.585000 0.135357
vt 0.596330 0.120564
vt 0.589922 0.163969
vt 0.579020 0.181410
vt 0.561085 0.170294
vt 0.572970 0.152141
vt 0.744812 0.256485
vt 0.733158 0.276947
vt 0.754799 0.233724
vt 0.780600 0.240167
vt 0.770451 0.267977
vt 0.757496 0.292032
vt 0.762096 0.208064
vt 0.787000 0.207646
vt 0.798582 0.280350
vt 0.784298 0.308644
vt 0.808847 0.247400
vt 0.841838 0.259705
vt 0.828677 0.293849
vt 0.815516 0.327994
vt 0.813681 0.207733
vt 0.841838 0.208549
vt 0.336924 0.383227
vt 0.303442 0.398280
vt 0.288244 0.368783
vt 0.315733 0.352934
vt 0.269959 0.413334
vt 0.255841 0.380836
vt 0.246792 0.352389
vt 0.273889 0.340604
vt 0.297124 0.326332
vt 0.218617 0.415921
vt 0.216346 0.387740
vt 0.214805 0.360802
vt 0.260015 0.314078
vt 0.279620 0.301310
vt 0.238256 0.325706
vt 0.213735 0.335331
vt 0.131872 0.132232
vt 0.151047 0.117512
vt 0.114692 0.147901
vt 0.094266 0.131715
vt 0.113435 0.112158
vt 0.135165 0.094809
vt 0.100397 0.164003
vt 0.078412 0.153074
vt 0.092005 0.089407
vt 0.116769 0.068511
vt 0.070513 0.113560
vt 0.042342 0.092523
vt 0.068476 0.064679
vt 0.094610 0.036835
vt 0.053372 0.140660
vt 0.026419 0.126899
vt 0.457340 0.105991
vt 0.483635 0.078416
vt 0.509455 0.100446
vt 0.490013 0.126242
vt 0.509929 0.050841
vt 0.532348 0.077725
vt 0.551711 0.100372
vt 0.533257 0.120515
vt 0.517180 0.143081
vt 0.543286 0.033075
vt 0.558424 0.059155
vt 0.572155 0.083406
vt 0.554332 0.137785
vt 0.540729 0.157677
vt 0.569017 0.119825
vt 0.584301 0.104698
vt 0.266629 0.248463
vt 0.280759 0.266765
vt 0.254518 0.231558
vt 0.272121 0.220140
vt 0.283763 0.237034
vt 0.297893 0.253924
vt 0.302451 0.225081
vt 0.314994 0.240044
vt 0.292313 0.207669
vt 0.315143 0.194852
vt 0.323090 0.214063
vt 0.327986 0.228159
vt 0.242690 0.214901
vt 0.230443 0.197374
vt 0.247834 0.185149
vt 0.260356 0.203123
vt 0.281021 0.189718
vt 0.268032 0.171002
vt 0.290442 0.155417
vt 0.304249 0.175223
vt 0.217612 0.178423
vt 0.205114 0.159721
vt 0.221830 0.147285
vt 0.234651 0.165835
vt 0.253682 0.151442
vt 0.239256 0.133641
vt 0.256885 0.118233
vt 0.274150 0.135492
vt 0.193761 0.142633
vt 0.182864 0.125074
vt 0.200567 0.114365
vt 0.210411 0.131101
vt 0.226333 0.119507
vt 0.216838 0.105219
vt 0.229407 0.098433
vt 0.240694 0.106083
vt 0.346832 0.206041
vt 0.345839 0.229154
vt 0.340312 0.182652
vt 0.367100 0.171762
vt 0.372988 0.200281
vt 0.370489 0.230521
vt 0.400040 0.196594
vt 0.396588 0.233399
vt 0.395205 0.162319
vt 0.428234 0.151609
vt 0.428234 0.193783
vt 0.428234 0.235958
vt 0.674441 0.427469
vt 0.632432 0.429959
vt 0.633590 0.401690
vt 0.669966 0.396116
vt 0.590422 0.432449
vt 0.599212 0.398754
vt 0.606976 0.370143
vt 0.635529 0.374479
vt 0.665414 0.370303
vt 0.639415 0.348027
vt 0.662378 0.345876
vt 0.616150 0.342837
vt 0.626868 0.317159
vt 0.646129 0.324070
vt 0.660526 0.328336
vt 0.329262 0.160427
vt 0.314149 0.139015
vt 0.338752 0.121698
vt 0.355586 0.145829
vt 0.383054 0.131655
vt 0.364486 0.103249
vt 0.395646 0.083360
vt 0.411940 0.117484
vt 0.555332 0.417987
vt 0.567939 0.388141
vt 0.520243 0.403526
vt 0.538517 0.370965
vt 0.555540 0.344122
vt 0.580568 0.359856
vt 0.593593 0.332904
vt 0.571411 0.318814
vt 0.586393 0.294542
vt 0.606888 0.307308
vt 0.295249 0.118208
vt 0.274125 0.100431
vt 0.290903 0.079407
vt 0.316663 0.098841
vt 0.338403 0.076655
vt 0.307529 0.054199
vt 0.326243 0.021181
vt 0.360945 0.052270
vt 0.487394 0.370514
vt 0.510495 0.346298
vt 0.454545 0.337503
vt 0.486365 0.316772
vt 0.510549 0.298687
vt 0.531429 0.323233
vt 0.549545 0.301021
vt 0.530589 0.280981
vt 0.547408 0.263079
vt 0.565595 0.279342
vt 0.252604 0.088315
vt 0.231974 0.083078
vt 0.235783 0.059789
vt 0.263382 0.065929
vt 0.273488 0.039770
vt 0.239006 0.032745
vt 0.240348 0.000486
vt 0.283295 0.010833
vt 0.441875 0.295341
vt 0.470111 0.283793
vt 0.429206 0.253179
vt 0.461231 0.249974
vt 0.487979 0.245242
vt 0.495593 0.272210
vt 0.517321 0.260343
vt 0.510984 0.240209
vt 0.526157 0.236858
vt 0.534400 0.247653
vt 0.656827 0.303399
vt 0.672568 0.315313
vt 0.638692 0.293862
vt 0.650401 0.273196
vt 0.668820 0.284662
vt 0.686929 0.298267
vt 0.679815 0.267127
vt 0.699560 0.280735
vt 0.660984 0.255059
vt 0.620070 0.283401
vt 0.600669 0.271436
vt 0.613653 0.250499
vt 0.632337 0.262039
vt 0.643108 0.243760
vt 0.624869 0.232470
vt 0.580362 0.258187
vt 0.561809 0.244775
vt 0.574451 0.226665
vt 0.593659 0.238423
vt 0.605263 0.220732
vt 0.585922 0.209309
vt 0.547002 0.232672
vt 0.532229 0.223983
vt 0.540436 0.207255
vt 0.557680 0.216171
vt 0.568251 0.198933
vt 0.550115 0.189013
vt 0.720017 0.296488
vt 0.741717 0.314336
vt 0.721326 0.335799
vt 0.704077 0.315559
vt 0.684343 0.333510
vt 0.695048 0.355999
vt 0.765313 0.334025
vt 0.790792 0.354972
vt 0.766069 0.381950
vt 0.740371 0.357878
vt 0.706997 0.379855
vt 0.720255 0.404709
vt 0.340047 0.332545
vt 0.362545 0.356936
vt 0.318498 0.309399
vt 0.338859 0.287985
vt 0.362479 0.306239
vt 0.388166 0.330644
vt 0.382506 0.271505
vt 0.408200 0.283301
vt 0.357729 0.260821
vt 0.298336 0.287270
vt 0.316719 0.270818
vt 0.334169 0.251083
vt 0.171449 0.104546
vt 0.158914 0.080345
vt 0.183858 0.069042
vt 0.192059 0.093780
vt 0.212086 0.085872
vt 0.209357 0.061473
vt 0.144889 0.052413
vt 0.129727 0.021831
vt 0.164844 0.006828
vt 0.174946 0.040505
vt 0.206281 0.033695
vt 0.202596 0.003657
vt 0.475561 0.155131
vt 0.444343 0.141808
vt 0.504124 0.167518
vt 0.494294 0.193007
vt 0.465397 0.185742
vt 0.431347 0.177625
vt 0.460368 0.217357
vt 0.430276 0.215402
vt 0.488196 0.218865
vt 0.528967 0.178709
vt 0.519416 0.199851
vt 0.512668 0.220269
vt 0.396922 0.703689
vt 0.391747 0.703160
vt 0.393035 0.696858
vt 0.399038 0.699909
vt 0.382918 0.701483
vt 0.384937 0.693423
vt 0.388546 0.686302
vt 0.395902 0.691210
vt 0.401853 0.695269
vt 0.399926 0.686147
vt 0.405047 0.690771
vt 0.393683 0.679893
vt 0.400942 0.674711
vt 0.405486 0.682316
vt 0.407847 0.687189
vt 0.371395 0.698047
vt 0.374485 0.688549
vt 0.361559 0.694656
vt 0.365538 0.684168
vt 0.370687 0.674879
vt 0.378965 0.680134
vt 0.385164 0.672432
vt 0.377662 0.666274
vt 0.387757 0.658788
vt 0.394025 0.665909
vt 0.413189 0.680470
vt 0.413305 0.688052
vt 0.410821 0.671264
vt 0.423212 0.669582
vt 0.422380 0.679727
vt 0.421548 0.689871
vt 0.788515 0.464650
vt 0.787360 0.474077
vt 0.780457 0.472483
vt 0.781821 0.465471
vt 0.786205 0.483505
vt 0.776819 0.480795
vt 0.769656 0.476799
vt 0.774661 0.470061
vt 0.777392 0.465739
vt 0.406153 0.660906
vt 0.401721 0.652481
vt 0.417156 0.643530
vt 0.420184 0.656556
vt 0.780373 0.494903
vt 0.771185 0.489953
vt 0.774541 0.506302
vt 0.766155 0.497332
vt 0.757107 0.490732
vt 0.762919 0.484524
vt 0.770422 0.466073
vt 0.775400 0.462171
vt 0.764232 0.471502
vt 0.760145 0.465373
vt 0.767180 0.461160
vt 0.772766 0.457756
vt 0.764713 0.455887
vt 0.770297 0.453304
vt 0.757032 0.458893
vt 0.755126 0.451863
vt 0.763467 0.450246
vt 0.768303 0.449834
vt 0.756320 0.477937
vt 0.749554 0.483221
vt 0.743573 0.475057
vt 0.751203 0.470618
vt 0.747221 0.463101
vt 0.738878 0.466853
vt 0.735186 0.458332
vt 0.744339 0.455133
vt 0.764133 0.443919
vt 0.770581 0.445984
vt 0.754852 0.443858
vt 0.757757 0.433421
vt 0.766044 0.436860
vt 0.774331 0.440300
vt 0.404143 0.715101
vt 0.395178 0.718689
vt 0.392723 0.710472
vt 0.399623 0.708248
vt 0.386213 0.722277
vt 0.382790 0.710851
vt 0.742437 0.446385
vt 0.731735 0.449244
vt 0.724001 0.440751
vt 0.740879 0.437086
vt 0.367737 0.720889
vt 0.369384 0.709000
vt 0.349261 0.719500
vt 0.357773 0.706773
vt 0.774874 0.449783
vt 0.779291 0.445547
vt 0.784251 0.450794
vt 0.778134 0.454491
vt 0.780649 0.459681
vt 0.786383 0.457722
vt 0.404294 0.704254
vt 0.409579 0.709573
vt 0.408007 0.699388
vt 0.415015 0.704044
vt 0.411182 0.694077
vt 0.418282 0.696958
vt 0.754352 0.493831
vt 0.746324 0.485936
vt 0.752438 0.497189
vt 0.743858 0.489283
vt 0.736680 0.480499
vt 0.739877 0.477390
vt 0.366682 0.672171
vt 0.374060 0.663163
vt 0.363323 0.668900
vt 0.371283 0.659718
vt 0.382577 0.651836
vt 0.384753 0.655274
vt 0.734767 0.468851
vt 0.730741 0.471566
vt 0.725846 0.462474
vt 0.730629 0.460070
vt 0.356675 0.692814
vt 0.361149 0.681866
vt 0.351772 0.690305
vt 0.357065 0.678940
vt 0.349011 0.719432
vt 0.352720 0.705548
vt 0.348762 0.719363
vt 0.347509 0.703562
vt 0.727086 0.450678
vt 0.722219 0.452869
vt 0.723663 0.440860
vt 0.723832 0.440805
vt 0.774432 0.506497
vt 0.763975 0.500493
vt 0.774323 0.506692
vt 0.762513 0.503401
vt 0.399702 0.648885
vt 0.398349 0.645858
vt 0.416992 0.642974
vt 0.417074 0.643252
vt 0.378555 0.644615
vt 0.395866 0.639097
vt 0.374133 0.633894
vt 0.393417 0.629240
vt 0.414846 0.627222
vt 0.415919 0.635099
vt 0.356600 0.661719
vt 0.365932 0.652299
vt 0.347549 0.651070
vt 0.359298 0.641360
vt 0.715693 0.468087
vt 0.710551 0.458616
vt 0.701529 0.477583
vt 0.694524 0.468083
vt 0.689833 0.456999
vt 0.706748 0.448930
vt 0.748916 0.504434
vt 0.739089 0.496669
vt 0.744745 0.515275
vt 0.732920 0.507707
vt 0.721375 0.498110
vt 0.730205 0.487484
vt 0.770766 0.514179
vt 0.759597 0.510069
vt 0.767210 0.521666
vt 0.756373 0.519876
vt 0.329477 0.713776
vt 0.335029 0.698467
vt 0.310192 0.708188
vt 0.317992 0.689818
vt 0.327174 0.675156
vt 0.341490 0.684541
vt 0.348648 0.672389
vt 0.337006 0.662335
vt 0.722328 0.477780
vt 0.710667 0.487742
vt 0.286944 0.692362
vt 0.299186 0.676579
vt 0.263695 0.676536
vt 0.280825 0.658818
vt 0.296782 0.645372
vt 0.311625 0.662226
vt 0.324521 0.649444
vt 0.312909 0.633467
vt 0.330021 0.622687
vt 0.338266 0.638062
vt 0.712173 0.511556
vt 0.698194 0.501222
vt 0.704144 0.527981
vt 0.686921 0.518610
vt 0.672036 0.509542
vt 0.686203 0.491234
vt 0.371252 0.620888
vt 0.392475 0.617084
vt 0.369700 0.606404
vt 0.392618 0.603596
vt 0.416376 0.603667
vt 0.415611 0.615445
vt 0.353442 0.628168
vt 0.348833 0.613169
vt 0.676777 0.482011
vt 0.659858 0.500678
vt 0.647781 0.488565
vt 0.668807 0.472782
vt 0.741487 0.528524
vt 0.727061 0.521250
vt 0.739697 0.543342
vt 0.722487 0.536928
vt 0.766084 0.533229
vt 0.754358 0.532056
vt 0.764958 0.544792
vt 0.753859 0.545546
vt 0.768302 0.558028
vt 0.755303 0.559799
vt 0.771645 0.571264
vt 0.758261 0.574859
vt 0.741344 0.575567
vt 0.739629 0.559089
vt 0.244991 0.647716
vt 0.264867 0.635597
vt 0.226286 0.618896
vt 0.252412 0.608933
vt 0.275139 0.600648
vt 0.284245 0.624442
vt 0.303587 0.614231
vt 0.297415 0.592790
vt 0.320202 0.585445
vt 0.323791 0.604876
vt 0.698575 0.547438
vt 0.678510 0.539976
vt 0.696163 0.568581
vt 0.673649 0.563485
vt 0.653559 0.558164
vt 0.660918 0.532542
vt 0.368897 0.591024
vt 0.393312 0.589199
vt 0.368930 0.574841
vt 0.394365 0.573781
vt 0.420205 0.575888
vt 0.418290 0.589778
vt 0.345598 0.596643
vt 0.344096 0.579063
vt 0.646051 0.525106
vt 0.636016 0.552623
vt 0.616872 0.546000
vt 0.632327 0.517282
vt 0.719916 0.554451
vt 0.719777 0.573078
vt 0.319526 0.565428
vt 0.344478 0.561014
vt 0.320961 0.545841
vt 0.345838 0.543361
vt 0.370830 0.541267
vt 0.369843 0.557992
vt 0.650366 0.584192
vt 0.631144 0.581304
vt 0.651723 0.609911
vt 0.631407 0.610080
vt 0.609347 0.610841
vt 0.613109 0.578420
vt 0.744627 0.592573
vt 0.722121 0.591975
vt 0.748379 0.609437
vt 0.725787 0.610367
vt 0.700544 0.610518
vt 0.697149 0.589887
vt 0.777536 0.588282
vt 0.762485 0.591082
vt 0.783427 0.605300
vt 0.766734 0.607598
vt 0.219311 0.584489
vt 0.245289 0.580044
vt 0.212335 0.550081
vt 0.243532 0.550382
vt 0.270195 0.550069
vt 0.270337 0.575466
vt 0.294921 0.570458
vt 0.295827 0.548351
vt 0.672628 0.587142
vt 0.675121 0.610201
vt 0.395613 0.556880
vt 0.396343 0.539674
vt 0.423212 0.538065
vt 0.421708 0.556977
vt 0.705170 0.629966
vt 0.680600 0.632178
vt 0.710333 0.648338
vt 0.688370 0.652363
vt 0.667914 0.657066
vt 0.657798 0.634733
vt 0.370909 0.525307
vt 0.395463 0.523005
vt 0.369243 0.509487
vt 0.392270 0.505895
vt 0.418339 0.502618
vt 0.420776 0.520341
vt 0.323519 0.527433
vt 0.347099 0.526755
vt 0.326527 0.509898
vt 0.347581 0.510714
vt 0.637989 0.638042
vt 0.649660 0.663116
vt 0.629381 0.673460
vt 0.619364 0.642150
vt 0.751314 0.625684
vt 0.729432 0.627761
vt 0.752303 0.642091
vt 0.732207 0.644725
vt 0.785971 0.622085
vt 0.769559 0.623865
vt 0.788515 0.638869
vt 0.769786 0.640785
vt 0.220409 0.514774
vt 0.248363 0.521045
vt 0.228482 0.479467
vt 0.258469 0.493806
vt 0.282957 0.502585
vt 0.274710 0.525497
vt 0.299577 0.527341
vt 0.305289 0.507541
vt 0.252694 0.456889
vt 0.273857 0.470981
vt 0.276906 0.434312
vt 0.291630 0.452361
vt 0.306313 0.463055
vt 0.293815 0.481886
vt 0.312099 0.488773
vt 0.319536 0.470475
vt 0.332582 0.474073
vt 0.329525 0.492528
vt 0.715473 0.665737
vt 0.697575 0.670080
vt 0.720083 0.681636
vt 0.706903 0.685007
vt 0.695097 0.689956
vt 0.680978 0.675447
vt 0.365297 0.492859
vt 0.385618 0.487068
vt 0.359593 0.474450
vt 0.376201 0.467816
vt 0.396498 0.454331
vt 0.407419 0.478474
vt 0.346905 0.494405
vt 0.345522 0.476722
vt 0.666125 0.682525
vt 0.684102 0.696766
vt 0.675070 0.709315
vt 0.652226 0.691387
vt 0.750528 0.659335
vt 0.733536 0.661745
vt 0.746251 0.676458
vt 0.733450 0.677913
vt 0.780293 0.661001
vt 0.765773 0.659320
vt 0.772071 0.683134
vt 0.758524 0.677331
vt 0.739867 0.692823
vt 0.732449 0.690301
vt 0.728836 0.715891
vt 0.723899 0.695849
vt 0.750453 0.699512
vt 0.749686 0.690625
vt 0.309048 0.426896
vt 0.307588 0.440485
vt 0.341190 0.419480
vt 0.319900 0.445105
vt 0.326050 0.454836
vt 0.335901 0.453154
vt 0.714083 0.695513
vt 0.708937 0.701478
vt 0.352750 0.453063
vt 0.365576 0.452129
vt 0.368844 0.436906
vt 0.344272 0.459913
vt 0.699013 0.704470
vt 0.701953 0.712603
vt 0.339470 0.743944
vt 0.339203 0.746770
vt 0.336959 0.746932
vt 0.336635 0.743953
vt 0.339254 0.750200
vt 0.337579 0.750495
vt 0.335782 0.750822
vt 0.335187 0.747054
vt 0.334592 0.743285
vt 0.340032 0.753767
vt 0.338614 0.754161
vt 0.341398 0.757315
vt 0.339876 0.757835
vt 0.338354 0.758355
vt 0.337068 0.754589
vt 0.600952 0.807958
vt 0.600932 0.809823
vt 0.597741 0.809837
vt 0.597761 0.808017
vt 0.600929 0.811072
vt 0.597738 0.811072
vt 0.594017 0.811072
vt 0.594019 0.809917
vt 0.594020 0.808763
vt 0.625031 0.808760
vt 0.625031 0.809916
vt 0.621117 0.809916
vt 0.621198 0.808760
vt 0.625031 0.811072
vt 0.621100 0.811072
vt 0.616584 0.811072
vt 0.616631 0.809900
vt 0.617364 0.808760
vt 0.606217 0.807950
vt 0.606473 0.809818
vt 0.603420 0.809822
vt 0.603397 0.807957
vt 0.606510 0.811072
vt 0.603423 0.811072
vt 0.604934 0.801545
vt 0.605612 0.805056
vt 0.603360 0.805067
vt 0.603383 0.801564
vt 0.601063 0.805068
vt 0.601832 0.801583
vt 0.343062 0.749893
vt 0.345531 0.747455
vt 0.347580 0.749942
vt 0.343539 0.752371
vt 0.350897 0.743229
vt 0.352851 0.746703
vt 0.354805 0.750177
vt 0.349090 0.753392
vt 0.343376 0.756607
vt 0.597825 0.805060
vt 0.597970 0.801519
vt 0.594063 0.805109
vt 0.594107 0.801454
vt 0.339621 0.740802
vt 0.339605 0.742084
vt 0.336520 0.742092
vt 0.336498 0.740802
vt 0.334554 0.742043
vt 0.334516 0.740802
vt 0.350900 0.740802
vt 0.350898 0.742016
vt 0.344613 0.742070
vt 0.344679 0.740802
vt 0.343991 0.743877
vt 0.606984 0.801524
vt 0.612174 0.805142
vt 0.608582 0.805064
vt 0.605959 0.801535
vt 0.610597 0.808012
vt 0.611218 0.809833
vt 0.611279 0.811072
vt 0.341370 0.753362
vt 0.341105 0.749978
vt 0.342387 0.756961
vt 0.342278 0.746729
vt 0.339470 0.737660
vt 0.336635 0.737651
vt 0.336959 0.734672
vt 0.339203 0.734834
vt 0.334592 0.738319
vt 0.335187 0.734550
vt 0.335782 0.730782
vt 0.337579 0.731109
vt 0.339254 0.731404
vt 0.338614 0.727443
vt 0.340032 0.727837
vt 0.337068 0.727015
vt 0.338354 0.723249
vt 0.339876 0.723769
vt 0.341398 0.724288
vt 0.600952 0.814185
vt 0.597760 0.814126
vt 0.597741 0.812306
vt 0.600932 0.812320
vt 0.594019 0.813380
vt 0.594019 0.812226
vt 0.625031 0.813384
vt 0.621198 0.813384
vt 0.621117 0.812228
vt 0.625031 0.812228
vt 0.617364 0.813384
vt 0.616631 0.812244
vt 0.606217 0.814194
vt 0.603397 0.814187
vt 0.603420 0.812322
vt 0.606473 0.812325
vt 0.604933 0.820598
vt 0.603383 0.820579
vt 0.603360 0.817076
vt 0.605611 0.817087
vt 0.601832 0.820560
vt 0.601063 0.817076
vt 0.343062 0.731711
vt 0.343539 0.729232
vt 0.347580 0.731662
vt 0.345531 0.734149
vt 0.343376 0.724997
vt 0.349090 0.728212
vt 0.354805 0.731427
vt 0.352851 0.734901
vt 0.350897 0.738374
vt 0.597969 0.820625
vt 0.597825 0.817084
vt 0.594107 0.820689
vt 0.594063 0.817035
vt 0.336520 0.739512
vt 0.339605 0.739519
vt 0.334554 0.739561
vt 0.344613 0.739533
vt 0.350898 0.739588
vt 0.343991 0.737727
vt 0.606984 0.820620
vt 0.605959 0.820609
vt 0.608582 0.817080
vt 0.612174 0.817002
vt 0.610597 0.814131
vt 0.611218 0.812311
vt 0.341105 0.731625
vt 0.341370 0.728242
vt 0.342387 0.724643
vt 0.342278 0.734875
vt 0.185074 0.438068
vt 0.187190 0.441848
vt 0.181186 0.444899
vt 0.179899 0.438597
vt 0.190004 0.446488
vt 0.184054 0.450547
vt 0.176698 0.455454
vt 0.173089 0.448333
vt 0.171070 0.440274
vt 0.193199 0.450986
vt 0.188078 0.455610
vt 0.195999 0.454568
vt 0.193638 0.459441
vt 0.189094 0.467045
vt 0.181835 0.461864
vt 0.162637 0.453208
vt 0.159547 0.443710
vt 0.167116 0.461622
vt 0.158839 0.466878
vt 0.153690 0.457589
vt 0.149711 0.447100
vt 0.173316 0.469325
vt 0.182177 0.475848
vt 0.175908 0.482969
vt 0.165813 0.475483
vt 0.201456 0.453705
vt 0.201340 0.461287
vt 0.209700 0.451886
vt 0.210532 0.462030
vt 0.211363 0.472174
vt 0.198973 0.470493
vt 0.608375 0.684661
vt 0.601682 0.683840
vt 0.600317 0.676828
vt 0.607220 0.675234
vt 0.597252 0.683572
vt 0.594521 0.679251
vt 0.589517 0.672512
vt 0.596679 0.668516
vt 0.606065 0.665807
vt 0.194305 0.480851
vt 0.208335 0.485200
vt 0.205307 0.498226
vt 0.189873 0.489276
vt 0.591045 0.659360
vt 0.600233 0.654409
vt 0.582779 0.664787
vt 0.576967 0.658580
vt 0.586015 0.651980
vt 0.594401 0.643011
vt 0.595260 0.687140
vt 0.590283 0.683238
vt 0.592627 0.691556
vt 0.587041 0.688151
vt 0.580006 0.683938
vt 0.584093 0.677810
vt 0.590157 0.696007
vt 0.584574 0.693425
vt 0.588164 0.699477
vt 0.583328 0.699065
vt 0.574987 0.697448
vt 0.576893 0.690418
vt 0.576181 0.671374
vt 0.571064 0.678694
vt 0.563434 0.674254
vt 0.569415 0.666091
vt 0.567082 0.686210
vt 0.564200 0.694179
vt 0.555047 0.690980
vt 0.558739 0.682458
vt 0.590442 0.703327
vt 0.583994 0.705392
vt 0.594192 0.709010
vt 0.585905 0.712450
vt 0.577619 0.715890
vt 0.574713 0.705453
vt 0.192295 0.426657
vt 0.187775 0.433510
vt 0.180875 0.431285
vt 0.183330 0.423068
vt 0.170942 0.430906
vt 0.174365 0.419480
vt 0.562299 0.702927
vt 0.560741 0.712226
vt 0.543863 0.708561
vt 0.551596 0.700068
vt 0.157536 0.432756
vt 0.155889 0.420868
vt 0.145925 0.434984
vt 0.137413 0.422256
vt 0.594735 0.699527
vt 0.597995 0.694820
vt 0.604111 0.698517
vt 0.599152 0.703763
vt 0.600509 0.689630
vt 0.606243 0.691589
vt 0.197731 0.432185
vt 0.192445 0.437503
vt 0.203167 0.437713
vt 0.196159 0.442369
vt 0.206433 0.444799
vt 0.199333 0.447680
vt 0.566184 0.663376
vt 0.574212 0.655481
vt 0.559738 0.671922
vt 0.556540 0.668813
vt 0.563719 0.660029
vt 0.572299 0.652124
vt 0.162212 0.478594
vt 0.154834 0.469586
vt 0.172905 0.486483
vt 0.170729 0.489921
vt 0.159435 0.482039
vt 0.151475 0.472857
vt 0.554628 0.680461
vt 0.550490 0.689242
vt 0.545707 0.686838
vt 0.550602 0.677746
vt 0.149300 0.459890
vt 0.144827 0.448943
vt 0.145217 0.462817
vt 0.139924 0.451451
vt 0.140872 0.436208
vt 0.137163 0.422325
vt 0.135661 0.438195
vt 0.136914 0.422394
vt 0.546947 0.698634
vt 0.543694 0.708507
vt 0.543525 0.708452
vt 0.542081 0.696443
vt 0.583835 0.648819
vt 0.594293 0.642816
vt 0.582374 0.645911
vt 0.594184 0.642621
vt 0.187854 0.492872
vt 0.205226 0.498504
vt 0.205144 0.498782
vt 0.186500 0.495899
vt 0.184018 0.502659
vt 0.166706 0.497142
vt 0.204071 0.506658
vt 0.202997 0.514534
vt 0.181568 0.512517
vt 0.162285 0.507863
vt 0.154084 0.489457
vt 0.144752 0.480038
vt 0.147450 0.500397
vt 0.135701 0.490687
vt 0.530412 0.690696
vt 0.535555 0.681226
vt 0.526610 0.700383
vt 0.509695 0.692313
vt 0.514386 0.681230
vt 0.521390 0.671729
vt 0.558950 0.652643
vt 0.568776 0.644878
vt 0.550066 0.661829
vt 0.541236 0.651203
vt 0.552780 0.641606
vt 0.564605 0.634037
vt 0.579457 0.639243
vt 0.590627 0.635134
vt 0.576234 0.629437
vt 0.587070 0.627646
vt 0.123181 0.443290
vt 0.117629 0.427981
vt 0.129642 0.457215
vt 0.115326 0.466601
vt 0.106144 0.451939
vt 0.098344 0.433568
vt 0.136800 0.469367
vt 0.125158 0.479422
vt 0.542189 0.671532
vt 0.530528 0.661570
vt 0.087338 0.465177
vt 0.075095 0.449394
vt 0.099777 0.479531
vt 0.084933 0.496385
vt 0.068977 0.482938
vt 0.051847 0.465220
vt 0.112672 0.492312
vt 0.126418 0.503694
vt 0.118173 0.519070
vt 0.101061 0.508289
vt 0.518055 0.648091
vt 0.532034 0.637756
vt 0.506064 0.658079
vt 0.491896 0.639771
vt 0.506781 0.630703
vt 0.524005 0.621331
vt 0.180626 0.524673
vt 0.159404 0.520869
vt 0.203763 0.526312
vt 0.204528 0.538090
vt 0.180769 0.538161
vt 0.157852 0.535353
vt 0.141594 0.513588
vt 0.136985 0.528588
vt 0.496638 0.667302
vt 0.488669 0.676531
vt 0.467642 0.660749
vt 0.479719 0.648635
vt 0.546921 0.628062
vt 0.561347 0.620788
vt 0.542348 0.612384
vt 0.559557 0.605970
vt 0.574218 0.617256
vt 0.585944 0.616083
vt 0.573720 0.603766
vt 0.584818 0.604520
vt 0.575163 0.589513
vt 0.588162 0.591284
vt 0.559490 0.590224
vt 0.561204 0.573746
vt 0.578121 0.574453
vt 0.591506 0.578048
vt 0.053018 0.506160
vt 0.033142 0.494040
vt 0.072397 0.517315
vt 0.063290 0.541109
vt 0.040563 0.532823
vt 0.014437 0.522860
vt 0.091738 0.527526
vt 0.111942 0.536881
vt 0.108353 0.556311
vt 0.085567 0.548966
vt 0.498370 0.609337
vt 0.518435 0.601874
vt 0.480778 0.616772
vt 0.473419 0.591149
vt 0.493509 0.585828
vt 0.516023 0.580731
vt 0.181464 0.552558
vt 0.157048 0.550733
vt 0.206442 0.551979
vt 0.208356 0.565869
vt 0.182517 0.567977
vt 0.157081 0.566916
vt 0.133750 0.545114
vt 0.132247 0.562694
vt 0.465911 0.624207
vt 0.452187 0.632031
vt 0.436732 0.603313
vt 0.455876 0.596690
vt 0.539777 0.594862
vt 0.539637 0.576234
vt 0.132630 0.580743
vt 0.107677 0.576329
vt 0.157994 0.583765
vt 0.158981 0.600490
vt 0.133989 0.598396
vt 0.109112 0.595916
vt 0.451004 0.568009
vt 0.470225 0.565121
vt 0.432969 0.570893
vt 0.429206 0.538472
vt 0.451266 0.539233
vt 0.471582 0.539402
vt 0.541981 0.557337
vt 0.564487 0.556739
vt 0.517009 0.559426
vt 0.520404 0.538794
vt 0.545647 0.538945
vt 0.568239 0.539875
vt 0.582345 0.558230
vt 0.597396 0.561030
vt 0.586594 0.541714
vt 0.603287 0.544011
vt 0.033440 0.561712
vt 0.007462 0.557268
vt 0.058488 0.566290
vt 0.058346 0.591688
vt 0.031683 0.591374
vt 0.000486 0.591676
vt 0.083072 0.571298
vt 0.083978 0.593406
vt 0.492488 0.562171
vt 0.494980 0.539111
vt 0.183764 0.584877
vt 0.209860 0.584781
vt 0.211363 0.603693
vt 0.184494 0.602083
vt 0.500460 0.517134
vt 0.525030 0.519346
vt 0.477657 0.514579
vt 0.487773 0.492247
vt 0.508230 0.496949
vt 0.530193 0.500974
vt 0.183614 0.618752
vt 0.159060 0.616450
vt 0.208927 0.621416
vt 0.206491 0.639139
vt 0.180422 0.635862
vt 0.157395 0.632270
vt 0.135251 0.615002
vt 0.111670 0.614324
vt 0.135732 0.631043
vt 0.114678 0.631859
vt 0.457848 0.511271
vt 0.439223 0.507163
vt 0.449239 0.475853
vt 0.469518 0.486196
vt 0.549292 0.521551
vt 0.571174 0.523628
vt 0.552066 0.504587
vt 0.572163 0.507221
vt 0.589419 0.525447
vt 0.605831 0.527227
vt 0.589646 0.508527
vt 0.608375 0.510442
vt 0.036513 0.620712
vt 0.008559 0.626983
vt 0.062861 0.616259
vt 0.071107 0.639172
vt 0.046620 0.647951
vt 0.016632 0.662289
vt 0.087728 0.614416
vt 0.093440 0.634216
vt 0.062008 0.670776
vt 0.040845 0.684868
vt 0.081965 0.659870
vt 0.094464 0.678702
vt 0.079781 0.689396
vt 0.065057 0.707445
vt 0.100250 0.652984
vt 0.117676 0.649229
vt 0.120733 0.667684
vt 0.107687 0.671282
vt 0.517434 0.479232
vt 0.535332 0.483575
vt 0.500837 0.473865
vt 0.514956 0.459356
vt 0.526762 0.464305
vt 0.539942 0.467676
vt 0.173769 0.654690
vt 0.153448 0.648898
vt 0.195570 0.663283
vt 0.184649 0.687427
vt 0.164352 0.673941
vt 0.147744 0.667308
vt 0.135056 0.647352
vt 0.133672 0.665035
vt 0.485983 0.466787
vt 0.472084 0.457925
vt 0.494929 0.439997
vt 0.503961 0.452546
vt 0.553395 0.487567
vt 0.570388 0.489976
vt 0.553310 0.471399
vt 0.566110 0.472854
vt 0.585633 0.489991
vt 0.600152 0.488310
vt 0.578383 0.471980
vt 0.591930 0.466177
vt 0.552308 0.459011
vt 0.559726 0.456488
vt 0.543758 0.453463
vt 0.548695 0.433421
vt 0.569545 0.458686
vt 0.570313 0.449799
vt 0.095739 0.701272
vt 0.097199 0.714861
vt 0.108051 0.696652
vt 0.129340 0.722277
vt 0.114200 0.686921
vt 0.124051 0.688603
vt 0.533942 0.453799
vt 0.528796 0.447833
vt 0.153727 0.689628
vt 0.140901 0.688694
vt 0.156995 0.704852
vt 0.132423 0.681844
vt 0.518872 0.444842
vt 0.521812 0.436709
vt 0.606441 0.744967
vt 0.610246 0.742342
vt 0.611827 0.748590
vt 0.607474 0.750883
vt 0.614758 0.739731
vt 0.616761 0.746190
vt 0.613770 0.755562
vt 0.609017 0.757609
vt 0.619058 0.753348
vt 0.603463 0.742966
vt 0.605519 0.740400
vt 0.603384 0.746881
vt 0.608854 0.737247
vt 0.613053 0.734368
vt 0.617854 0.732105
vt 0.619779 0.737510
vt 0.622095 0.743982
vt 0.624677 0.751163
vt 0.627401 0.758692
vt 0.621636 0.760805
vt 0.616152 0.762806
vt 0.611197 0.764611
vt 0.605000 0.759277
vt 0.607020 0.766132
vt 0.603815 0.752661
vt 0.625054 0.735918
vt 0.630223 0.734945
vt 0.632981 0.740777
vt 0.627608 0.742183
vt 0.634879 0.734443
vt 0.637864 0.739661
vt 0.635939 0.747397
vt 0.630400 0.749170
vt 0.640987 0.745836
vt 0.622980 0.730683
vt 0.628067 0.730119
vt 0.632682 0.730330
vt 0.635938 0.730936
vt 0.638511 0.733886
vt 0.641892 0.738606
vt 0.645236 0.744463
vt 0.648098 0.751049
vt 0.643813 0.752633
vt 0.638757 0.754505
vt 0.633196 0.756559
vt 0.614006 0.771381
vt 0.618964 0.769890
vt 0.621938 0.776478
vt 0.617126 0.777528
vt 0.624439 0.768175
vt 0.627264 0.775131
vt 0.624728 0.782280
vt 0.620122 0.782725
vt 0.629868 0.781363
vt 0.609854 0.772689
vt 0.630143 0.766211
vt 0.632771 0.773367
vt 0.635148 0.779810
vt 0.637142 0.785189
vt 0.632001 0.786569
vt 0.626927 0.787081
vt 0.622341 0.786821
vt 0.616548 0.783232
vt 0.619117 0.786183
vt 0.613178 0.778524
vt 0.635799 0.764015
vt 0.641169 0.761759
vt 0.643160 0.768731
vt 0.638147 0.771159
vt 0.646026 0.759657
vt 0.647612 0.766398
vt 0.644800 0.774974
vt 0.640215 0.777598
vt 0.648687 0.772323
vt 0.650153 0.757934
vt 0.651370 0.764579
vt 0.651825 0.770383
vt 0.651758 0.774313
vt 0.649656 0.776895
vt 0.646254 0.780063
vt 0.641990 0.782944
vt 0.640786 0.732625
vt 0.642329 0.730883
vt 0.646997 0.736047
vt 0.644831 0.737402
vt 0.643643 0.728855
vt 0.648792 0.734589
vt 0.651115 0.742075
vt 0.648503 0.743238
vt 0.653505 0.740879
vt 0.636497 0.729180
vt 0.637243 0.726949
vt 0.638118 0.724340
vt 0.639383 0.720021
vt 0.644905 0.726550
vt 0.650426 0.733078
vt 0.655948 0.739606
vt 0.661469 0.746135
vt 0.657128 0.747733
vt 0.654290 0.748772
vt 0.651470 0.749807
vt 0.639174 0.924218
vt 0.637581 0.921774
vt 0.641510 0.916884
vt 0.643678 0.918703
vt 0.635876 0.919700
vt 0.639147 0.915242
vt 0.644956 0.911236
vt 0.647792 0.912694
vt 0.642090 0.909879
vt 0.635786 0.933330
vt 0.634241 0.928604
vt 0.640777 0.926971
vt 0.633194 0.925521
vt 0.632307 0.922926
vt 0.631653 0.920994
vt 0.633679 0.918199
vt 0.636302 0.913853
vt 0.638889 0.908579
vt 0.641176 0.902757
vt 0.644525 0.903939
vt 0.647651 0.905044
vt 0.650976 0.906217
vt 0.650761 0.914254
vt 0.655752 0.907895
vt 0.645769 0.920613
vt 0.653437 0.756746
vt 0.656183 0.755946
vt 0.656925 0.763226
vt 0.654394 0.763589
vt 0.658782 0.755319
vt 0.659242 0.763189
vt 0.656690 0.770209
vt 0.654382 0.769871
vt 0.659009 0.770921
vt 0.661469 0.754717
vt 0.661469 0.763299
vt 0.661469 0.771881
vt 0.661469 0.780464
vt 0.657697 0.777969
vt 0.655336 0.776527
vt 0.653322 0.775295
vt 0.652468 0.899153
vt 0.649351 0.898507
vt 0.650126 0.891933
vt 0.652942 0.891880
vt 0.646273 0.897763
vt 0.647266 0.891726
vt 0.650054 0.885653
vt 0.652804 0.884753
vt 0.647445 0.886197
vt 0.655752 0.899802
vt 0.642968 0.896766
vt 0.644185 0.891022
vt 0.644803 0.885987
vt 0.644933 0.882541
vt 0.646633 0.881448
vt 0.648922 0.879985
vt 0.651636 0.878243
vt 0.655752 0.883616
vt 0.655752 0.875523
vt 0.655752 0.891709
vt 0.630487 0.917480
vt 0.626505 0.916923
vt 0.628603 0.911692
vt 0.632741 0.912736
vt 0.622090 0.916044
vt 0.624116 0.910498
vt 0.630859 0.905949
vt 0.635114 0.907286
vt 0.626300 0.904517
vt 0.628844 0.921423
vt 0.624836 0.921510
vt 0.620367 0.920963
vt 0.615800 0.919738
vt 0.617547 0.914717
vt 0.619510 0.909050
vt 0.621616 0.902956
vt 0.623794 0.896652
vt 0.628503 0.898300
vt 0.633064 0.899901
vt 0.637336 0.901404
vt 0.613156 0.912934
vt 0.609131 0.910875
vt 0.610722 0.905459
vt 0.614995 0.907319
vt 0.605637 0.908828
vt 0.606805 0.903694
vt 0.612499 0.899539
vt 0.616972 0.901261
vt 0.608310 0.897928
vt 0.611451 0.917864
vt 0.607588 0.915512
vt 0.604473 0.912946
vt 0.602513 0.910855
vt 0.602655 0.907396
vt 0.603286 0.902342
vt 0.604515 0.896578
vt 0.606318 0.890570
vt 0.610201 0.891916
vt 0.614502 0.893410
vt 0.619080 0.895005
vt 0.639217 0.895406
vt 0.635060 0.893786
vt 0.636826 0.887887
vt 0.640710 0.889662
vt 0.630607 0.892056
vt 0.632576 0.886017
vt 0.638398 0.882494
vt 0.641860 0.884549
vt 0.634398 0.880425
vt 0.625972 0.890354
vt 0.628073 0.884277
vt 0.630022 0.878631
vt 0.631740 0.873630
vt 0.636073 0.875517
vt 0.639910 0.877878
vt 0.642997 0.880449
vt 0.621285 0.888790
vt 0.616712 0.887360
vt 0.618968 0.881623
vt 0.623466 0.882822
vt 0.612430 0.886026
vt 0.614805 0.880578
vt 0.621056 0.876404
vt 0.625481 0.877293
vt 0.617053 0.875840
vt 0.608614 0.884738
vt 0.611207 0.879460
vt 0.613829 0.875117
vt 0.615849 0.872327
vt 0.618676 0.871904
vt 0.622701 0.871829
vt 0.627177 0.872390
vt 0.599962 0.907194
vt 0.597290 0.907746
vt 0.597223 0.901445
vt 0.600148 0.901646
vt 0.594469 0.908655
vt 0.594334 0.901502
vt 0.598007 0.894848
vt 0.601153 0.895588
vt 0.594815 0.894203
vt 0.600775 0.911957
vt 0.598427 0.913429
vt 0.595642 0.915184
vt 0.591440 0.917925
vt 0.591443 0.909801
vt 0.591447 0.901677
vt 0.591451 0.893553
vt 0.591454 0.885429
vt 0.596317 0.887116
vt 0.599719 0.888291
vt 0.602913 0.889393
vt 0.596414 0.746321
vt 0.598665 0.747032
vt 0.598428 0.753965
vt 0.596187 0.753990
vt 0.600902 0.747376
vt 0.600880 0.753622
vt 0.599154 0.761195
vt 0.596641 0.761797
vt 0.601813 0.760425
vt 0.594017 0.736863
vt 0.597703 0.739322
vt 0.594025 0.745367
vt 0.599997 0.740752
vt 0.601950 0.741982
vt 0.603747 0.767327
vt 0.601016 0.768327
vt 0.598271 0.769333
vt 0.594040 0.762373
vt 0.594047 0.770876
vt 0.594032 0.753870
vt 0.605360 0.883441
vt 0.602428 0.882085
vt 0.605886 0.876430
vt 0.608312 0.878072
vt 0.599517 0.880627
vt 0.603649 0.874611
vt 0.609828 0.871540
vt 0.611588 0.873615
vt 0.608170 0.869095
vt 0.596469 0.879066
vt 0.601484 0.872702
vt 0.606499 0.866338
vt 0.611514 0.859974
vt 0.613118 0.864714
vt 0.614226 0.867799
vt 0.615163 0.870395
vt 0.601841 0.776164
vt 0.604148 0.774996
vt 0.608216 0.781010
vt 0.606488 0.782448
vt 0.606676 0.773866
vt 0.610313 0.779684
vt 0.612836 0.786176
vt 0.611572 0.788187
vt 0.614328 0.784459
vt 0.599484 0.777409
vt 0.618589 0.787919
vt 0.617883 0.790132
vt 0.617046 0.792725
vt 0.610357 0.790476
vt 0.615793 0.797009
vt 0.604920 0.783943
vt 0.602840 0.915885
vt 0.605957 0.919216
vt 0.604213 0.922287
vt 0.600819 0.918255
vt 0.609858 0.921976
vt 0.608298 0.925585
vt 0.602368 0.925092
vt 0.598513 0.920526
vt 0.606684 0.929090
vt 0.614302 0.924011
vt 0.612933 0.927888
vt 0.611507 0.931919
vt 0.609496 0.937654
vt 0.604982 0.932722
vt 0.600468 0.927790
vt 0.595954 0.922858
vt 0.619043 0.925167
vt 0.623796 0.925414
vt 0.623219 0.928890
vt 0.617990 0.928951
vt 0.628280 0.924729
vt 0.628356 0.927826
vt 0.622877 0.932217
vt 0.617035 0.932685
vt 0.628706 0.931017
vt 0.629213 0.934411
vt 0.622641 0.935492
vt 0.616068 0.936573
vt 0.600691 0.733620
vt 0.604659 0.728770
vt 0.606090 0.730909
vt 0.602549 0.735396
vt 0.609098 0.724539
vt 0.610346 0.727240
vt 0.607485 0.733567
vt 0.604190 0.737454
vt 0.611620 0.730338
vt 0.598612 0.731863
vt 0.603206 0.726863
vt 0.607800 0.721863
vt 0.612395 0.716863
vt 0.614082 0.721509
vt 0.615209 0.724664
vt 0.616384 0.727969
vt 0.619836 0.720549
vt 0.625964 0.720857
vt 0.626203 0.723437
vt 0.620578 0.723438
vt 0.632138 0.721947
vt 0.631819 0.724532
vt 0.626799 0.726394
vt 0.621545 0.726650
vt 0.631846 0.727193
vt 0.619142 0.717652
vt 0.625889 0.718442
vt 0.632636 0.719231
vt 0.623213 0.789942
vt 0.628241 0.790791
vt 0.628885 0.793742
vt 0.623281 0.792592
vt 0.633493 0.790587
vt 0.634514 0.793799
vt 0.629171 0.796324
vt 0.623002 0.795169
vt 0.635304 0.796697
vt 0.638676 0.789311
vt 0.639908 0.792618
vt 0.641082 0.795789
vt 0.642792 0.800482
vt 0.636043 0.799614
vt 0.629293 0.798746
vt 0.622543 0.797878
vt 0.643488 0.786966
vt 0.647685 0.783742
vt 0.649137 0.786404
vt 0.644820 0.790067
vt 0.651039 0.779844
vt 0.652739 0.781908
vt 0.650624 0.788553
vt 0.646119 0.792781
vt 0.654658 0.783695
vt 0.656800 0.785468
vt 0.652131 0.790473
vt 0.647462 0.795478
vt 0.618662 0.862319
vt 0.624495 0.861144
vt 0.624220 0.864465
vt 0.619075 0.865509
vt 0.630339 0.860701
vt 0.629451 0.864426
vt 0.623700 0.867934
vt 0.619203 0.868603
vt 0.628457 0.868199
vt 0.618088 0.858924
vt 0.624661 0.857873
vt 0.631235 0.856822
vt 0.637809 0.855772
vt 0.635860 0.861489
vt 0.634501 0.865508
vt 0.633192 0.869372
vt 0.640664 0.864331
vt 0.644954 0.868336
vt 0.643178 0.871131
vt 0.639118 0.867826
vt 0.648783 0.872906
vt 0.646548 0.875165
vt 0.641494 0.874191
vt 0.637618 0.871421
vt 0.644586 0.877524
vt 0.642295 0.860710
vt 0.646780 0.865648
vt 0.651266 0.870586
vn -0.5044 0.1771 -0.8451
vn -0.4936 0.2138 -0.8430
vn -0.4488 0.2508 -0.8577
vn -0.4598 0.2172 -0.8610
vn -0.4843 0.2261 -0.8451
vn -0.4399 0.2544 -0.8613
vn -0.4316 0.2671 -0.8616
vn -0.4358 0.2403 -0.8673
vn -0.4255 0.2654 -0.8652
vn -0.5925 0.0276 -0.8051
vn -0.5984 0.0773 -0.7974
vn -0.5331 0.0660 -0.8434
vn -0.5918 0.1285 -0.7958
vn -0.5863 0.1588 -0.7943
vn -0.5891 0.1724 -0.7895
vn -0.4810 0.2217 -0.8482
vn -0.4339 0.2405 -0.8683
vn -0.4189 0.2461 -0.8740
vn -0.4219 0.2447 -0.8730
vn -0.4272 0.2662 -0.8640
vn -0.4281 0.2714 -0.8620
vn -0.4218 0.2499 -0.8715
vn -0.4354 0.1566 -0.8865
vn -0.4004 0.1771 -0.8990
vn -0.4768 0.1195 -0.8708
vn -0.4049 0.2512 -0.8792
vn -0.4227 0.2699 -0.8651
vn -0.3997 0.2691 -0.8762
vn -0.3719 0.2499 -0.8940
vn -0.4279 0.2640 -0.8644
vn -0.4103 0.2657 -0.8724
vn -0.3425 0.2732 -0.8989
vn -0.3117 0.2519 -0.9161
vn -0.3589 0.2760 -0.8916
vn -0.3604 0.1852 -0.9142
vn -0.4248 0.2436 -0.8719
vn -0.4097 0.2500 -0.8773
vn -0.3616 0.2697 -0.8925
vn -0.2431 0.3129 -0.9181
vn -0.2359 0.3011 -0.9239
vn -0.2119 0.2828 -0.9355
vn -0.1754 0.2497 -0.9523
vn -0.2255 0.1901 -0.9555
vn -0.1495 0.2074 -0.9667
vn -0.3043 0.1870 -0.9340
vn -0.4882 0.2152 -0.8457
vn -0.5094 0.2223 -0.8313
vn -0.4489 0.2283 -0.8639
vn -0.4352 0.2259 -0.8715
vn -0.5445 0.2534 -0.7996
vn -0.4819 0.2610 -0.8364
vn -0.4237 0.2283 -0.8765
vn -0.4165 0.2273 -0.8802
vn -0.4463 0.2629 -0.8554
vn -0.6051 0.1821 -0.7750
vn -0.6354 0.2022 -0.7452
vn -0.6742 0.2408 -0.6982
vn -0.6977 0.2917 -0.6543
vn -0.6303 0.3289 -0.7032
vn -0.5542 0.3473 -0.7564
vn -0.4959 0.3586 -0.7909
vn -0.4510 0.3717 -0.8114
vn -0.4274 0.2660 -0.8640
vn -0.4175 0.2275 -0.8797
vn -0.4169 0.2252 -0.8806
vn -0.4181 0.2266 -0.8797
vn -0.4128 0.2327 -0.8806
vn -0.3925 0.2508 -0.8849
vn -0.4022 0.2390 -0.8838
vn -0.4104 0.2770 -0.8687
vn -0.3800 0.3015 -0.8744
vn -0.3393 0.2904 -0.8947
vn -0.3535 0.2694 -0.8958
vn -0.3225 0.3419 -0.8827
vn -0.4072 0.3936 -0.8241
vn -0.3506 0.4279 -0.8330
vn -0.2709 0.4717 -0.8391
vn -0.1871 0.4961 -0.8478
vn -0.1927 0.4338 -0.8802
vn -0.2154 0.3713 -0.9031
vn -0.2346 0.3320 -0.9136
vn 0.0858 0.2163 -0.9725
vn 0.0511 0.2859 -0.9569
vn 0.4638 0.2463 -0.8510
vn 0.4767 0.1223 -0.8705
vn 0.0196 0.3380 -0.9409
vn 0.4372 0.3486 -0.8290
vn 0.8368 0.1408 -0.5290
vn 0.8263 -0.0140 -0.5629
vn 0.8263 0.2743 -0.4919
vn 0.0731 0.1288 -0.9890
vn 0.0060 0.3830 -0.9237
vn 0.4175 0.4398 -0.7951
vn 0.8034 0.3960 -0.4446
vn 0.9592 0.2760 -0.0613
vn 0.9820 0.1547 -0.1084
vn 0.9875 0.0247 -0.1556
vn 0.9723 -0.1259 -0.1969
vn 0.7764 -0.1939 -0.5996
vn 0.9262 -0.3064 -0.2196
vn 0.4331 -0.0186 -0.9012
vn 0.9764 -0.1939 0.0944
vn 0.9894 -0.0605 0.1319
vn 0.9275 -0.1275 0.3514
vn 0.9178 -0.2378 0.3179
vn 0.9830 0.0524 0.1758
vn 0.9206 -0.0350 0.3889
vn 0.8340 -0.1861 0.5194
vn 0.8313 -0.2685 0.4866
vn 0.8275 -0.1125 0.5500
vn 0.9308 -0.3556 0.0845
vn 0.9635 0.1587 0.2155
vn 0.9053 0.0528 0.4213
vn 0.8157 -0.0410 0.5770
vn 0.7135 -0.1196 0.6904
vn 0.7239 -0.1806 0.6658
vn 0.7296 -0.2420 0.6396
vn 0.7318 -0.3050 0.6095
vn 0.7974 -0.3728 0.4744
vn 0.7283 -0.3633 0.5810
vn 0.8742 -0.3723 0.3117
vn 0.0125 0.4345 -0.9006
vn 0.0307 0.5026 -0.8639
vn 0.3993 0.6250 -0.6707
vn 0.4080 0.5297 -0.7436
vn 0.0418 0.5875 -0.8081
vn 0.3661 0.7288 -0.5786
vn 0.7198 0.6215 -0.3092
vn 0.7692 0.5105 -0.3842
vn 0.6417 0.7346 -0.2201
vn -0.0052 0.6686 -0.7436
vn 0.2678 0.8303 -0.4887
vn 0.5167 0.8473 -0.1224
vn 0.6496 0.7346 0.1956
vn 0.7726 0.6267 0.1017
vn 0.8591 0.5105 0.0356
vn 0.9190 0.3940 -0.0149
vn 0.9313 0.2656 0.2493
vn 0.8822 0.3755 0.2841
vn 0.8469 0.2384 0.4752
vn 0.8824 0.1431 0.4481
vn 0.8067 0.4858 0.3365
vn 0.7870 0.3355 0.5177
vn 0.7728 0.1100 0.6250
vn 0.7985 0.0324 0.6010
vn 0.7316 0.1914 0.6543
vn 0.6947 0.5800 0.4253
vn 0.6894 0.4121 0.5957
vn 0.6541 0.2558 0.7118
vn 0.6134 0.1336 0.7784
vn 0.6468 0.0738 0.7591
vn 0.6753 0.0060 0.7375
vn 0.6974 -0.0580 0.7143
vn 0.6420 -0.3525 0.6808
vn 0.6369 -0.2924 0.7133
vn 0.5654 -0.3325 0.7548
vn 0.5764 -0.3937 0.7160
vn 0.6303 -0.2351 0.7398
vn 0.5558 -0.2753 0.7844
vn 0.5063 -0.3632 0.7821
vn 0.5192 -0.4253 0.7413
vn 0.4929 -0.3055 0.8147
vn 0.6668 -0.4180 0.6169
vn 0.6189 -0.1779 0.7650
vn 0.5418 -0.2176 0.8118
vn 0.4759 -0.2464 0.8443
vn 0.4139 -0.2698 0.8694
vn 0.4335 -0.3289 0.8390
vn 0.4509 -0.3863 0.8046
vn 0.4658 -0.4492 0.7624
vn 0.5360 -0.4993 0.6807
vn 0.4772 -0.5275 0.7028
vn 0.5988 -0.4634 0.6532
vn 0.4094 -0.4678 0.7832
vn 0.3930 -0.4039 0.8260
vn 0.3260 -0.4207 0.8466
vn 0.3424 -0.4856 0.8043
vn 0.3725 -0.3477 0.8604
vn 0.3040 -0.3658 0.8796
vn 0.2385 -0.4446 0.8634
vn 0.2579 -0.5059 0.8231
vn 0.2174 -0.3894 0.8950
vn 0.4149 -0.5514 0.7237
vn 0.3514 -0.2906 0.8900
vn 0.2829 -0.3114 0.9072
vn 0.1983 -0.3359 0.9207
vn 0.0822 -0.3677 0.9263
vn 0.0974 -0.4258 0.8995
vn 0.1154 -0.4863 0.8661
vn 0.1355 -0.5490 0.8248
vn 0.2498 -0.5946 0.7642
vn 0.1584 -0.6027 0.7820
vn 0.3400 -0.5739 0.7450
vn 0.6011 -0.1207 0.7899
vn 0.5785 -0.0617 0.8133
vn 0.4988 -0.0999 0.8609
vn 0.5221 -0.1596 0.8378
vn 0.5524 0.0054 0.8336
vn 0.4753 -0.0277 0.8794
vn 0.4323 -0.1252 0.8930
vn 0.4551 -0.1864 0.8707
vn 0.4086 -0.0541 0.9111
vn 0.5376 0.1107 0.8359
vn 0.4573 0.0755 0.8861
vn 0.3843 0.0426 0.9222
vn 0.3193 0.0125 0.9475
vn 0.3492 -0.0778 0.9338
vn 0.3723 -0.1474 0.9163
vn 0.3933 -0.2091 0.8953
vn 0.3320 -0.2315 0.9144
vn 0.3139 -0.1708 0.9339
vn 0.2508 -0.1966 0.9478
vn 0.2658 -0.2551 0.9297
vn 0.2919 -0.1028 0.9509
vn 0.2302 -0.1305 0.9644
vn 0.1715 -0.2241 0.9593
vn 0.1837 -0.2813 0.9419
vn 0.1570 -0.1611 0.9743
vn 0.2560 -0.0170 0.9665
vn 0.1874 -0.0485 0.9811
vn 0.1104 -0.0828 0.9904
vn 0.0387 -0.1220 0.9918
vn 0.0458 -0.1838 0.9819
vn 0.0578 -0.2488 0.9668
vn 0.0695 -0.3096 0.9483
vn -0.0110 -0.6203 0.7843
vn -0.0408 -0.5455 0.8371
vn -0.2133 -0.6063 0.7661
vn -0.1636 -0.6948 0.7003
vn -0.0574 -0.4730 0.8792
vn -0.2355 -0.5194 0.8214
vn -0.3927 -0.6508 0.6498
vn -0.3257 -0.7504 0.5751
vn -0.4293 -0.5511 0.7155
vn 0.0657 -0.6847 0.7259
vn -0.0698 -0.4035 0.9123
vn -0.2509 -0.4340 0.8652
vn -0.4553 -0.4488 0.7689
vn -0.6796 -0.4324 0.5926
vn -0.6395 -0.5502 0.5369
vn -0.5835 -0.6617 0.4708
vn -0.4991 -0.7714 0.3947
vn -0.2063 -0.8407 0.5006
vn -0.3709 -0.8753 0.3102
vn -0.0607 -0.7709 0.6340
vn -0.7002 -0.7085 0.0878
vn -0.7949 -0.5876 0.1510
vn -0.8849 -0.3499 -0.3074
vn -0.8166 -0.4657 -0.3409
vn -0.8617 -0.4665 0.1996
vn -0.9275 -0.2413 -0.2854
vn -0.7555 -0.0555 -0.6527
vn -0.7365 -0.1380 -0.6622
vn -0.7643 0.0106 -0.6447
vn -0.5728 -0.8196 -0.0105
vn -0.9061 -0.3430 0.2476
vn -0.9571 -0.1439 -0.2513
vn -0.7772 0.0591 -0.6265
vn -0.6792 -0.2016 -0.7057
vn -0.7125 -0.5564 -0.4273
vn -0.0833 -0.3341 0.9388
vn -0.0973 -0.2601 0.9606
vn -0.2857 -0.2515 0.9247
vn -0.2684 -0.3468 0.8987
vn -0.1062 -0.1759 0.9786
vn -0.2874 -0.1397 0.9476
vn -0.4974 -0.2217 0.8387
vn -0.4791 -0.3406 0.8090
vn -0.4949 -0.0843 0.8648
vn -0.0778 -0.0773 0.9940
vn -0.2443 -0.0135 0.9696
vn -0.4468 0.0701 0.8919
vn -0.6630 0.1675 0.7296
vn -0.7121 -0.0106 0.7019
vn -0.7217 -0.1674 0.6716
vn -0.7078 -0.3056 0.6368
vn -0.9299 -0.2145 0.2986
vn -0.9328 -0.0769 0.3519
vn -0.9911 0.0484 -0.1241
vn -0.9790 -0.0512 -0.1972
vn -0.9125 0.0817 0.4008
vn -0.9837 0.1730 -0.0484
vn -0.8323 0.1512 -0.5333
vn -0.8007 0.1010 -0.5904
vn -0.8585 0.2227 -0.4620
vn -0.8621 0.2699 0.4289
vn -0.9420 0.3353 -0.0144
vn -0.8451 0.3302 -0.4204
vn 0.1881 -0.7015 0.6873
vn 0.0862 -0.8076 0.5833
vn 0.2353 -0.8017 0.5495
vn 0.3049 -0.6844 0.6623
vn -0.0421 -0.8977 0.4386
vn 0.1334 -0.9105 0.3913
vn 0.3647 -0.7711 0.5219
vn 0.4015 -0.6555 0.6395
vn 0.2990 -0.8881 0.3489
vn -0.2026 -0.9532 0.2241
vn -0.0149 -0.9898 0.1416
vn 0.1791 -0.9820 0.0595
vn 0.3729 -0.9275 -0.0242
vn 0.4517 -0.8399 0.3007
vn 0.4767 -0.7290 0.4912
vn 0.4822 -0.6226 0.6163
vn 0.5581 -0.5851 0.5883
vn 0.5818 -0.6767 0.4512
vn 0.6876 -0.6060 0.3999
vn 0.6383 -0.5367 0.5517
vn 0.5947 -0.7666 0.2420
vn 0.7280 -0.6627 0.1758
vn 0.7910 -0.5047 0.3457
vn 0.7230 -0.4690 0.5073
vn 0.8446 -0.5227 0.1158
vn 0.5558 -0.8249 -0.1033
vn 0.7143 -0.6793 -0.1686
vn 0.8397 -0.5006 -0.2103
vn -0.4190 -0.8961 -0.1461
vn -0.5870 -0.5754 -0.5694
vn -0.4560 -0.5326 -0.7130
vn -0.2490 -0.9220 -0.2966
vn -0.5873 -0.1757 -0.7900
vn -0.4972 -0.1075 -0.8609
vn -0.3203 -0.4604 -0.8278
vn -0.0621 -0.8974 -0.4368
vn -0.4181 -0.0434 -0.9073
vn -0.3417 0.0012 -0.9398
vn -0.1740 -0.3820 -0.9076
vn 0.1404 -0.8236 -0.5495
vn 0.3425 -0.7056 -0.6202
vn -0.0159 -0.3071 -0.9515
vn 0.1499 -0.2330 -0.9608
vn 0.5245 -0.5554 -0.6453
vn -0.2562 0.0276 -0.9662
vn -0.1521 0.0449 -0.9873
vn 0.3113 -0.1420 -0.9396
vn 0.6736 -0.3817 -0.6329
vn -0.0305 0.0709 -0.9970
vn -0.7680 0.4306 -0.4741
vn -0.8603 0.5065 -0.0575
vn -0.7474 0.6486 -0.1438
vn -0.6692 0.4953 -0.5539
vn -0.7749 0.4716 0.4209
vn -0.6505 0.6587 0.3780
vn -0.6112 0.7562 -0.2336
vn -0.5720 0.5375 -0.6196
vn -0.4886 0.8147 0.3123
vn -0.5649 0.3492 0.7476
vn -0.4261 0.5126 0.7454
vn -0.2578 0.6496 0.7152
vn -0.0693 0.7552 0.6517
vn -0.2920 0.9277 0.2324
vn -0.4541 0.8358 -0.3084
vn -0.4789 0.5737 -0.6645
vn -0.3816 0.6129 -0.6919
vn -0.2800 0.8889 -0.3626
vn -0.0934 0.9122 -0.3988
vn -0.2685 0.6547 -0.7066
vn -0.0761 0.9863 0.1462
vn 0.1400 0.9883 0.0602
vn 0.0990 0.8962 -0.4324
vn -0.1344 0.6843 -0.7167
vn 0.3432 0.9388 -0.0273
vn 0.1261 0.8209 0.5569
vn 0.3155 0.8406 0.4403
vn 0.4927 0.8114 0.3144
vn -0.3435 0.2183 0.9134
vn -0.1470 0.0999 0.9841
vn -0.0257 0.1832 0.9827
vn -0.2054 0.3391 0.9180
vn 0.0075 0.0019 1.0000
vn 0.1048 0.0548 0.9930
vn 0.0938 0.2457 0.9648
vn -0.0552 0.4349 0.8987
vn 0.1938 0.0967 0.9763
vn 0.2753 0.1359 0.9517
vn 0.2066 0.3018 0.9307
vn 0.0972 0.5151 0.8516
vn 0.2493 0.5810 0.7747
vn 0.3182 0.3580 0.8778
vn 0.4362 0.4090 0.8015
vn 0.4012 0.6246 0.6699
vn 0.3572 0.1779 0.9169
vn 0.4478 0.2217 0.8662
vn 0.5638 0.4358 0.7015
vn 0.5530 0.6293 0.5460
vn 0.5491 0.2575 0.7951
vn 0.4818 -0.1272 0.8670
vn 0.7730 0.4142 0.4805
vn 0.7609 0.4274 0.4881
vn 0.4283 -0.0870 0.8994
vn 0.6400 0.7557 -0.1386
vn 0.6020 0.7873 -0.1329
vn 0.2804 0.9528 0.1162
vn 0.2529 0.6646 0.7031
vn 0.1640 0.1445 0.9758
vn 0.0383 -0.0351 -0.9986
vn 0.0057 0.6978 -0.7162
vn -0.0171 0.6898 -0.7237
vn 0.1154 -0.0366 -0.9926
vn -0.0284 0.9975 0.0650
vn -0.1416 0.9886 0.0517
vn -0.3189 0.9478 0.0014
vn -0.0333 0.6729 -0.7389
vn 0.2387 -0.0242 -0.9708
vn -0.6136 0.7713 -0.1688
vn -0.7639 0.4340 0.4776
vn -0.7513 0.4478 0.4847
vn -0.5802 0.7996 -0.1549
vn -0.4780 -0.1179 0.8704
vn -0.4415 -0.0826 0.8935
vn -0.2253 0.1204 0.9668
vn -0.3123 0.6556 0.6875
vn -0.3192 0.9448 0.0739
vn 0.0338 -0.9965 -0.0764
vn -0.0021 -0.7151 0.6990
vn -0.0338 -0.7234 0.6896
vn -0.1038 -0.9912 -0.0821
vn -0.0318 0.0139 0.9994
vn 0.0501 0.0006 0.9987
vn 0.2096 -0.0309 0.9773
vn -0.0743 -0.7252 0.6845
vn -0.3097 -0.9488 -0.0621
vn 0.1744 -0.6652 -0.7260
vn 0.0486 -0.6746 -0.7366
vn 0.3516 -0.6335 -0.6892
vn 0.2989 -0.9530 -0.0486
vn 0.1468 -0.9864 -0.0743
vn 0.0953 0.9941 0.0513
vn 0.0976 0.6663 0.7392
vn -0.0402 0.6702 0.7411
vn 0.2993 0.9540 0.0132
vn 0.3507 0.6241 0.6982
vn -0.8500 -0.3162 0.4212
vn -0.4668 -0.0901 0.8797
vn -0.6017 0.5698 0.5597
vn -0.9956 0.0806 0.0477
vn -0.3643 0.9131 -0.1831
vn -0.7865 0.4426 -0.4308
vn -0.4998 0.0963 -0.8607
vn -0.7334 -0.4527 -0.5071
vn -0.8721 -0.3196 -0.3706
vn -0.6190 0.2177 -0.7546
vn -0.6267 -0.7726 0.1013
vn -0.7421 -0.6256 0.2406
vn 0.0815 0.6610 -0.7459
vn 0.0048 0.7313 -0.6820
vn -0.1310 -0.6637 0.7364
vn -0.2162 -0.5417 0.8123
vn 0.7708 0.4358 -0.4646
vn 0.3280 0.9232 -0.2000
vn 0.5413 0.5982 0.5908
vn 0.9948 0.0765 0.0678
vn 0.3948 -0.1094 0.9122
vn 0.8161 -0.3645 0.4485
vn 0.4946 0.0885 -0.8646
vn -0.0595 0.6486 -0.7588
vn 0.0059 0.7153 -0.6988
vn 0.6119 0.2049 -0.7639
vn 0.1080 -0.6529 0.7497
vn 0.1729 -0.5478 0.8185
vn 0.6008 -0.7891 0.1276
vn 0.7116 -0.6508 0.2646
vn 0.7231 -0.4707 -0.5054
vn 0.8662 -0.3392 -0.3669
vn -0.1039 -0.7036 0.7029
vn -0.5012 -0.8653 0.0072
vn 0.3846 -0.0780 0.9198
vn 0.0345 0.6757 -0.7363
vn 0.0575 0.6711 -0.7391
vn 0.5137 0.8563 -0.0527
vn -0.2373 -0.0222 -0.9712
vn -0.4010 0.0310 -0.9156
vn -0.3566 -0.6274 -0.6922
vn -0.5857 -0.5417 -0.6028
vn 0.6156 0.5206 0.5916
vn 0.5551 -0.5652 -0.6102
vn 0.4672 -0.8838 0.0240
vn 0.3819 0.0197 -0.9240
vn -0.2327 -0.0242 0.9722
vn 0.0583 -0.7149 0.6968
vn 0.0852 -0.6923 0.7165
vn -0.3840 -0.0718 0.9205
vn -0.0495 0.6576 -0.7518
vn -0.5052 0.8589 -0.0831
vn -0.3840 0.6194 0.6847
vn -0.6206 0.5267 0.5809
vn -0.1651 0.6615 0.7315
vn -0.1024 0.0059 0.9947
vn -0.0620 -0.0392 -0.9973
vn -0.1106 -0.6703 -0.7338
vn 0.0273 -0.7176 0.6959
vn 0.0263 0.6875 -0.7257
vn 0.0000 -0.7473 -0.6644
vn -0.1146 -0.7396 -0.6632
vn -0.1426 -0.4766 -0.8674
vn 0.0000 -0.4863 -0.8738
vn -0.2512 -0.7146 -0.6529
vn -0.2940 -0.4524 -0.8419
vn -0.3227 -0.2544 -0.9116
vn -0.1635 -0.2736 -0.9478
vn 0.0000 -0.2823 -0.9593
vn -0.3941 -0.6708 -0.6283
vn -0.4419 -0.4242 -0.7904
vn -0.5205 -0.6139 -0.5934
vn -0.5864 -0.4271 -0.6882
vn -0.6190 -0.2483 -0.7450
vn -0.4727 -0.2414 -0.8475
vn -0.1771 -0.1102 -0.9780
vn 0.0000 -0.1152 -0.9933
vn -0.3402 -0.0983 -0.9352
vn -0.3447 0.0806 -0.9352
vn -0.1800 0.0833 -0.9801
vn 0.0000 0.0851 -0.9964
vn -0.4877 -0.0861 -0.8687
vn -0.6354 -0.0773 -0.7683
vn -0.6392 0.0907 -0.7637
vn -0.4923 0.0819 -0.8665
vn -0.1701 0.2586 -0.9509
vn 0.0000 0.2659 -0.9640
vn -0.3330 0.2435 -0.9109
vn -0.3140 0.3795 -0.8703
vn -0.1544 0.3964 -0.9050
vn 0.0000 0.4048 -0.9144
vn -0.4837 0.2357 -0.8429
vn -0.6297 0.2452 -0.7371
vn -0.6066 0.4047 -0.6842
vn -0.4691 0.3768 -0.7987
vn -0.1404 0.5629 -0.8144
vn 0.0000 0.5697 -0.8218
vn -0.2952 0.5479 -0.7827
vn -0.2829 0.7361 -0.6148
vn -0.1322 0.7566 -0.6403
vn 0.0000 0.7630 -0.6464
vn -0.4449 0.5389 -0.7153
vn -0.5640 0.5642 -0.6030
vn -0.5167 0.6820 -0.5176
vn -0.4238 0.7058 -0.5675
vn -0.5539 -0.7042 -0.4441
vn -0.6918 -0.4877 -0.5324
vn -0.5745 -0.7704 -0.2763
vn -0.7598 -0.5493 -0.3477
vn -0.8654 -0.2963 -0.4041
vn -0.7526 -0.2720 -0.5996
vn -0.5835 -0.8035 -0.1177
vn -0.7978 -0.5831 -0.1533
vn -0.5841 -0.8117 0.0007
vn -0.8061 -0.5918 0.0019
vn -0.9508 -0.3098 0.0060
vn -0.9333 -0.3094 -0.1825
vn -0.5840 -0.8024 0.1230
vn -0.7979 -0.5813 0.1592
vn -0.5748 -0.7654 0.2894
vn -0.7569 -0.5476 0.3568
vn -0.8668 -0.2862 0.4083
vn -0.9341 -0.3009 0.1921
vn -0.5537 -0.6959 0.4574
vn -0.6843 -0.4902 0.5398
vn -0.5190 -0.6117 0.5970
vn -0.5774 -0.4398 0.6878
vn -0.6162 -0.2572 0.7444
vn -0.7534 -0.2689 0.6000
vn -0.7793 -0.0688 -0.6229
vn -0.9051 -0.0575 -0.4214
vn -0.9027 0.1325 -0.4094
vn -0.7818 0.1083 -0.6140
vn -0.9809 -0.0459 -0.1888
vn -0.9992 -0.0372 0.0128
vn -0.9868 0.1609 0.0181
vn -0.9720 0.1525 -0.1789
vn -0.9778 -0.0339 0.2069
vn -0.9049 -0.0413 0.4235
vn -0.9008 0.1393 0.4111
vn -0.9662 0.1571 0.2041
vn -0.7848 -0.0582 0.6169
vn -0.6395 -0.0764 0.7649
vn -0.6466 0.0925 0.7572
vn -0.7892 0.1136 0.6035
vn -0.7652 0.2691 -0.5849
vn -0.8744 0.2974 -0.3833
vn -0.8031 0.4852 -0.3457
vn -0.7180 0.4486 -0.5322
vn -0.9343 0.3160 -0.1650
vn -0.9473 0.3199 0.0179
vn -0.8638 0.5037 0.0129
vn -0.8512 0.5026 -0.1509
vn -0.9309 0.3115 0.1904
vn -0.8752 0.2918 0.3857
vn -0.8079 0.4754 0.3483
vn -0.8520 0.4951 0.1697
vn -0.7741 0.2659 0.5744
vn -0.6381 0.2441 0.7303
vn -0.6141 0.4020 0.6792
vn -0.7274 0.4419 0.5250
vn -0.6353 0.6196 -0.4609
vn -0.6848 0.6619 -0.3049
vn -0.5601 0.7797 -0.2796
vn -0.5397 0.7363 -0.4082
vn -0.7198 0.6798 -0.1402
vn -0.7320 0.6813 0.0064
vn -0.5849 0.8111 0.0013
vn -0.5774 0.8050 -0.1362
vn -0.7234 0.6739 0.1499
vn -0.6916 0.6538 0.3069
vn -0.5667 0.7747 0.2803
vn -0.5815 0.8017 0.1382
vn -0.6436 0.6135 0.4574
vn -0.5698 0.5612 0.6004
vn -0.5216 0.6787 0.5170
vn -0.5461 0.7317 0.4078
vn -0.4039 -0.6681 0.6248
vn -0.4357 -0.4446 0.7826
vn -0.2628 -0.7183 0.6442
vn -0.2908 -0.4768 0.8295
vn -0.3170 -0.2832 0.9051
vn -0.4664 -0.2622 0.8448
vn -0.1194 -0.7466 0.6544
vn -0.1411 -0.5014 0.8536
vn 0.0000 -0.7542 0.6566
vn 0.0000 -0.5102 0.8600
vn 0.0000 -0.3142 0.9493
vn -0.1609 -0.3051 0.9386
vn -0.4872 -0.0933 0.8683
vn -0.3384 -0.1103 0.9345
vn -0.3448 0.0790 0.9353
vn -0.4946 0.0813 0.8653
vn -0.1762 -0.1243 0.9764
vn 0.0000 -0.1297 0.9915
vn 0.0000 0.0829 0.9966
vn -0.1799 0.0812 0.9803
vn -0.4865 0.2354 0.8413
vn -0.3333 0.2435 0.9108
vn -0.3142 0.3793 0.8702
vn -0.4715 0.3761 0.7976
vn -0.1701 0.2586 0.9509
vn 0.0000 0.2659 0.9640
vn 0.0000 0.4046 0.9145
vn -0.1544 0.3962 0.9051
vn -0.4469 0.5375 0.7150
vn -0.2958 0.5466 0.7833
vn -0.2855 0.7324 0.6180
vn -0.4270 0.7028 0.5689
vn -0.1408 0.5613 0.8155
vn 0.0000 0.5679 0.8231
vn 0.0000 0.7581 0.6521
vn -0.1341 0.7522 0.6452
vn -0.0973 -0.9156 0.3900
vn 0.0000 -0.9216 0.3882
vn -0.2333 -0.8881 0.3960
vn -0.2120 -0.9535 0.2142
vn -0.0833 -0.9748 0.2067
vn 0.0000 -0.9787 0.2053
vn -0.3855 -0.8273 0.4086
vn -0.3760 -0.8955 0.2379
vn -0.0789 -0.9925 0.0935
vn 0.0000 -0.9955 0.0942
vn -0.2030 -0.9747 0.0931
vn -0.2013 -0.9795 -0.0010
vn -0.0785 -0.9969 -0.0016
vn 0.0000 -1.0000 -0.0018
vn -0.3674 -0.9246 0.0999
vn -0.3645 -0.9312 -0.0000
vn -0.0778 -0.9915 -0.1043
vn 0.0000 -0.9944 -0.1060
vn -0.1999 -0.9747 -0.0996
vn -0.2004 -0.9532 -0.2263
vn -0.0791 -0.9702 -0.2291
vn 0.0000 -0.9731 -0.2302
vn -0.3641 -0.9261 -0.0991
vn -0.3645 -0.9016 -0.2329
vn -0.0894 -0.9095 -0.4058
vn 0.0000 -0.9140 -0.4056
vn -0.2132 -0.8894 -0.4042
vn -0.3659 -0.8391 -0.4023
vn -0.1283 0.8893 -0.4388
vn 0.0000 0.8967 -0.4426
vn -0.2785 0.8609 -0.4257
vn -0.2755 0.9216 -0.2732
vn -0.1268 0.9519 -0.2790
vn 0.0000 0.9595 -0.2817
vn -0.4248 0.8092 -0.4059
vn -0.4293 0.8615 -0.2711
vn -0.1281 0.9814 -0.1432
vn 0.0000 0.9893 -0.1459
vn -0.2738 0.9518 -0.1379
vn -0.2753 0.9613 -0.0054
vn -0.1306 0.9914 -0.0079
vn 0.0000 0.9999 -0.0090
vn -0.4299 0.8927 -0.1354
vn -0.4315 0.9021 -0.0024
vn -0.1320 0.9825 0.1317
vn 0.0000 0.9911 0.1330
vn -0.2786 0.9515 0.1301
vn -0.2825 0.9197 0.2726
vn -0.1323 0.9513 0.2784
vn 0.0000 0.9597 0.2812
vn -0.4341 0.8911 0.1320
vn -0.4356 0.8584 0.2709
vn -0.1326 0.8853 0.4457
vn 0.0000 0.8927 0.4505
vn -0.2842 0.8568 0.4301
vn -0.4302 0.8053 0.4079
vn 0.1426 -0.4766 -0.8674
vn 0.1146 -0.7396 -0.6632
vn 0.1635 -0.2736 -0.9478
vn 0.3227 -0.2544 -0.9116
vn 0.2940 -0.4524 -0.8419
vn 0.2512 -0.7146 -0.6529
vn 0.4419 -0.4242 -0.7904
vn 0.3941 -0.6708 -0.6283
vn 0.4727 -0.2414 -0.8475
vn 0.6190 -0.2483 -0.7450
vn 0.5864 -0.4271 -0.6882
vn 0.5205 -0.6139 -0.5934
vn 0.1771 -0.1102 -0.9780
vn 0.1800 0.0833 -0.9801
vn 0.3447 0.0806 -0.9352
vn 0.3402 -0.0983 -0.9352
vn 0.4877 -0.0861 -0.8687
vn 0.4923 0.0819 -0.8665
vn 0.6392 0.0907 -0.7637
vn 0.6354 -0.0773 -0.7683
vn 0.1701 0.2586 -0.9509
vn 0.1544 0.3964 -0.9050
vn 0.3140 0.3795 -0.8703
vn 0.3330 0.2435 -0.9109
vn 0.4837 0.2357 -0.8429
vn 0.4691 0.3768 -0.7987
vn 0.6066 0.4047 -0.6842
vn 0.6297 0.2452 -0.7371
vn 0.1404 0.5629 -0.8144
vn 0.1322 0.7566 -0.6403
vn 0.2829 0.7361 -0.6148
vn 0.2952 0.5479 -0.7827
vn 0.4449 0.5389 -0.7153
vn 0.4238 0.7058 -0.5675
vn 0.5167 0.6820 -0.5176
vn 0.5640 0.5642 -0.6030
vn 0.6918 -0.4877 -0.5324
vn 0.5539 -0.7042 -0.4441
vn 0.7526 -0.2720 -0.5996
vn 0.8654 -0.2963 -0.4041
vn 0.7598 -0.5493 -0.3477
vn 0.5745 -0.7704 -0.2763
vn 0.7978 -0.5831 -0.1533
vn 0.5835 -0.8035 -0.1177
vn 0.9333 -0.3094 -0.1825
vn 0.9508 -0.3098 0.0060
vn 0.8061 -0.5918 0.0019
vn 0.5841 -0.8117 0.0007
vn 0.7979 -0.5813 0.1592
vn 0.5840 -0.8024 0.1230
vn 0.9341 -0.3009 0.1921
vn 0.8668 -0.2862 0.4083
vn 0.7569 -0.5476 0.3568
vn 0.5748 -0.7654 0.2894
vn 0.6843 -0.4902 0.5398
vn 0.5537 -0.6959 0.4574
vn 0.7534 -0.2689 0.6000
vn 0.6162 -0.2572 0.7444
vn 0.5774 -0.4398 0.6878
vn 0.5190 -0.6117 0.5970
vn 0.7793 -0.0688 -0.6229
vn 0.7818 0.1083 -0.6140
vn 0.9027 0.1325 -0.4094
vn 0.9051 -0.0575 -0.4214
vn 0.9809 -0.0459 -0.1888
vn 0.9720 0.1525 -0.1789
vn 0.9868 0.1609 0.0181
vn 0.9992 -0.0372 0.0128
vn 0.9778 -0.0339 0.2069
vn 0.9662 0.1571 0.2041
vn 0.9008 0.1393 0.4111
vn 0.9049 -0.0413 0.4235
vn 0.7848 -0.0582 0.6169
vn 0.7892 0.1136 0.6035
vn 0.6466 0.0925 0.7572
vn 0.6395 -0.0764 0.7649
vn 0.7652 0.2691 -0.5849
vn 0.7180 0.4486 -0.5322
vn 0.8031 0.4852 -0.3457
vn 0.8744 0.2974 -0.3833
vn 0.9343 0.3160 -0.1650
vn 0.8512 0.5026 -0.1509
vn 0.8638 0.5037 0.0129
vn 0.9473 0.3199 0.0179
vn 0.9309 0.3115 0.1904
vn 0.8520 0.4951 0.1697
vn 0.8079 0.4754 0.3483
vn 0.8752 0.2918 0.3857
vn 0.7741 0.2659 0.5744
vn 0.7274 0.4419 0.5250
vn 0.6141 0.4020 0.6792
vn 0.6381 0.2441 0.7303
vn 0.6353 0.6196 -0.4609
vn 0.5397 0.7363 -0.4082
vn 0.5601 0.7797 -0.2796
vn 0.6848 0.6618 -0.3049
vn 0.7198 0.6798 -0.1402
vn 0.5774 0.8050 -0.1362
vn 0.5849 0.8111 0.0013
vn 0.7320 0.6813 0.0064
vn 0.7234 0.6739 0.1499
vn 0.5815 0.8017 0.1382
vn 0.5667 0.7747 0.2803
vn 0.6916 0.6538 0.3069
vn 0.6436 0.6135 0.4574
vn 0.5461 0.7317 0.4078
vn 0.5216 0.6787 0.5170
vn 0.5698 0.5612 0.6004
vn 0.4357 -0.4446 0.7826
vn 0.4039 -0.6681 0.6248
vn 0.4664 -0.2622 0.8448
vn 0.3170 -0.2832 0.9051
vn 0.2908 -0.4768 0.8295
vn 0.2628 -0.7183 0.6442
vn 0.1411 -0.5014 0.8536
vn 0.1194 -0.7466 0.6544
vn 0.1609 -0.3051 0.9386
vn 0.4872 -0.0933 0.8683
vn 0.4946 0.0813 0.8653
vn 0.3448 0.0790 0.9353
vn 0.3384 -0.1103 0.9345
vn 0.1762 -0.1243 0.9764
vn 0.1799 0.0812 0.9803
vn 0.4865 0.2354 0.8413
vn 0.4715 0.3761 0.7976
vn 0.3142 0.3793 0.8702
vn 0.3333 0.2435 0.9108
vn 0.1701 0.2586 0.9509
vn 0.1544 0.3962 0.9051
vn 0.4469 0.5375 0.7150
vn 0.4270 0.7028 0.5689
vn 0.2855 0.7324 0.6180
vn 0.2958 0.5466 0.7833
vn 0.1408 0.5613 0.8155
vn 0.1341 0.7522 0.6452
vn 0.0973 -0.9156 0.3900
vn 0.0833 -0.9748 0.2067
vn 0.2120 -0.9535 0.2142
vn 0.2333 -0.8881 0.3960
vn 0.3855 -0.8273 0.4086
vn 0.3760 -0.8955 0.2379
vn 0.0789 -0.9925 0.0934
vn 0.0785 -0.9969 -0.0016
vn 0.2013 -0.9795 -0.0010
vn 0.2030 -0.9747 0.0931
vn 0.3674 -0.9246 0.0999
vn 0.3645 -0.9312 -0.0000
vn 0.0778 -0.9915 -0.1043
vn 0.0791 -0.9702 -0.2291
vn 0.2004 -0.9532 -0.2263
vn 0.1999 -0.9747 -0.0996
vn 0.3641 -0.9261 -0.0991
vn 0.3645 -0.9016 -0.2329
vn 0.0894 -0.9095 -0.4058
vn 0.2132 -0.8894 -0.4042
vn 0.3659 -0.8391 -0.4023
vn 0.1283 0.8893 -0.4388
vn 0.1268 0.9519 -0.2790
vn 0.2755 0.9216 -0.2732
vn 0.2785 0.8609 -0.4257
vn 0.4248 0.8092 -0.4059
vn 0.4293 0.8615 -0.2711
vn 0.1281 0.9814 -0.1432
vn 0.1306 0.9914 -0.0079
vn 0.2753 0.9613 -0.0054
vn 0.2738 0.9518 -0.1379
vn 0.4299 0.8927 -0.1354
vn 0.4315 0.9021 -0.0024
vn 0.1320 0.9825 0.1317
vn 0.1323 0.9513 0.2784
vn 0.2825 0.9197 0.2726
vn 0.2786 0.9515 0.1301
vn 0.4341 0.8911 0.1320
vn 0.4356 0.8584 0.2709
vn 0.1326 0.8853 0.4457
vn 0.2842 0.8568 0.4301
vn 0.4302 0.8053 0.4079
vn -0.9327 -0.3246 -0.1572
vn -0.9586 -0.0250 -0.2838
vn -0.7639 -0.2572 -0.5919
vn -0.7708 -0.5566 -0.3098
vn -0.9223 0.1979 -0.3318
vn -0.7519 -0.0633 -0.6561
vn -0.5184 -0.3100 -0.7969
vn -0.5427 -0.4559 -0.7054
vn -0.5935 -0.7024 -0.3929
vn -0.2834 -0.6291 -0.7238
vn -0.3867 -0.8200 -0.4219
vn -0.2327 -0.5373 -0.8106
vn 0.1347 -0.7370 -0.6623
vn 0.0571 -0.8093 -0.5846
vn -0.1022 -0.9065 -0.4095
vn -0.8940 0.3122 -0.3214
vn -0.7663 0.0321 -0.6417
vn -0.8824 0.3676 -0.2937
vn -0.7852 0.0937 -0.6120
vn -0.5842 -0.2028 -0.7858
vn -0.5490 -0.2479 -0.7982
vn -0.2508 -0.5034 -0.8268
vn -0.2824 -0.4852 -0.8275
vn 0.1334 -0.7075 -0.6940
vn 0.1494 -0.7085 -0.6897
vn 0.2791 -0.9039 -0.3240
vn -0.0230 -0.9840 -0.1763
vn 0.3987 -0.8232 -0.4042
vn 0.5160 -0.8412 -0.1617
vn 0.3576 -0.9271 -0.1125
vn 0.0320 -0.9995 -0.0082
vn 0.4109 -0.9014 0.1361
vn 0.0764 -0.9805 0.1811
vn 0.5720 -0.8073 0.1451
vn 0.5189 -0.6554 0.5488
vn 0.3728 -0.7782 0.5053
vn 0.1391 -0.8877 0.4388
vn 0.4450 -0.7823 -0.4358
vn 0.4444 -0.7797 -0.4410
vn 0.5904 -0.7859 -0.1838
vn 0.5825 -0.7921 -0.1822
vn 0.6454 -0.7479 0.1551
vn 0.6567 -0.7343 0.1717
vn 0.5845 -0.5347 0.6103
vn 0.5812 -0.5694 0.5813
vn 0.1906 -0.5826 0.7901
vn -0.0765 -0.8008 0.5940
vn 0.3386 -0.4145 0.8447
vn 0.1341 -0.2116 0.9681
vn -0.0070 -0.4200 0.9075
vn -0.2448 -0.6869 0.6842
vn -0.2373 -0.2413 0.9410
vn -0.4263 -0.5489 0.7190
vn -0.1261 -0.0195 0.9918
vn -0.4826 0.1965 0.8535
vn -0.5731 -0.0304 0.8189
vn -0.6365 -0.3259 0.6990
vn 0.3898 -0.3065 0.8683
vn 0.3898 -0.2593 0.8836
vn 0.2057 -0.0645 0.9765
vn 0.1923 -0.1043 0.9758
vn -0.0606 0.0830 0.9947
vn -0.0330 0.1171 0.9926
vn -0.3901 0.3451 0.8536
vn -0.4192 0.3066 0.8545
vn -0.8377 0.0796 0.5403
vn -0.8084 -0.3499 0.4733
vn -0.7586 0.3366 0.5578
vn -0.8809 0.3717 0.2929
vn -0.9452 0.0922 0.3132
vn -0.8900 -0.3480 0.2946
vn -0.9930 0.0851 0.0823
vn -0.9303 -0.3487 0.1140
vn -0.9387 0.3432 0.0323
vn -0.6992 0.4571 0.5496
vn -0.6744 0.4988 0.5444
vn -0.7985 0.5386 0.2687
vn -0.8229 0.4970 0.2754
vn -0.8852 0.4648 0.0204
vn -0.8604 0.5089 0.0255
vn -0.6005 -0.6945 0.3962
vn -0.6742 -0.7040 0.2232
vn -0.5097 -0.8436 0.1690
vn -0.4387 -0.8253 0.3555
vn -0.2700 -0.9192 0.2865
vn -0.3257 -0.9392 0.1087
vn -0.7146 -0.6976 0.0514
vn -0.5569 -0.8305 -0.0113
vn -0.3753 -0.9251 -0.0569
vn 0.4927 -0.5702 0.6574
vn 0.3490 -0.2597 0.9004
vn 0.3909 -0.6367 0.6646
vn 0.3172 -0.2973 0.9005
vn 0.1998 -0.0568 0.9781
vn 0.1993 -0.0508 0.9786
vn -0.5940 -0.1361 -0.7929
vn -0.3397 -0.4735 -0.8126
vn -0.5788 -0.0965 -0.8097
vn -0.3676 -0.4838 -0.7942
vn -0.0883 -0.8120 -0.5769
vn 0.0109 -0.7621 -0.6473
vn -0.0140 0.1453 0.9893
vn 0.0154 0.1592 0.9871
vn -0.3155 0.4084 0.8565
vn -0.3587 0.3805 0.8524
vn -0.8586 0.4228 -0.2899
vn -0.7708 0.1734 -0.6130
vn -0.8263 0.4707 -0.3094
vn -0.7348 0.2294 -0.6382
vn -0.7817 0.5648 0.2644
vn -0.8408 0.5407 0.0248
vn -0.7604 0.5958 0.2585
vn -0.8177 0.5754 0.0144
vn -0.6518 0.5298 0.5426
vn -0.6211 0.5628 0.5454
vn 0.4501 -0.8824 -0.1369
vn 0.5286 -0.8174 0.2290
vn 0.2588 -0.9632 -0.0727
vn 0.3560 -0.8952 0.2680
vn 0.3009 -0.8688 -0.3933
vn 0.1307 -0.9403 -0.3143
vn -0.1602 -0.8164 -0.5548
vn 0.0165 -0.9630 -0.2690
vn -0.2651 -0.8046 -0.5312
vn -0.1609 -0.9641 -0.2110
vn -0.0904 -0.9948 0.0474
vn 0.1221 -0.9922 -0.0256
vn -0.5754 -0.0626 -0.8155
vn -0.3951 -0.4618 -0.7941
vn -0.5593 -0.0283 -0.8285
vn -0.4221 -0.4360 -0.7948
vn -0.2620 0.4281 0.8649
vn -0.5653 0.6106 0.5547
vn -0.1740 0.4604 0.8704
vn -0.4548 0.6905 0.5624
vn -0.6183 0.7546 0.2196
vn -0.7158 0.6533 0.2465
vn 0.3094 -0.6544 0.6899
vn 0.2872 -0.3100 0.9063
vn 0.1788 -0.6473 0.7410
vn 0.2316 -0.3117 0.9215
vn 0.1842 -0.0557 0.9813
vn 0.1951 -0.0576 0.9791
vn 0.2286 -0.9222 0.3119
vn 0.0300 -0.9204 0.3898
vn -0.7756 0.6311 -0.0114
vn -0.6845 0.7261 -0.0655
vn -0.7046 0.5889 -0.3959
vn -0.7861 0.5150 -0.3417
vn -0.7065 0.2624 -0.6572
vn -0.6556 0.3114 -0.6878
vn 0.0355 0.1659 0.9855
vn 0.0641 0.1766 0.9822
vn -0.4583 0.8713 0.1752
vn -0.5368 0.8310 -0.1457
vn -0.2391 0.9643 0.1135
vn -0.3359 0.9108 -0.2399
vn -0.4036 0.7277 -0.5546
vn -0.5751 0.6703 -0.4690
vn -0.5704 0.3688 -0.7339
vn -0.4512 0.4104 -0.7924
vn -0.4817 0.0239 -0.8760
vn -0.5263 -0.0002 -0.8503
vn 0.1625 -0.0492 0.9854
vn 0.0981 0.1903 0.9768
vn 0.1357 -0.0329 0.9902
vn 0.1366 0.2055 0.9691
vn 0.0668 0.5216 0.8506
vn -0.0605 0.4948 0.8669
vn -0.4037 -0.7724 -0.4902
vn -0.3706 -0.9171 -0.1470
vn -0.5602 -0.6985 -0.4453
vn -0.5626 -0.8215 -0.0922
vn -0.5141 -0.8358 0.1926
vn -0.3232 -0.9377 0.1277
vn -0.4595 -0.4170 -0.7842
vn -0.5167 -0.3822 -0.7661
vn -0.2900 0.7769 0.5587
vn -0.0847 0.8417 0.5332
vn 0.0226 -0.6005 0.7993
vn 0.1512 -0.2953 0.9433
vn -0.1179 -0.5169 0.8479
vn 0.0649 -0.2551 0.9647
vn -0.1876 -0.8591 0.4761
vn -0.3659 -0.7539 0.5456
vn -0.6550 -0.7171 0.2380
vn -0.4928 -0.6385 0.5911
vn -0.7400 -0.6185 0.2642
vn -0.5621 -0.5486 0.6189
vn -0.2412 -0.3510 0.9048
vn -0.2105 -0.4234 0.8811
vn -0.0126 0.9988 0.0470
vn -0.1279 0.9362 -0.3273
vn 0.1838 0.9828 -0.0175
vn 0.0526 0.9142 -0.4018
vn -0.0903 0.7044 -0.7040
vn -0.2318 0.7365 -0.6354
vn -0.3319 0.4147 -0.8472
vn -0.2396 0.3881 -0.8899
vn -0.3989 0.0548 -0.9153
vn -0.4372 0.0432 -0.8983
vn 0.1306 -0.0083 0.9914
vn 0.1859 0.2153 0.9587
vn 0.1640 0.0091 0.9864
vn 0.2507 0.2091 0.9452
vn 0.3040 0.5136 0.8023
vn 0.1899 0.5289 0.8271
vn -0.6884 -0.5923 -0.4187
vn -0.7095 -0.7026 -0.0533
vn -0.7606 -0.4958 -0.4190
vn -0.7973 -0.6025 -0.0358
vn -0.5693 -0.3209 -0.7569
vn -0.5923 -0.2554 -0.7641
vn 0.1158 0.8621 0.4934
vn 0.2879 0.8464 0.4480
vn 0.0136 -0.1996 0.9798
vn 0.0195 -0.1519 0.9882
vn -0.3620 0.0493 -0.9308
vn -0.5838 -0.2176 -0.7821
vn -0.3153 0.0244 -0.9486
vn -0.5446 -0.2200 -0.8093
vn -0.7482 -0.4597 -0.4784
vn -0.7788 -0.4466 -0.4404
vn 0.4186 0.4701 0.7770
vn 0.4541 0.7969 0.3984
vn 0.5290 0.3967 0.7501
vn 0.6182 0.7033 0.3510
vn 0.5468 0.8235 -0.1513
vn 0.3679 0.9260 -0.0849
vn -0.2242 -0.3206 0.9203
vn 0.0602 -0.1296 0.9897
vn -0.1719 -0.3395 0.9247
vn 0.1157 -0.1344 0.9841
vn 0.2681 -0.0096 0.9633
vn 0.2155 0.0070 0.9765
vn -0.7679 -0.5796 0.2726
vn -0.5750 -0.5159 0.6350
vn -0.7389 -0.6206 0.2622
vn -0.5350 -0.5548 0.6371
vn 0.2205 0.8536 -0.4720
vn 0.3823 0.7507 -0.5388
vn 0.1588 0.5526 -0.8182
vn 0.0352 0.6426 -0.7653
vn -0.1654 0.3409 -0.9254
vn -0.0910 0.2798 -0.9557
vn 0.3213 0.1802 0.9297
vn 0.3869 0.1368 0.9119
vn -0.8275 -0.5599 -0.0414
vn -0.8025 -0.5927 -0.0690
vn 0.3221 -0.0408 0.9458
vn 0.4466 0.0852 0.8907
vn 0.3807 -0.0907 0.9202
vn 0.5054 0.0215 0.8626
vn 0.7048 0.1950 0.6821
vn 0.6231 0.3023 0.7213
vn -0.6675 -0.5315 -0.5215
vn -0.7135 -0.6918 -0.1110
vn -0.5329 -0.6398 -0.5538
vn -0.5579 -0.8158 -0.1520
vn -0.4872 -0.8556 0.1745
vn -0.6450 -0.7292 0.2287
vn -0.2420 -0.0289 -0.9698
vn -0.4715 -0.2665 -0.8406
vn -0.1247 -0.1173 -0.9852
vn -0.3554 -0.3517 -0.8660
vn 0.7629 0.5677 0.3092
vn 0.8797 0.3970 0.2616
vn 0.8412 0.4759 -0.2567
vn 0.7082 0.6742 -0.2096
vn -0.0949 -0.4037 0.9099
vn 0.1794 -0.1664 0.9696
vn 0.0003 -0.4939 0.8695
vn 0.2503 -0.2216 0.9425
vn -0.4447 -0.6540 0.6119
vn -0.3106 -0.7729 0.5533
vn 0.5296 0.6040 -0.5955
vn 0.6590 0.4132 -0.6284
vn 0.4131 0.2721 -0.8690
vn 0.2830 0.4305 -0.8571
vn 0.0020 0.1968 -0.9804
vn 0.1287 0.0798 -0.9885
vn 0.9254 0.2477 -0.2868
vn 0.7579 0.1963 -0.6221
vn 0.9539 0.0176 -0.2994
vn 0.8171 -0.0260 -0.5759
vn 0.6471 -0.1173 -0.7533
vn 0.5397 0.0864 -0.8374
vn 0.2852 -0.0704 -0.9559
vn 0.4512 -0.2542 -0.8554
vn 0.2731 -0.4028 -0.8736
vn 0.0489 -0.2413 -0.9692
vn 0.4522 -0.1675 0.8760
vn 0.5745 -0.0678 0.8157
vn 0.5551 -0.2979 0.7766
vn 0.6726 -0.2112 0.7092
vn 0.8513 -0.1028 0.5144
vn 0.7815 0.0678 0.6202
vn -0.3357 -0.7552 -0.5629
vn -0.3539 -0.9174 -0.1817
vn -0.0586 -0.8521 -0.5201
vn -0.0961 -0.9741 -0.2046
vn -0.0647 -0.9973 0.0327
vn -0.2944 -0.9492 0.1104
vn -0.1718 -0.4717 -0.8648
vn 0.0901 -0.6123 -0.7854
vn 0.9586 0.2035 0.1993
vn 0.9931 -0.0058 0.1168
vn 0.1164 -0.5917 0.7977
vn 0.3362 -0.3017 0.8921
vn 0.2766 -0.6969 0.6617
vn 0.4565 -0.4366 0.7752
vn -0.1500 -0.8718 0.4664
vn 0.0491 -0.9389 0.3405
vn 0.5031 -0.8109 0.2986
vn 0.6100 -0.5966 0.5214
vn 0.6829 -0.7117 -0.1642
vn 0.7082 -0.5614 0.4280
vn 0.2902 -0.9534 -0.0818
vn 0.2791 -0.9439 0.1763
vn 0.9007 -0.3340 -0.2779
vn 0.8300 -0.2636 -0.4915
vn 0.7213 -0.4103 -0.5580
vn 0.5834 -0.4386 -0.6835
vn 0.5086 -0.6066 -0.6110
vn 0.7620 -0.4357 0.4789
vn 0.8855 -0.4167 0.2053
vn 0.3175 -0.8604 -0.3986
vn 0.1838 -0.9597 -0.2124
vn 0.3393 -0.7038 -0.6241
vn 0.9687 -0.2470 0.0228
vn 0.0335 -0.5013 0.8646
vn 0.2452 -0.4862 0.8387
vn 0.2124 -0.1461 0.9662
vn 0.0267 -0.1549 0.9875
vn 0.7386 -0.3347 0.5851
vn 0.6804 -0.0059 0.7328
vn 0.4514 0.4869 0.7478
vn 0.1612 0.4879 0.8579
vn 0.0350 0.4945 0.8684
vn 0.9999 0.0080 0.0047
vn 0.9311 0.3140 0.1856
vn 0.7386 0.3513 -0.5753
vn 0.6804 0.6392 -0.3584
vn 0.4514 0.8899 0.0661
vn 0.5361 0.7267 0.4296
vn 0.0350 0.9993 0.0146
vn 0.0085 0.9999 0.0081
vn 0.0130 0.8607 0.5088
vn 0.0387 0.8602 0.5085
vn 0.0000 1.0000 0.0051
vn 0.0000 0.8608 0.5089
vn 0.0000 0.4865 0.8737
vn 0.0085 0.4892 0.8721
vn 0.4745 -0.8205 0.3186
vn 0.2509 -0.9082 0.3350
vn 0.3537 -0.8052 -0.4760
vn 0.6562 -0.6496 -0.3840
vn 0.0000 -0.9343 0.3565
vn 0.0000 -0.8608 -0.5089
vn 0.0000 -0.1379 -0.9904
vn 0.2509 -0.1443 -0.9572
vn 0.4745 -0.1163 -0.8725
vn 0.0335 0.5159 -0.8560
vn 0.0020 0.5161 -0.8565
vn 0.0003 0.7849 -0.6196
vn 0.0267 0.7906 -0.6118
vn 0.0000 0.5167 -0.8561
vn 0.0000 0.7831 -0.6219
vn 0.2452 0.5005 -0.8303
vn 0.2124 0.7761 -0.5938
vn 0.1612 0.9868 0.0139
vn 0.7859 -0.6019 0.1413
vn 0.6272 -0.7365 0.2532
vn 0.7793 -0.5394 -0.3189
vn 0.8826 -0.4046 -0.2392
vn 0.6272 -0.1332 -0.7674
vn 0.7859 -0.1663 -0.5955
vn 0.1286 0.8537 0.5047
vn 0.0000 -0.5010 0.8654
vn 0.0020 -0.5016 0.8650
vn 0.0003 -0.1646 0.9864
vn 0.0000 -0.1674 0.9859
vn 0.0552 -0.6424 0.7643
vn 0.0000 -0.6355 0.7721
vn 0.1500 -0.6514 0.7437
vn 0.3540 0.2932 -0.8881
vn 0.7656 0.1304 -0.6299
vn 0.1500 0.3376 -0.9292
vn 0.0552 0.3600 -0.9313
vn 0.0000 0.3701 -0.9290
vn 0.9784 -0.1780 -0.1052
vn 0.7656 -0.4890 0.4178
vn 0.3541 -0.6368 0.6849
vn -0.0335 -0.5013 0.8646
vn -0.0267 -0.1549 0.9875
vn -0.2124 -0.1461 0.9662
vn -0.2452 -0.4862 0.8387
vn -0.0350 0.4945 0.8684
vn -0.1612 0.4879 0.8579
vn -0.4514 0.4869 0.7478
vn -0.6804 -0.0059 0.7328
vn -0.7386 -0.3347 0.5851
vn -0.9311 0.3140 0.1856
vn -0.9999 0.0080 0.0047
vn -0.5361 0.7267 0.4296
vn -0.4514 0.8899 0.0661
vn -0.6804 0.6392 -0.3584
vn -0.7386 0.3513 -0.5753
vn -0.0349 0.9993 0.0146
vn -0.0387 0.8602 0.5085
vn -0.0130 0.8607 0.5088
vn -0.0085 0.9999 0.0081
vn -0.0085 0.4892 0.8721
vn -0.4745 -0.8205 0.3187
vn -0.6562 -0.6496 -0.3840
vn -0.3537 -0.8052 -0.4760
vn -0.2509 -0.9082 0.3350
vn -0.4745 -0.1163 -0.8725
vn -0.2509 -0.1443 -0.9572
vn -0.0335 0.5159 -0.8560
vn -0.0267 0.7906 -0.6118
vn -0.0003 0.7849 -0.6196
vn -0.0020 0.5161 -0.8565
vn -0.2124 0.7761 -0.5938
vn -0.2452 0.5005 -0.8303
vn -0.1612 0.9868 0.0139
vn -0.7859 -0.6019 0.1413
vn -0.8826 -0.4046 -0.2392
vn -0.7793 -0.5394 -0.3189
vn -0.6272 -0.7366 0.2532
vn -0.7859 -0.1663 -0.5955
vn -0.6272 -0.1332 -0.7674
vn -0.1286 0.8537 0.5047
vn -0.0003 -0.1645 0.9864
vn -0.0020 -0.5016 0.8650
vn -0.0552 -0.6424 0.7643
vn -0.1500 -0.6514 0.7437
vn -0.7656 0.1304 -0.6299
vn -0.3540 0.2932 -0.8881
vn -0.1500 0.3376 -0.9292
vn -0.0552 0.3600 -0.9313
vn -0.7656 -0.4890 0.4179
vn -0.9784 -0.1780 -0.1052
vn -0.3540 -0.6368 0.6849
vn 0.9327 -0.3246 -0.1572
vn 0.7708 -0.5566 -0.3098
vn 0.7639 -0.2572 -0.5919
vn 0.9586 -0.0250 -0.2838
vn 0.5935 -0.7024 -0.3929
vn 0.5427 -0.4559 -0.7054
vn 0.5184 -0.3100 -0.7969
vn 0.7519 -0.0633 -0.6561
vn 0.9223 0.1979 -0.3318
vn 0.3867 -0.8200 -0.4219
vn 0.2834 -0.6291 -0.7238
vn 0.1022 -0.9065 -0.4095
vn -0.0571 -0.8093 -0.5846
vn -0.1347 -0.7370 -0.6623
vn 0.2327 -0.5373 -0.8106
vn 0.7663 0.0321 -0.6417
vn 0.8940 0.3122 -0.3214
vn 0.5490 -0.2479 -0.7982
vn 0.5842 -0.2028 -0.7858
vn 0.7852 0.0937 -0.6120
vn 0.8824 0.3676 -0.2937
vn 0.2508 -0.5034 -0.8268
vn -0.1494 -0.7085 -0.6897
vn -0.1334 -0.7075 -0.6940
vn 0.2824 -0.4852 -0.8275
vn 0.0230 -0.9840 -0.1763
vn -0.2791 -0.9039 -0.3240
vn -0.0320 -0.9995 -0.0082
vn -0.3576 -0.9271 -0.1125
vn -0.5160 -0.8412 -0.1617
vn -0.3987 -0.8232 -0.4042
vn -0.0764 -0.9805 0.1811
vn -0.4109 -0.9014 0.1361
vn -0.1391 -0.8877 0.4388
vn -0.3728 -0.7782 0.5053
vn -0.5189 -0.6554 0.5488
vn -0.5720 -0.8073 0.1451
vn -0.4450 -0.7823 -0.4358
vn -0.5825 -0.7921 -0.1822
vn -0.5904 -0.7859 -0.1838
vn -0.4444 -0.7797 -0.4410
vn -0.6454 -0.7479 0.1551
vn -0.5812 -0.5694 0.5813
vn -0.5845 -0.5347 0.6103
vn -0.6567 -0.7343 0.1717
vn 0.0765 -0.8008 0.5940
vn -0.1906 -0.5826 0.7901
vn 0.2448 -0.6869 0.6842
vn 0.0070 -0.4200 0.9075
vn -0.1341 -0.2116 0.9681
vn -0.3386 -0.4145 0.8447
vn 0.4263 -0.5489 0.7190
vn 0.2373 -0.2413 0.9410
vn 0.6365 -0.3259 0.6990
vn 0.5731 -0.0304 0.8189
vn 0.4826 0.1965 0.8535
vn 0.1261 -0.0195 0.9918
vn -0.3898 -0.3065 0.8683
vn -0.1923 -0.1043 0.9758
vn -0.2057 -0.0645 0.9765
vn -0.3898 -0.2593 0.8836
vn 0.0606 0.0830 0.9947
vn 0.4192 0.3066 0.8545
vn 0.3901 0.3451 0.8536
vn 0.0330 0.1171 0.9926
vn 0.8084 -0.3499 0.4733
vn 0.8377 0.0796 0.5403
vn 0.8900 -0.3480 0.2946
vn 0.9452 0.0922 0.3132
vn 0.8809 0.3717 0.2929
vn 0.7586 0.3366 0.5578
vn 0.9303 -0.3487 0.1140
vn 0.9930 0.0851 0.0823
vn 0.9387 0.3432 0.0323
vn 0.6992 0.4571 0.5496
vn 0.8229 0.4970 0.2754
vn 0.7985 0.5386 0.2687
vn 0.6744 0.4988 0.5444
vn 0.8852 0.4648 0.0204
vn 0.8604 0.5089 0.0255
vn 0.6005 -0.6945 0.3962
vn 0.4387 -0.8253 0.3555
vn 0.5097 -0.8436 0.1690
vn 0.6742 -0.7040 0.2232
vn 0.2700 -0.9192 0.2865
vn 0.3257 -0.9392 0.1087
vn 0.7146 -0.6976 0.0514
vn 0.5569 -0.8305 -0.0113
vn 0.3753 -0.9251 -0.0569
vn -0.3490 -0.2597 0.9004
vn -0.4927 -0.5702 0.6574
vn -0.1993 -0.0508 0.9786
vn -0.1998 -0.0568 0.9781
vn -0.3172 -0.2973 0.9005
vn -0.3909 -0.6367 0.6646
vn 0.3397 -0.4735 -0.8126
vn 0.5940 -0.1361 -0.7929
vn -0.0109 -0.7621 -0.6473
vn 0.0883 -0.8120 -0.5769
vn 0.3676 -0.4837 -0.7942
vn 0.5788 -0.0965 -0.8097
vn 0.0140 0.1453 0.9893
vn 0.3587 0.3805 0.8524
vn 0.3155 0.4084 0.8565
vn -0.0154 0.1592 0.9871
vn 0.7708 0.1734 -0.6130
vn 0.8586 0.4228 -0.2899
vn 0.7348 0.2294 -0.6382
vn 0.8263 0.4707 -0.3094
vn 0.8408 0.5407 0.0248
vn 0.7817 0.5648 0.2644
vn 0.8177 0.5754 0.0144
vn 0.7604 0.5958 0.2585
vn 0.6518 0.5298 0.5426
vn 0.6211 0.5628 0.5454
vn -0.5286 -0.8174 0.2290
vn -0.4501 -0.8824 -0.1369
vn -0.3560 -0.8952 0.2680
vn -0.2588 -0.9632 -0.0727
vn -0.3009 -0.8688 -0.3933
vn -0.1307 -0.9403 -0.3143
vn -0.0165 -0.9630 -0.2690
vn 0.1602 -0.8164 -0.5548
vn -0.1221 -0.9922 -0.0256
vn 0.0904 -0.9948 0.0474
vn 0.1609 -0.9641 -0.2111
vn 0.2651 -0.8046 -0.5312
vn 0.3951 -0.4618 -0.7941
vn 0.5754 -0.0626 -0.8155
vn 0.4221 -0.4360 -0.7948
vn 0.5593 -0.0283 -0.8285
vn 0.5653 0.6106 0.5547
vn 0.2620 0.4281 0.8649
vn 0.7158 0.6533 0.2465
vn 0.6183 0.7546 0.2196
vn 0.4548 0.6905 0.5624
vn 0.1740 0.4604 0.8704
vn -0.2872 -0.3100 0.9063
vn -0.3094 -0.6544 0.6899
vn -0.1951 -0.0576 0.9791
vn -0.1842 -0.0557 0.9813
vn -0.2316 -0.3117 0.9215
vn -0.1788 -0.6473 0.7410
vn -0.2286 -0.9222 0.3119
vn -0.0300 -0.9204 0.3898
vn 0.7756 0.6311 -0.0114
vn 0.7861 0.5150 -0.3417
vn 0.7046 0.5889 -0.3959
vn 0.6845 0.7261 -0.0655
vn 0.7065 0.2624 -0.6572
vn 0.6556 0.3114 -0.6878
vn -0.0355 0.1659 0.9855
vn -0.0641 0.1766 0.9822
vn 0.5368 0.8310 -0.1457
vn 0.4583 0.8713 0.1752
vn 0.5751 0.6703 -0.4690
vn 0.4036 0.7277 -0.5546
vn 0.3359 0.9108 -0.2399
vn 0.2391 0.9643 0.1135
vn 0.5704 0.3688 -0.7339
vn 0.5263 -0.0002 -0.8503
vn 0.4817 0.0239 -0.8760
vn 0.4512 0.4104 -0.7924
vn -0.0981 0.1903 0.9768
vn -0.1625 -0.0492 0.9854
vn 0.0605 0.4948 0.8669
vn -0.0668 0.5216 0.8506
vn -0.1366 0.2055 0.9691
vn -0.1357 -0.0329 0.9902
vn 0.3706 -0.9171 -0.1470
vn 0.4037 -0.7724 -0.4902
vn 0.3232 -0.9377 0.1277
vn 0.5141 -0.8358 0.1926
vn 0.5626 -0.8215 -0.0922
vn 0.5602 -0.6985 -0.4453
vn 0.4595 -0.4170 -0.7842
vn 0.5167 -0.3822 -0.7661
vn 0.2900 0.7769 0.5587
vn 0.0847 0.8417 0.5332
vn -0.1512 -0.2953 0.9433
vn -0.0226 -0.6005 0.7993
vn -0.0649 -0.2551 0.9647
vn 0.1179 -0.5169 0.8479
vn 0.1876 -0.8591 0.4761
vn 0.3659 -0.7539 0.5456
vn 0.4928 -0.6385 0.5911
vn 0.6550 -0.7171 0.2380
vn 0.2105 -0.4234 0.8811
vn 0.2412 -0.3510 0.9048
vn 0.5621 -0.5486 0.6189
vn 0.7400 -0.6185 0.2642
vn 0.1279 0.9362 -0.3273
vn 0.0126 0.9988 0.0470
vn 0.2318 0.7365 -0.6354
vn 0.0903 0.7044 -0.7040
vn -0.0526 0.9142 -0.4018
vn -0.1838 0.9828 -0.0175
vn 0.3319 0.4147 -0.8472
vn 0.4372 0.0432 -0.8983
vn 0.3989 0.0548 -0.9153
vn 0.2396 0.3881 -0.8899
vn -0.1859 0.2153 0.9587
vn -0.1306 -0.0083 0.9914
vn -0.1899 0.5289 0.8271
vn -0.3040 0.5136 0.8023
vn -0.2507 0.2091 0.9452
vn -0.1640 0.0091 0.9864
vn 0.7095 -0.7026 -0.0533
vn 0.6884 -0.5923 -0.4187
vn 0.7973 -0.6025 -0.0358
vn 0.7606 -0.4958 -0.4190
vn 0.5693 -0.3209 -0.7569
vn 0.5923 -0.2554 -0.7641
vn -0.1158 0.8621 0.4934
vn -0.2879 0.8464 0.4480
vn -0.0136 -0.1996 0.9798
vn -0.0195 -0.1519 0.9882
vn 0.5838 -0.2176 -0.7822
vn 0.3620 0.0493 -0.9308
vn 0.7788 -0.4466 -0.4404
vn 0.7482 -0.4597 -0.4784
vn 0.5446 -0.2200 -0.8093
vn 0.3153 0.0244 -0.9486
vn -0.4541 0.7969 0.3984
vn -0.4186 0.4701 0.7770
vn -0.3679 0.9260 -0.0849
vn -0.5468 0.8235 -0.1513
vn -0.6182 0.7033 0.3510
vn -0.5290 0.3967 0.7501
vn -0.0602 -0.1296 0.9897
vn 0.2242 -0.3206 0.9203
vn -0.2155 0.0070 0.9765
vn -0.2681 -0.0096 0.9633
vn -0.1157 -0.1344 0.9841
vn 0.1719 -0.3395 0.9247
vn 0.5750 -0.5159 0.6350
vn 0.7679 -0.5796 0.2726
vn 0.5350 -0.5548 0.6371
vn 0.7389 -0.6206 0.2622
vn -0.2205 0.8536 -0.4720
vn -0.0352 0.6426 -0.7653
vn -0.1588 0.5526 -0.8182
vn -0.3823 0.7507 -0.5388
vn 0.1654 0.3409 -0.9254
vn 0.0910 0.2798 -0.9557
vn -0.3213 0.1802 0.9297
vn -0.3869 0.1368 0.9119
vn 0.8275 -0.5599 -0.0414
vn 0.8025 -0.5927 -0.0690
vn -0.4466 0.0852 0.8907
vn -0.3221 -0.0408 0.9458
vn -0.6231 0.3023 0.7213
vn -0.7048 0.1950 0.6821
vn -0.5054 0.0215 0.8626
vn -0.3807 -0.0907 0.9202
vn 0.7135 -0.6918 -0.1110
vn 0.6675 -0.5315 -0.5215
vn 0.6449 -0.7292 0.2287
vn 0.4872 -0.8556 0.1745
vn 0.5579 -0.8158 -0.1520
vn 0.5329 -0.6398 -0.5538
vn 0.4715 -0.2665 -0.8406
vn 0.2420 -0.0289 -0.9698
vn 0.3554 -0.3517 -0.8660
vn 0.1247 -0.1173 -0.9852
vn -0.7629 0.5677 0.3092
vn -0.7082 0.6742 -0.2096
vn -0.8412 0.4759 -0.2567
vn -0.8797 0.3970 0.2616
vn -0.1794 -0.1664 0.9696
vn 0.0949 -0.4037 0.9099
vn -0.2503 -0.2216 0.9425
vn -0.0003 -0.4939 0.8695
vn 0.4447 -0.6540 0.6119
vn 0.3106 -0.7729 0.5533
vn -0.5296 0.6040 -0.5955
vn -0.2830 0.4305 -0.8571
vn -0.4131 0.2721 -0.8690
vn -0.6590 0.4132 -0.6284
vn -0.0020 0.1968 -0.9804
vn -0.1287 0.0798 -0.9885
vn -0.7579 0.1963 -0.6221
vn -0.9254 0.2477 -0.2868
vn -0.5397 0.0864 -0.8374
vn -0.6471 -0.1173 -0.7533
vn -0.8171 -0.0260 -0.5759
vn -0.9539 0.0176 -0.2994
vn -0.2852 -0.0704 -0.9559
vn -0.0489 -0.2413 -0.9692
vn -0.2731 -0.4028 -0.8736
vn -0.4512 -0.2542 -0.8554
vn -0.5745 -0.0678 0.8157
vn -0.4522 -0.1675 0.8760
vn -0.7815 0.0678 0.6202
vn -0.8513 -0.1028 0.5144
vn -0.6726 -0.2112 0.7092
vn -0.5551 -0.2979 0.7766
vn 0.3539 -0.9174 -0.1817
vn 0.3357 -0.7552 -0.5629
vn 0.2944 -0.9492 0.1104
vn 0.0647 -0.9973 0.0327
vn 0.0961 -0.9741 -0.2046
vn 0.0586 -0.8521 -0.5201
vn 0.1718 -0.4717 -0.8648
vn -0.0901 -0.6123 -0.7854
vn -0.9586 0.2035 0.1993
vn -0.9931 -0.0058 0.1168
vn -0.3362 -0.3017 0.8921
vn -0.1164 -0.5917 0.7977
vn -0.4565 -0.4366 0.7752
vn -0.2766 -0.6969 0.6617
vn 0.1500 -0.8718 0.4664
vn -0.0491 -0.9389 0.3405
vn -0.6100 -0.5966 0.5214
vn -0.5031 -0.8109 0.2986
vn -0.7082 -0.5614 0.4280
vn -0.6829 -0.7117 -0.1642
vn -0.2791 -0.9439 0.1763
vn -0.2902 -0.9534 -0.0818
vn -0.8300 -0.2636 -0.4915
vn -0.9007 -0.3340 -0.2779
vn -0.7213 -0.4103 -0.5580
vn -0.5834 -0.4386 -0.6835
vn -0.5086 -0.6066 -0.6110
vn -0.7620 -0.4357 0.4789
vn -0.8856 -0.4167 0.2053
vn -0.1838 -0.9597 -0.2124
vn -0.3175 -0.8604 -0.3986
vn -0.3393 -0.7038 -0.6241
vn -0.9687 -0.2470 0.0228
vn 0.5310 0.1376 -0.8361
vn 0.4770 0.1875 -0.8586
vn 0.4630 0.2364 -0.8542
vn 0.5159 0.1901 -0.8353
vn 0.4449 0.2182 -0.8686
vn 0.4394 0.2586 -0.8602
vn 0.4510 0.2452 -0.8581
vn 0.5013 0.2103 -0.8393
vn 0.4315 0.2605 -0.8636
vn 0.6276 -0.0468 -0.7771
vn 0.5624 -0.0062 -0.8268
vn 0.6337 0.0211 -0.7733
vn 0.4960 0.0548 -0.8665
vn 0.4432 0.1011 -0.8907
vn 0.3971 0.1309 -0.9084
vn 0.4238 0.2342 -0.8749
vn 0.4302 0.2674 -0.8621
vn 0.4282 0.2648 -0.8640
vn 0.4214 0.2398 -0.8745
vn 0.4230 0.2390 -0.8740
vn 0.4421 0.2307 -0.8668
vn 0.4931 0.2080 -0.8447
vn 0.6090 0.1334 -0.7818
vn 0.6045 0.1535 -0.7816
vn 0.6220 0.0905 -0.7777
vn 0.4000 0.2412 -0.8842
vn 0.3589 0.2453 -0.9006
vn 0.3890 0.2729 -0.8799
vn 0.4191 0.2700 -0.8668
vn 0.2875 0.2519 -0.9240
vn 0.3211 0.2798 -0.9048
vn 0.3992 0.2697 -0.8762
vn 0.4235 0.2655 -0.8661
vn 0.3384 0.2821 -0.8977
vn 0.3461 0.1481 -0.9264
vn 0.2781 0.1588 -0.9473
vn 0.1860 0.1702 -0.9677
vn 0.1001 0.1953 -0.9756
vn 0.1321 0.2493 -0.9593
vn 0.1749 0.2889 -0.9412
vn 0.2028 0.3070 -0.9298
vn 0.2127 0.3123 -0.9258
vn 0.3415 0.2695 -0.9004
vn 0.3980 0.2486 -0.8830
vn 0.4192 0.2406 -0.8754
vn 0.4967 0.2006 -0.8444
vn 0.4411 0.2129 -0.8718
vn 0.4535 0.2125 -0.8655
vn 0.5160 0.2064 -0.8313
vn 0.4190 0.2156 -0.8820
vn 0.4256 0.2128 -0.8795
vn 0.4863 0.2438 -0.8390
vn 0.5504 0.2368 -0.8006
vn 0.4485 0.2451 -0.8595
vn 0.6153 0.1658 -0.7706
vn 0.4153 0.2146 -0.8840
vn 0.4159 0.2121 -0.8843
vn 0.4268 0.2478 -0.8697
vn 0.4522 0.3538 -0.8187
vn 0.4993 0.3414 -0.7963
vn 0.5593 0.3309 -0.7600
vn 0.6362 0.3135 -0.7049
vn 0.6806 0.2258 -0.6970
vn 0.7038 0.2772 -0.6541
vn 0.6428 0.1867 -0.7429
vn 0.4119 0.2170 -0.8850
vn 0.3906 0.2300 -0.8913
vn 0.3822 0.2355 -0.8936
vn 0.4072 0.2174 -0.8871
vn 0.3348 0.2608 -0.9055
vn 0.3232 0.2749 -0.9055
vn 0.3721 0.2822 -0.8842
vn 0.4065 0.2583 -0.8763
vn 0.3097 0.3219 -0.8947
vn 0.2078 0.3227 -0.9234
vn 0.1933 0.3547 -0.9147
vn 0.1753 0.4130 -0.8937
vn 0.1736 0.4750 -0.8627
vn 0.2611 0.4515 -0.8532
vn 0.3452 0.4086 -0.8449
vn 0.4056 0.3750 -0.8336
vn -0.1424 0.2055 -0.9682
vn -0.5130 0.0993 -0.8526
vn -0.4834 0.2326 -0.8439
vn -0.0958 0.2842 -0.9539
vn -0.8293 -0.0392 -0.5574
vn -0.8303 0.1231 -0.5435
vn -0.4450 0.3370 -0.8297
vn -0.0559 0.3371 -0.9398
vn -0.8129 0.2631 -0.5196
vn -0.1414 0.0989 -0.9850
vn -0.4892 -0.0594 -0.8701
vn -0.7905 -0.2254 -0.5694
vn -0.9209 -0.3278 -0.2109
vn -0.9676 -0.1511 -0.2024
vn -0.9848 0.0042 -0.1737
vn -0.9804 0.1439 -0.1346
vn -0.9567 0.2765 -0.0909
vn -0.7863 0.3889 -0.4800
vn -0.4183 0.4248 -0.8028
vn -0.0364 0.3762 -0.9258
vn -0.9707 -0.2183 0.0998
vn -0.9073 -0.2568 0.3328
vn -0.9174 -0.1491 0.3691
vn -0.9871 -0.0846 0.1360
vn -0.8188 -0.2794 0.5015
vn -0.8194 -0.1997 0.5372
vn -0.9109 -0.0519 0.4093
vn -0.9831 0.0360 0.1795
vn -0.8113 -0.1234 0.5714
vn -0.9241 -0.3710 0.0918
vn -0.8661 -0.3805 0.3241
vn -0.7890 -0.3742 0.4873
vn -0.7216 -0.3608 0.5908
vn -0.7224 -0.3064 0.6198
vn -0.7171 -0.2453 0.6524
vn -0.7082 -0.1823 0.6820
vn -0.6954 -0.1158 0.7093
vn -0.7983 -0.0443 0.6006
vn -0.8954 0.0461 0.4428
vn -0.9635 0.1546 0.2186
vn -0.0372 0.4194 -0.9070
vn -0.4056 0.5098 -0.7587
vn -0.3964 0.6030 -0.6923
vn -0.0497 0.4816 -0.8749
vn -0.7517 0.5056 -0.4234
vn -0.7047 0.6178 -0.3489
vn -0.3647 0.7084 -0.6043
vn -0.0561 0.5646 -0.8234
vn -0.6309 0.7320 -0.2571
vn -0.9139 0.4033 -0.0451
vn -0.8517 0.5240 0.0060
vn -0.7640 0.6409 0.0736
vn -0.6415 0.7479 0.1704
vn -0.5102 0.8461 -0.1543
vn -0.2690 0.8144 -0.5142
vn -0.0053 0.6481 -0.7615
vn -0.9288 0.2735 0.2500
vn -0.8717 0.1478 0.4671
vn -0.8353 0.2517 0.4888
vn -0.8766 0.3910 0.2806
vn -0.7807 0.0386 0.6237
vn -0.7552 0.1239 0.6437
vn -0.7745 0.3537 0.5244
vn -0.7984 0.5046 0.3284
vn -0.7146 0.2100 0.6673
vn -0.6781 -0.0468 0.7334
vn -0.6560 0.0234 0.7543
vn -0.6284 0.0952 0.7720
vn -0.5961 0.1566 0.7874
vn -0.6383 0.2768 0.7183
vn -0.6767 0.4321 0.5961
vn -0.6853 0.5989 0.4143
vn -0.6372 -0.3453 0.6890
vn -0.5726 -0.3806 0.7260
vn -0.5580 -0.3214 0.7651
vn -0.6282 -0.2869 0.7232
vn -0.5134 -0.4085 0.7546
vn -0.4974 -0.3489 0.7943
vn -0.5449 -0.2636 0.7960
vn -0.6178 -0.2287 0.7523
vn -0.4816 -0.2909 0.8267
vn -0.6643 -0.4076 0.6265
vn -0.5984 -0.4465 0.6652
vn -0.5340 -0.4778 0.6974
vn -0.4707 -0.5028 0.7250
vn -0.4553 -0.4307 0.7792
vn -0.4384 -0.3710 0.8186
vn -0.4204 -0.3136 0.8514
vn -0.4010 -0.2521 0.8807
vn -0.4629 -0.2291 0.8562
vn -0.5282 -0.2026 0.8246
vn -0.6033 -0.1674 0.7797
vn -0.3951 -0.4479 0.8020
vn -0.3294 -0.4628 0.8230
vn -0.3121 -0.4042 0.8597
vn -0.3778 -0.3886 0.8404
vn -0.2526 -0.4783 0.8410
vn -0.2322 -0.4243 0.8752
vn -0.2915 -0.3512 0.8897
vn -0.3582 -0.3330 0.8722
vn -0.2112 -0.3729 0.9035
vn -0.4047 -0.5232 0.7500
vn -0.3319 -0.5407 0.7729
vn -0.2498 -0.5562 0.7926
vn -0.1691 -0.5613 0.8101
vn -0.1460 -0.5136 0.8455
vn -0.1241 -0.4586 0.8799
vn -0.1034 -0.4040 0.9089
vn -0.0854 -0.3483 0.9335
vn -0.1928 -0.3193 0.9278
vn -0.2725 -0.2951 0.9157
vn -0.3388 -0.2735 0.9002
vn -0.5838 -0.1045 0.8051
vn -0.5069 -0.1400 0.8505
vn -0.4836 -0.0765 0.8719
vn -0.5609 -0.0405 0.8268
vn -0.4416 -0.1653 0.8818
vn -0.4194 -0.1011 0.9022
vn -0.4613 -0.0020 0.8872
vn -0.5358 0.0298 0.8438
vn -0.3974 -0.0282 0.9172
vn -0.3811 -0.1879 0.9052
vn -0.3616 -0.1235 0.9241
vn -0.3408 -0.0525 0.9387
vn -0.3135 0.0372 0.9488
vn -0.3753 0.0678 0.9244
vn -0.4451 0.1008 0.8898
vn -0.5224 0.1351 0.8419
vn -0.3214 -0.2111 0.9231
vn -0.2576 -0.2359 0.9370
vn -0.2451 -0.1750 0.9536
vn -0.3056 -0.1479 0.9406
vn -0.1794 -0.2626 0.9481
vn -0.1690 -0.2036 0.9644
vn -0.2271 -0.1077 0.9679
vn -0.2863 -0.0787 0.9549
vn -0.1565 -0.1394 0.9778
vn -0.0711 -0.2901 0.9543
vn -0.0595 -0.2287 0.9717
vn -0.0484 -0.1631 0.9854
vn -0.0423 -0.1012 0.9940
vn -0.1124 -0.0613 0.9918
vn -0.1872 -0.0259 0.9820
vn -0.2533 0.0067 0.9673
vn -0.0152 -0.5788 0.8153
vn 0.1343 -0.6565 0.7423
vn 0.1835 -0.5719 0.7995
vn 0.0162 -0.5109 0.8594
vn 0.3092 -0.7243 0.6163
vn 0.3738 -0.6243 0.6859
vn 0.2107 -0.4899 0.8459
vn 0.0381 -0.4453 0.8946
vn 0.4116 -0.5257 0.7444
vn -0.0858 -0.6387 0.7646
vn 0.0383 -0.7310 0.6812
vn 0.1959 -0.8165 0.5431
vn 0.3779 -0.8635 0.3340
vn 0.5021 -0.7566 0.4189
vn 0.5829 -0.6447 0.4945
vn 0.6361 -0.5323 0.5585
vn 0.6740 -0.4153 0.6109
vn 0.4406 -0.4260 0.7902
vn 0.2328 -0.4090 0.8823
vn 0.0568 -0.3802 0.9231
vn 0.7016 -0.7042 0.1088
vn 0.8157 -0.4979 -0.2944
vn 0.8867 -0.3738 -0.2722
vn 0.7953 -0.5822 0.1687
vn 0.7619 -0.2025 -0.6152
vn 0.7800 -0.1016 -0.6175
vn 0.9304 -0.2586 -0.2597
vn 0.8610 -0.4605 0.2156
vn 0.7840 -0.0209 -0.6204
vn 0.5739 -0.8187 0.0188
vn 0.7083 -0.6031 -0.3667
vn 0.7014 -0.2884 -0.6517
vn 0.7908 0.0374 -0.6110
vn 0.9599 -0.1557 -0.2332
vn 0.9043 -0.3369 0.2620
vn 0.0748 -0.3131 0.9467
vn 0.2557 -0.3252 0.9104
vn 0.2758 -0.2322 0.9327
vn 0.0909 -0.2401 0.9665
vn 0.4670 -0.3209 0.8240
vn 0.4870 -0.2046 0.8491
vn 0.2788 -0.1216 0.9526
vn 0.1000 -0.1563 0.9826
vn 0.4856 -0.0687 0.8714
vn 0.7008 -0.2905 0.6515
vn 0.7140 -0.1544 0.6829
vn 0.7046 0.0010 0.7096
vn 0.6558 0.1790 0.7334
vn 0.4382 0.0855 0.8948
vn 0.2363 0.0045 0.9716
vn 0.0717 -0.0576 0.9958
vn 0.9270 -0.2089 0.3114
vn 0.9811 -0.0593 -0.1841
vn 0.9925 0.0428 -0.1143
vn 0.9291 -0.0717 0.3628
vn 0.8096 0.0850 -0.5808
vn 0.8385 0.1381 -0.5271
vn 0.9847 0.1692 -0.0413
vn 0.9084 0.0868 0.4089
vn 0.8636 0.2114 -0.4577
vn 0.8500 0.3198 -0.4185
vn 0.9431 0.3322 -0.0107
vn 0.8582 0.2752 0.4332
vn -0.1970 -0.6568 0.7279
vn -0.3050 -0.6447 0.7009
vn -0.2405 -0.7682 0.5932
vn -0.0988 -0.7696 0.6308
vn -0.3985 -0.6219 0.6741
vn -0.3679 -0.7431 0.5590
vn -0.1340 -0.8946 0.4263
vn 0.0382 -0.8771 0.4787
vn -0.3010 -0.8759 0.3769
vn -0.4817 -0.5940 0.6442
vn -0.4822 -0.7053 0.5197
vn -0.4581 -0.8289 0.3209
vn -0.3761 -0.9265 -0.0003
vn -0.1756 -0.9810 0.0825
vn 0.0234 -0.9861 0.1644
vn 0.2122 -0.9454 0.2473
vn -0.5609 -0.5609 0.6089
vn -0.6407 -0.5181 0.5666
vn -0.6922 -0.5911 0.4140
vn -0.5891 -0.6564 0.4712
vn -0.7208 -0.4587 0.5195
vn -0.7892 -0.4994 0.3574
vn -0.7320 -0.6554 0.1862
vn -0.6027 -0.7558 0.2559
vn -0.8420 -0.5248 0.1246
vn -0.8375 -0.5122 -0.1904
vn -0.7171 -0.6819 -0.1437
vn -0.5617 -0.8236 -0.0781
vn 0.4173 -0.9029 -0.1027
vn 0.2410 -0.9407 -0.2385
vn 0.4401 -0.6261 -0.6436
vn 0.5784 -0.6452 -0.4991
vn 0.0452 -0.9283 -0.3689
vn 0.2914 -0.5715 -0.7671
vn 0.5072 -0.2176 -0.8339
vn 0.6052 -0.2782 -0.7458
vn 0.4140 -0.1513 -0.8975
vn -0.1675 -0.8624 -0.4776
vn 0.1265 -0.4984 -0.8576
vn 0.3200 -0.0973 -0.9424
vn -0.3765 -0.7464 -0.5488
vn -0.5579 -0.5944 -0.5791
vn -0.2244 -0.3213 -0.9200
vn -0.0493 -0.4147 -0.9086
vn -0.6992 -0.4175 -0.5803
vn -0.3826 -0.2065 -0.9005
vn 0.0951 -0.0239 -0.9952
vn 0.2158 -0.0574 -0.9747
vn -0.0373 0.0205 -0.9991
vn 0.7733 0.4194 -0.4754
vn 0.6745 0.4831 -0.5582
vn 0.7502 0.6443 -0.1484
vn 0.8623 0.5030 -0.0580
vn 0.5764 0.5245 -0.6266
vn 0.6141 0.7512 -0.2419
vn 0.6482 0.6637 0.3731
vn 0.7717 0.4769 0.4206
vn 0.4873 0.8189 0.3032
vn 0.4816 0.5600 -0.6741
vn 0.4565 0.8301 -0.3201
vn 0.2919 0.9309 0.2194
vn 0.0679 0.7656 0.6398
vn 0.2537 0.6608 0.7064
vn 0.4202 0.5245 0.7405
vn 0.5582 0.3611 0.7470
vn 0.3817 0.5987 -0.7042
vn 0.2651 0.6395 -0.7216
vn 0.0925 0.9039 -0.4176
vn 0.2810 0.8822 -0.3777
vn 0.1274 0.6672 -0.7339
vn -0.1010 0.8849 -0.4546
vn -0.1380 0.9896 0.0395
vn 0.0770 0.9886 0.1296
vn -0.3396 0.9390 -0.0532
vn -0.4859 0.8233 0.2932
vn -0.3108 0.8512 0.4228
vn -0.1243 0.8309 0.5423
vn 0.3356 0.2342 0.9124
vn 0.1987 0.3552 0.9134
vn 0.0203 0.2022 0.9791
vn 0.1399 0.1185 0.9830
vn 0.0508 0.4506 0.8912
vn -0.0966 0.2647 0.9594
vn -0.1077 0.0760 0.9912
vn -0.0124 0.0223 0.9997
vn -0.1940 0.1185 0.9738
vn -0.0981 0.5300 0.8422
vn -0.2058 0.3207 0.9245
vn -0.2723 0.1582 0.9491
vn -0.2462 0.5958 0.7644
vn -0.3945 0.6403 0.6590
vn -0.4276 0.4281 0.7962
vn -0.3133 0.3768 0.8717
vn -0.5441 0.6467 0.5345
vn -0.5524 0.4555 0.6981
vn -0.4373 0.2441 0.8655
vn -0.3504 0.2004 0.9149
vn -0.5355 0.2795 0.7969
usemtl JJ.001
s 1
f 2248/2360/2076 2249/2361/2077 2252/2362/2078 2251/2363/2079
f 2249/2361/2077 2250/2364/2080 2253/2365/2081 2252/2362/2078
f 2251/2363/2079 2252/2362/2078 2255/2366/2082 2254/2367/2083
f 2252/2362/2078 2253/2365/2081 2256/2368/2084 2255/2366/2082
f 2078/2369/2085 2107/2370/2086 2248/2360/2076 2104/2371/2087
f 2107/2370/2086 2108/2372/2088 2249/2361/2077 2248/2360/2076
f 2108/2372/2088 2109/2373/2089 2250/2364/2080 2249/2361/2077
f 2109/2373/2089 2080/2374/2090 2182/2375/2091 2250/2364/2080
f 2250/2364/2080 2182/2375/2091 2183/2376/2092 2253/2365/2081
f 2253/2365/2081 2183/2376/2092 2184/2377/2093 2256/2368/2084
f 2256/2368/2084 2184/2377/2093 2081/2378/2094 2112/2379/2095
f 2255/2366/2082 2256/2368/2084 2112/2379/2095 2111/2380/2096
f 2254/2367/2083 2255/2366/2082 2111/2380/2096 2110/2381/2097
f 2106/2382/2098 2254/2367/2083 2110/2381/2097 2079/2383/2099
f 2105/2384/2100 2251/2363/2079 2254/2367/2083 2106/2382/2098
f 2104/2371/2087 2248/2360/2076 2251/2363/2079 2105/2384/2100
f 2257/2385/2101 2258/2386/2102 2261/2387/2103 2260/2388/2104
f 2258/2386/2102 2259/2389/2105 2262/2390/2106 2261/2387/2103
f 2260/2388/2104 2261/2387/2103 2264/2391/2107 2263/2392/2108
f 2261/2387/2103 2262/2390/2106 2265/2393/2109 2264/2391/2107
f 2079/2383/2099 2110/2381/2097 2257/2385/2101 2113/2394/2110
f 2110/2381/2097 2111/2380/2096 2258/2386/2102 2257/2385/2101
f 2111/2380/2096 2112/2379/2095 2259/2389/2105 2258/2386/2102
f 2112/2379/2095 2081/2378/2094 2200/2395/2111 2259/2389/2105
f 2259/2389/2105 2200/2395/2111 2201/2396/2112 2262/2390/2106
f 2262/2390/2106 2201/2396/2112 2202/2397/2113 2265/2393/2109
f 2265/2393/2109 2202/2397/2113 2084/2398/2114 2121/2399/2115
f 2264/2391/2107 2265/2393/2109 2121/2399/2115 2120/2400/2116
f 2263/2392/2108 2264/2391/2107 2120/2400/2116 2119/2401/2117
f 2115/2402/2118 2263/2392/2108 2119/2401/2117 2082/2403/2119
f 2114/2404/2120 2260/2388/2104 2263/2392/2108 2115/2402/2118
f 2113/2394/2110 2257/2385/2101 2260/2388/2104 2114/2404/2120
f 2266/2405/2121 2267/2406/2122 2270/2407/2123 2269/2408/2124
f 2267/2406/2122 2268/2409/2125 2271/2410/2126 2270/2407/2123
f 2269/2408/2124 2270/2407/2123 2273/2411/2127 2272/2412/2128
f 2270/2407/2123 2271/2410/2126 2274/2413/2129 2273/2411/2127
f 2080/2374/2090 2152/2414/2130 2266/2405/2121 2182/2375/2091
f 2152/2414/2130 2153/2415/2131 2267/2406/2122 2266/2405/2121
f 2153/2415/2131 2154/2416/2132 2268/2409/2125 2267/2406/2122
f 2154/2416/2132 2095/2417/2133 2230/2418/2134 2268/2409/2125
f 2268/2409/2125 2230/2418/2134 2231/2419/2135 2271/2410/2126
f 2271/2410/2126 2231/2419/2135 2232/2420/2136 2274/2413/2129
f 2274/2413/2129 2232/2420/2136 2096/2421/2137 2157/2422/2138
f 2273/2411/2127 2274/2413/2129 2157/2422/2138 2156/2423/2139
f 2272/2412/2128 2273/2411/2127 2156/2423/2139 2155/2424/2140
f 2184/2377/2093 2272/2412/2128 2155/2424/2140 2081/2378/2094
f 2183/2376/2092 2269/2408/2124 2272/2412/2128 2184/2377/2093
f 2182/2375/2091 2266/2405/2121 2269/2408/2124 2183/2376/2092
f 2275/2425/2141 2276/2426/2142 2279/2427/2143 2278/2428/2144
f 2276/2426/2142 2277/2429/2145 2280/2430/2146 2279/2427/2143
f 2278/2428/2144 2279/2427/2143 2282/2431/2147 2281/2432/2148
f 2279/2427/2143 2280/2430/2146 2283/2433/2149 2282/2431/2147
f 2081/2378/2094 2155/2424/2140 2275/2425/2141 2200/2395/2111
f 2155/2424/2140 2156/2423/2139 2276/2426/2142 2275/2425/2141
f 2156/2423/2139 2157/2422/2138 2277/2429/2145 2276/2426/2142
f 2157/2422/2138 2096/2421/2137 2242/2434/2150 2277/2429/2145
f 2277/2429/2145 2242/2434/2150 2243/2435/2151 2280/2430/2146
f 2280/2430/2146 2243/2435/2151 2244/2436/2152 2283/2433/2149
f 2283/2433/2149 2244/2436/2152 2097/2437/2153 2160/2438/2154
f 2282/2431/2147 2283/2433/2149 2160/2438/2154 2159/2439/2155
f 2281/2432/2148 2282/2431/2147 2159/2439/2155 2158/2440/2156
f 2202/2397/2113 2281/2432/2148 2158/2440/2156 2084/2398/2114
f 2201/2396/2112 2278/2428/2144 2281/2432/2148 2202/2397/2113
f 2200/2395/2111 2275/2425/2141 2278/2428/2144 2201/2396/2112
f 2284/2441/2157 2285/2442/2158 2288/2443/2159 2287/2444/2160
f 2285/2442/2158 2286/2445/2161 2289/2446/2162 2288/2443/2159
f 2287/2444/2160 2288/2443/2159 2291/2447/2163 2290/2448/2164
f 2288/2443/2159 2289/2446/2162 2292/2449/2165 2291/2447/2163
f 2082/2403/2119 2119/2401/2117 2284/2441/2157 2116/2450/2166
f 2119/2401/2117 2120/2400/2116 2285/2442/2158 2284/2441/2157
f 2120/2400/2116 2121/2399/2115 2286/2445/2161 2285/2442/2158
f 2121/2399/2115 2084/2398/2114 2218/2451/2167 2286/2445/2161
f 2286/2445/2161 2218/2451/2167 2219/2452/2168 2289/2446/2162
f 2289/2446/2162 2219/2452/2168 2220/2453/2169 2292/2449/2165
f 2292/2449/2165 2220/2453/2169 2085/2454/2170 2124/2455/2171
f 2291/2447/2163 2292/2449/2165 2124/2455/2171 2123/2456/2172
f 2290/2448/2164 2291/2447/2163 2123/2456/2172 2122/2457/2173
f 2118/2458/2174 2290/2448/2164 2122/2457/2173 2083/2459/2175
f 2117/2460/2176 2287/2444/2160 2290/2448/2164 2118/2458/2174
f 2116/2450/2166 2284/2441/2157 2287/2444/2160 2117/2460/2176
f 2293/2461/2177 2294/2462/2178 2297/2463/2179 2296/2464/2180
f 2294/2462/2178 2295/2465/2181 2298/2466/2182 2297/2463/2179
f 2296/2464/2180 2297/2463/2179 2300/2467/2183 2299/2468/2184
f 2297/2463/2179 2298/2466/2182 2301/2469/2185 2300/2467/2183
f 2083/2470/2175 2122/2471/2173 2293/2461/2177 2125/2472/2186
f 2122/2471/2173 2123/2473/2172 2294/2462/2178 2293/2461/2177
f 2123/2473/2172 2124/2474/2171 2295/2465/2181 2294/2462/2178
f 2124/2474/2171 2085/2475/2170 2236/2476/2187 2295/2465/2181
f 2295/2465/2181 2236/2476/2187 2237/2477/2188 2298/2466/2182
f 2298/2466/2182 2237/2477/2188 2238/2478/2189 2301/2469/2185
f 2301/2469/2185 2238/2478/2189 2088/2479/2190 2133/2480/2191
f 2300/2467/2183 2301/2469/2185 2133/2480/2191 2132/2481/2192
f 2299/2468/2184 2300/2467/2183 2132/2481/2192 2131/2482/2193
f 2127/2483/2194 2299/2468/2184 2131/2482/2193 2086/2484/2195
f 2126/2485/2196 2296/2464/2180 2299/2468/2184 2127/2483/2194
f 2125/2472/2186 2293/2461/2177 2296/2464/2180 2126/2485/2196
f 2302/2486/2197 2303/2487/2198 2306/2488/2199 2305/2489/2200
f 2303/2487/2198 2304/2490/2201 2307/2491/2202 2306/2488/2199
f 2305/2489/2200 2306/2488/2199 2309/2492/2203 2308/2493/2204
f 2306/2488/2199 2307/2491/2202 2310/2494/2205 2309/2492/2203
f 2084/2398/2114 2158/2440/2156 2302/2486/2197 2218/2451/2167
f 2158/2440/2156 2159/2439/2155 2303/2487/2198 2302/2486/2197
f 2159/2439/2155 2160/2438/2154 2304/2490/2201 2303/2487/2198
f 2160/2438/2154 2097/2437/2153 2188/2495/2206 2304/2490/2201
f 2304/2490/2201 2188/2495/2206 2189/2496/2207 2307/2491/2202
f 2307/2491/2202 2189/2496/2207 2190/2497/2208 2310/2494/2205
f 2310/2494/2205 2190/2497/2208 2100/2498/2209 2169/2499/2210
f 2309/2492/2203 2310/2494/2205 2169/2499/2210 2168/2500/2211
f 2308/2493/2204 2309/2492/2203 2168/2500/2211 2167/2501/2212
f 2220/2453/2169 2308/2493/2204 2167/2501/2212 2085/2454/2170
f 2219/2452/2168 2305/2489/2200 2308/2493/2204 2220/2453/2169
f 2218/2451/2167 2302/2486/2197 2305/2489/2200 2219/2452/2168
f 2311/2502/2213 2312/2503/2214 2315/2504/2215 2314/2505/2216
f 2312/2503/2214 2313/2506/2217 2316/2507/2218 2315/2504/2215
f 2314/2505/2216 2315/2504/2215 2318/2508/2219 2317/2509/2220
f 2315/2504/2215 2316/2507/2218 2319/2510/2221 2318/2508/2219
f 2085/2475/2170 2167/2511/2212 2311/2502/2213 2236/2476/2187
f 2167/2511/2212 2168/2512/2211 2312/2503/2214 2311/2502/2213
f 2168/2512/2211 2169/2513/2210 2313/2506/2217 2312/2503/2214
f 2169/2513/2210 2100/2514/2209 2194/2515/2222 2313/2506/2217
f 2313/2506/2217 2194/2515/2222 2195/2516/2223 2316/2507/2218
f 2316/2507/2218 2195/2516/2223 2196/2517/2224 2319/2510/2221
f 2319/2510/2221 2196/2517/2224 2103/2518/2225 2178/2519/2226
f 2318/2508/2219 2319/2510/2221 2178/2519/2226 2177/2520/2227
f 2317/2509/2220 2318/2508/2219 2177/2520/2227 2176/2521/2228
f 2238/2478/2189 2317/2509/2220 2176/2521/2228 2088/2479/2190
f 2237/2477/2188 2314/2505/2216 2317/2509/2220 2238/2478/2189
f 2236/2476/2187 2311/2502/2213 2314/2505/2216 2237/2477/2188
f 2320/2522/2229 2321/2523/2230 2324/2524/2231 2323/2525/2232
f 2321/2523/2230 2322/2526/2233 2325/2527/2234 2324/2524/2231
f 2323/2525/2232 2324/2524/2231 2327/2528/2235 2326/2529/2236
f 2324/2524/2231 2325/2527/2234 2328/2530/2237 2327/2528/2235
f 2086/2484/2195 2131/2482/2193 2320/2522/2229 2128/2531/2238
f 2131/2482/2193 2132/2481/2192 2321/2523/2230 2320/2522/2229
f 2132/2481/2192 2133/2480/2191 2322/2526/2233 2321/2523/2230
f 2133/2480/2191 2088/2479/2190 2191/2532/2239 2322/2526/2233
f 2322/2526/2233 2191/2532/2239 2192/2533/2240 2325/2527/2234
f 2325/2527/2234 2192/2533/2240 2193/2534/2241 2328/2530/2237
f 2328/2530/2237 2193/2534/2241 2089/2535/2242 2136/2536/2243
f 2327/2528/2235 2328/2530/2237 2136/2536/2243 2135/2537/2244
f 2326/2529/2236 2327/2528/2235 2135/2537/2244 2134/2538/2245
f 2130/2539/2246 2326/2529/2236 2134/2538/2245 2087/2540/2247
f 2129/2541/2248 2323/2525/2232 2326/2529/2236 2130/2539/2246
f 2128/2531/2238 2320/2522/2229 2323/2525/2232 2129/2541/2248
f 2329/2542/2249 2330/2543/2250 2333/2544/2251 2332/2545/2252
f 2330/2543/2250 2331/2546/2253 2334/2547/2254 2333/2544/2251
f 2332/2545/2252 2333/2544/2251 2336/2548/2255 2335/2549/2256
f 2333/2544/2251 2334/2547/2254 2337/2550/2257 2336/2548/2255
f 2087/2540/2247 2134/2538/2245 2329/2542/2249 2137/2551/2258
f 2134/2538/2245 2135/2537/2244 2330/2543/2250 2329/2542/2249
f 2135/2537/2244 2136/2536/2243 2331/2546/2253 2330/2543/2250
f 2136/2536/2243 2089/2535/2242 2179/2552/2259 2331/2546/2253
f 2331/2546/2253 2179/2552/2259 2180/2553/2260 2334/2547/2254
f 2334/2547/2254 2180/2553/2260 2181/2554/2261 2337/2550/2257
f 2337/2550/2257 2181/2554/2261 2092/2555/2262 2145/2556/2263
f 2336/2548/2255 2337/2550/2257 2145/2556/2263 2144/2557/2264
f 2335/2549/2256 2336/2548/2255 2144/2557/2264 2143/2558/2265
f 2139/2559/2266 2335/2549/2256 2143/2558/2265 2090/2560/2267
f 2138/2561/2268 2332/2545/2252 2335/2549/2256 2139/2559/2266
f 2137/2551/2258 2329/2542/2249 2332/2545/2252 2138/2561/2268
f 2338/2562/2269 2339/2563/2270 2342/2564/2271 2341/2565/2272
f 2339/2563/2270 2340/2566/2273 2343/2567/2274 2342/2564/2271
f 2341/2565/2272 2342/2564/2271 2345/2568/2275 2344/2569/2276
f 2342/2564/2271 2343/2567/2274 2346/2570/2277 2345/2568/2275
f 2088/2479/2190 2176/2521/2228 2338/2562/2269 2191/2532/2239
f 2176/2521/2228 2177/2520/2227 2339/2563/2270 2338/2562/2269
f 2177/2520/2227 2178/2519/2226 2340/2566/2273 2339/2563/2270
f 2178/2519/2226 2103/2518/2225 2214/2571/2278 2340/2566/2273
f 2340/2566/2273 2214/2571/2278 2213/2572/2279 2343/2567/2274
f 2343/2567/2274 2213/2572/2279 2212/2573/2280 2346/2570/2277
f 2346/2570/2277 2212/2573/2280 2102/2574/2281 2175/2575/2282
f 2345/2568/2275 2346/2570/2277 2175/2575/2282 2174/2576/2283
f 2344/2569/2276 2345/2568/2275 2174/2576/2283 2173/2577/2284
f 2193/2534/2241 2344/2569/2276 2173/2577/2284 2089/2535/2242
f 2192/2533/2240 2341/2565/2272 2344/2569/2276 2193/2534/2241
f 2191/2532/2239 2338/2562/2269 2341/2565/2272 2192/2533/2240
f 2347/2578/2285 2348/2579/2286 2351/2580/2287 2350/2581/2288
f 2348/2579/2286 2349/2582/2289 2352/2583/2290 2351/2580/2287
f 2350/2581/2288 2351/2580/2287 2354/2584/2291 2353/2585/2292
f 2351/2580/2287 2352/2583/2290 2355/2586/2293 2354/2584/2291
f 2089/2535/2242 2173/2577/2284 2347/2578/2285 2179/2552/2259
f 2173/2577/2284 2174/2576/2283 2348/2579/2286 2347/2578/2285
f 2174/2576/2283 2175/2575/2282 2349/2582/2289 2348/2579/2286
f 2175/2575/2282 2102/2574/2281 2199/2587/2294 2349/2582/2289
f 2349/2582/2289 2199/2587/2294 2198/2588/2295 2352/2583/2290
f 2352/2583/2290 2198/2588/2295 2197/2589/2296 2355/2586/2293
f 2355/2586/2293 2197/2589/2296 2101/2590/2297 2172/2591/2298
f 2354/2584/2291 2355/2586/2293 2172/2591/2298 2171/2592/2299
f 2353/2585/2292 2354/2584/2291 2171/2592/2299 2170/2593/2300
f 2181/2554/2261 2353/2585/2292 2170/2593/2300 2092/2555/2262
f 2180/2553/2260 2350/2581/2288 2353/2585/2292 2181/2554/2261
f 2179/2552/2259 2347/2578/2285 2350/2581/2288 2180/2553/2260
f 2356/2594/2301 2357/2595/2302 2360/2596/2303 2359/2597/2304
f 2357/2595/2302 2358/2598/2305 2361/2599/2306 2360/2596/2303
f 2359/2597/2304 2360/2596/2303 2363/2600/2307 2362/2601/2308
f 2360/2596/2303 2361/2599/2306 2364/2602/2309 2363/2600/2307
f 2090/2560/2267 2143/2558/2265 2356/2594/2301 2140/2603/2310
f 2143/2558/2265 2144/2557/2264 2357/2595/2302 2356/2594/2301
f 2144/2557/2264 2145/2556/2263 2358/2598/2305 2357/2595/2302
f 2145/2556/2263 2092/2555/2262 2209/2604/2311 2358/2598/2305
f 2358/2598/2305 2209/2604/2311 2210/2605/2312 2361/2599/2306
f 2361/2599/2306 2210/2605/2312 2211/2606/2313 2364/2602/2309
f 2364/2602/2309 2211/2606/2313 2093/2607/2314 2148/2608/2315
f 2363/2600/2307 2364/2602/2309 2148/2608/2315 2147/2609/2316
f 2362/2601/2308 2363/2600/2307 2147/2609/2316 2146/2610/2317
f 2142/2611/2318 2362/2601/2308 2146/2610/2317 2091/2612/2319
f 2141/2613/2320 2359/2597/2304 2362/2601/2308 2142/2611/2318
f 2140/2603/2310 2356/2594/2301 2359/2597/2304 2141/2613/2320
f 2365/2614/2321 2366/2615/2322 2369/2616/2323 2368/2617/2324
f 2366/2615/2322 2367/2618/2325 2370/2619/2326 2369/2616/2323
f 2368/2617/2324 2369/2616/2323 2372/2620/2327 2371/2621/2328
f 2369/2616/2323 2370/2619/2326 2373/2622/2329 2372/2620/2327
f 2091/2623/2319 2146/2624/2317 2365/2614/2321 2217/2625/2330
f 2146/2624/2317 2147/2626/2316 2366/2615/2322 2365/2614/2321
f 2147/2626/2316 2148/2627/2315 2367/2618/2325 2366/2615/2322
f 2148/2627/2315 2093/2628/2314 2226/2629/2331 2367/2618/2325
f 2367/2618/2325 2226/2629/2331 2225/2630/2332 2370/2619/2326
f 2370/2619/2326 2225/2630/2332 2224/2631/2333 2373/2622/2329
f 2373/2622/2329 2224/2631/2333 2080/2374/2090 2109/2373/2089
f 2372/2620/2327 2373/2622/2329 2109/2373/2089 2108/2372/2088
f 2371/2621/2328 2372/2620/2327 2108/2372/2088 2107/2370/2086
f 2215/2632/2334 2371/2621/2328 2107/2370/2086 2078/2369/2085
f 2216/2633/2335 2368/2617/2324 2371/2621/2328 2215/2632/2334
f 2217/2625/2330 2365/2614/2321 2368/2617/2324 2216/2633/2335
f 2374/2634/2336 2375/2635/2337 2378/2636/2338 2377/2637/2339
f 2375/2635/2337 2376/2638/2340 2379/2639/2341 2378/2636/2338
f 2377/2637/2339 2378/2636/2338 2381/2640/2342 2380/2641/2343
f 2378/2636/2338 2379/2639/2341 2382/2642/2344 2381/2640/2342
f 2092/2555/2262 2170/2593/2300 2374/2634/2336 2209/2604/2311
f 2170/2593/2300 2171/2592/2299 2375/2635/2337 2374/2634/2336
f 2171/2592/2299 2172/2591/2298 2376/2638/2340 2375/2635/2337
f 2172/2591/2298 2101/2590/2297 2235/2643/2345 2376/2638/2340
f 2376/2638/2340 2235/2643/2345 2234/2644/2346 2379/2639/2341
f 2379/2639/2341 2234/2644/2346 2233/2645/2347 2382/2642/2344
f 2382/2642/2344 2233/2645/2347 2098/2646/2348 2163/2647/2349
f 2381/2640/2342 2382/2642/2344 2163/2647/2349 2162/2648/2350
f 2380/2641/2343 2381/2640/2342 2162/2648/2350 2161/2649/2351
f 2211/2606/2313 2380/2641/2343 2161/2649/2351 2093/2607/2314
f 2210/2605/2312 2377/2637/2339 2380/2641/2343 2211/2606/2313
f 2209/2604/2311 2374/2634/2336 2377/2637/2339 2210/2605/2312
f 2383/2650/2352 2384/2651/2353 2387/2652/2354 2386/2653/2355
f 2384/2651/2353 2385/2654/2356 2388/2655/2357 2387/2652/2354
f 2386/2653/2355 2387/2652/2354 2390/2656/2358 2389/2657/2359
f 2387/2652/2354 2388/2655/2357 2391/2658/2360 2390/2656/2358
f 2093/2628/2314 2161/2659/2351 2383/2650/2352 2226/2629/2331
f 2161/2659/2351 2162/2660/2350 2384/2651/2353 2383/2650/2352
f 2162/2660/2350 2163/2661/2349 2385/2654/2356 2384/2651/2353
f 2163/2661/2349 2098/2662/2348 2241/2663/2361 2385/2654/2356
f 2385/2654/2356 2241/2663/2361 2240/2664/2362 2388/2655/2357
f 2388/2655/2357 2240/2664/2362 2239/2665/2363 2391/2658/2360
f 2391/2658/2360 2239/2665/2363 2095/2417/2133 2154/2416/2132
f 2390/2656/2358 2391/2658/2360 2154/2416/2132 2153/2415/2131
f 2389/2657/2359 2390/2656/2358 2153/2415/2131 2152/2414/2130
f 2224/2631/2333 2389/2657/2359 2152/2414/2130 2080/2374/2090
f 2225/2630/2332 2386/2653/2355 2389/2657/2359 2224/2631/2333
f 2226/2629/2331 2383/2650/2352 2386/2653/2355 2225/2630/2332
f 2392/2666/2364 2393/2667/2365 2396/2668/2366 2395/2669/2367
f 2393/2667/2365 2394/2670/2368 2397/2671/2369 2396/2668/2366
f 2395/2669/2367 2396/2668/2366 2399/2672/2370 2398/2673/2371
f 2396/2668/2366 2397/2671/2369 2400/2674/2372 2399/2672/2370
f 2090/2560/2267 2140/2603/2310 2392/2666/2364 2139/2559/2266
f 2140/2603/2310 2141/2613/2320 2393/2667/2365 2392/2666/2364
f 2141/2613/2320 2142/2611/2318 2394/2670/2368 2393/2667/2365
f 2142/2611/2318 2091/2612/2319 2206/2675/2373 2394/2670/2368
f 2394/2670/2368 2206/2675/2373 2207/2676/2374 2397/2671/2369
f 2397/2671/2369 2207/2676/2374 2208/2677/2375 2400/2674/2372
f 2400/2674/2372 2208/2677/2375 2094/2678/2376 2151/2679/2377
f 2399/2672/2370 2400/2674/2372 2151/2679/2377 2150/2680/2378
f 2398/2673/2371 2399/2672/2370 2150/2680/2378 2149/2681/2379
f 2137/2551/2258 2398/2673/2371 2149/2681/2379 2087/2540/2247
f 2138/2561/2268 2395/2669/2367 2398/2673/2371 2137/2551/2258
f 2139/2559/2266 2392/2666/2364 2395/2669/2367 2138/2561/2268
f 2401/2682/2380 2402/2683/2381 2405/2684/2382 2404/2685/2383
f 2402/2683/2381 2403/2686/2384 2406/2687/2385 2405/2684/2382
f 2404/2685/2383 2405/2684/2382 2408/2688/2386 2407/2689/2387
f 2405/2684/2382 2406/2687/2385 2409/2690/2388 2408/2688/2386
f 2087/2540/2247 2149/2681/2379 2401/2682/2380 2130/2539/2246
f 2149/2681/2379 2150/2680/2378 2402/2683/2381 2401/2682/2380
f 2150/2680/2378 2151/2679/2377 2403/2686/2384 2402/2683/2381
f 2151/2679/2377 2094/2678/2376 2247/2691/2389 2403/2686/2384
f 2403/2686/2384 2247/2691/2389 2246/2692/2390 2406/2687/2385
f 2406/2687/2385 2246/2692/2390 2245/2693/2391 2409/2690/2388
f 2409/2690/2388 2245/2693/2391 2083/2470/2175 2125/2472/2186
f 2408/2688/2386 2409/2690/2388 2125/2472/2186 2126/2485/2196
f 2407/2689/2387 2408/2688/2386 2126/2485/2196 2127/2483/2194
f 2128/2531/2238 2407/2689/2387 2127/2483/2194 2086/2484/2195
f 2129/2541/2248 2404/2685/2383 2407/2689/2387 2128/2531/2238
f 2130/2539/2246 2401/2682/2380 2404/2685/2383 2129/2541/2248
f 2410/2694/2392 2411/2695/2393 2414/2696/2394 2413/2697/2395
f 2411/2695/2393 2412/2698/2396 2415/2699/2397 2414/2696/2394
f 2413/2697/2395 2414/2696/2394 2417/2700/2398 2416/2701/2399
f 2414/2696/2394 2415/2699/2397 2418/2702/2400 2417/2700/2398
f 2091/2623/2319 2217/2625/2330 2410/2694/2392 2206/2703/2373
f 2217/2625/2330 2216/2633/2335 2411/2695/2393 2410/2694/2392
f 2216/2633/2335 2215/2632/2334 2412/2698/2396 2411/2695/2393
f 2215/2632/2334 2078/2369/2085 2104/2371/2087 2412/2698/2396
f 2412/2698/2396 2104/2371/2087 2105/2384/2100 2415/2699/2397
f 2415/2699/2397 2105/2384/2100 2106/2382/2098 2418/2702/2400
f 2418/2702/2400 2106/2382/2098 2079/2383/2099 2221/2704/2401
f 2417/2700/2398 2418/2702/2400 2221/2704/2401 2222/2705/2402
f 2416/2701/2399 2417/2700/2398 2222/2705/2402 2223/2706/2403
f 2208/2707/2375 2416/2701/2399 2223/2706/2403 2094/2708/2376
f 2207/2709/2374 2413/2697/2395 2416/2701/2399 2208/2707/2375
f 2206/2703/2373 2410/2694/2392 2413/2697/2395 2207/2709/2374
f 2419/2710/2404 2420/2711/2405 2423/2712/2406 2422/2713/2407
f 2420/2711/2405 2421/2714/2408 2424/2715/2409 2423/2712/2406
f 2422/2713/2407 2423/2712/2406 2426/2716/2410 2425/2717/2411
f 2423/2712/2406 2424/2715/2409 2427/2718/2412 2426/2716/2410
f 2094/2708/2376 2223/2706/2403 2419/2710/2404 2247/2719/2389
f 2223/2706/2403 2222/2705/2402 2420/2711/2405 2419/2710/2404
f 2222/2705/2402 2221/2704/2401 2421/2714/2408 2420/2711/2405
f 2221/2704/2401 2079/2383/2099 2113/2394/2110 2421/2714/2408
f 2421/2714/2408 2113/2394/2110 2114/2404/2120 2424/2715/2409
f 2424/2715/2409 2114/2404/2120 2115/2402/2118 2427/2718/2412
f 2427/2718/2412 2115/2402/2118 2082/2403/2119 2116/2450/2166
f 2426/2716/2410 2427/2718/2412 2116/2450/2166 2117/2460/2176
f 2425/2717/2411 2426/2716/2410 2117/2460/2176 2118/2458/2174
f 2245/2720/2391 2425/2717/2411 2118/2458/2174 2083/2459/2175
f 2246/2721/2390 2422/2713/2407 2425/2717/2411 2245/2720/2391
f 2247/2719/2389 2419/2710/2404 2422/2713/2407 2246/2721/2390
f 2428/2722/2413 2429/2723/2414 2432/2724/2415 2431/2725/2416
f 2429/2723/2414 2430/2726/2417 2433/2727/2418 2432/2724/2415
f 2431/2725/2416 2432/2724/2415 2435/2728/2419 2434/2729/2420
f 2432/2724/2415 2433/2727/2418 2436/2730/2421 2435/2728/2419
f 2095/2417/2133 2239/2665/2363 2428/2722/2413 2230/2418/2134
f 2239/2665/2363 2240/2664/2362 2429/2723/2414 2428/2722/2413
f 2240/2664/2362 2241/2663/2361 2430/2726/2417 2429/2723/2414
f 2241/2663/2361 2098/2662/2348 2203/2731/2422 2430/2726/2417
f 2430/2726/2417 2203/2731/2422 2204/2732/2423 2433/2727/2418
f 2433/2727/2418 2204/2732/2423 2205/2733/2424 2436/2730/2421
f 2436/2730/2421 2205/2733/2424 2099/2734/2425 2166/2735/2426
f 2435/2728/2419 2436/2730/2421 2166/2735/2426 2165/2736/2427
f 2434/2729/2420 2435/2728/2419 2165/2736/2427 2164/2737/2428
f 2232/2420/2136 2434/2729/2420 2164/2737/2428 2096/2421/2137
f 2231/2419/2135 2431/2725/2416 2434/2729/2420 2232/2420/2136
f 2230/2418/2134 2428/2722/2413 2431/2725/2416 2231/2419/2135
f 2437/2738/2429 2438/2739/2430 2441/2740/2431 2440/2741/2432
f 2438/2739/2430 2439/2742/2433 2442/2743/2434 2441/2740/2431
f 2440/2741/2432 2441/2740/2431 2444/2744/2435 2443/2745/2436
f 2441/2740/2431 2442/2743/2434 2445/2746/2437 2444/2744/2435
f 2096/2421/2137 2164/2737/2428 2437/2738/2429 2242/2434/2150
f 2164/2737/2428 2165/2736/2427 2438/2739/2430 2437/2738/2429
f 2165/2736/2427 2166/2735/2426 2439/2742/2433 2438/2739/2430
f 2166/2735/2426 2099/2734/2425 2227/2747/2438 2439/2742/2433
f 2439/2742/2433 2227/2747/2438 2228/2748/2439 2442/2743/2434
f 2442/2743/2434 2228/2748/2439 2229/2749/2440 2445/2746/2437
f 2445/2746/2437 2229/2749/2440 2100/2498/2209 2190/2497/2208
f 2444/2744/2435 2445/2746/2437 2190/2497/2208 2189/2496/2207
f 2443/2745/2436 2444/2744/2435 2189/2496/2207 2188/2495/2206
f 2244/2436/2152 2443/2745/2436 2188/2495/2206 2097/2437/2153
f 2243/2435/2151 2440/2741/2432 2443/2745/2436 2244/2436/2152
f 2242/2434/2150 2437/2738/2429 2440/2741/2432 2243/2435/2151
f 2446/2750/2441 2447/2751/2442 2450/2752/2443 2449/2753/2444
f 2447/2751/2442 2448/2754/2445 2451/2755/2446 2450/2752/2443
f 2449/2753/2444 2450/2752/2443 2453/2756/2447 2452/2757/2448
f 2450/2752/2443 2451/2755/2446 2454/2758/2449 2453/2756/2447
f 2098/2646/2348 2233/2645/2347 2446/2750/2441 2203/2759/2422
f 2233/2645/2347 2234/2644/2346 2447/2751/2442 2446/2750/2441
f 2234/2644/2346 2235/2643/2345 2448/2754/2445 2447/2751/2442
f 2235/2643/2345 2101/2590/2297 2197/2589/2296 2448/2754/2445
f 2448/2754/2445 2197/2589/2296 2198/2588/2295 2451/2755/2446
f 2451/2755/2446 2198/2588/2295 2199/2587/2294 2454/2758/2449
f 2454/2758/2449 2199/2587/2294 2102/2574/2281 2187/2760/2450
f 2453/2756/2447 2454/2758/2449 2187/2760/2450 2186/2761/2451
f 2452/2757/2448 2453/2756/2447 2186/2761/2451 2185/2762/2452
f 2205/2763/2424 2452/2757/2448 2185/2762/2452 2099/2764/2425
f 2204/2765/2423 2449/2753/2444 2452/2757/2448 2205/2763/2424
f 2203/2759/2422 2446/2750/2441 2449/2753/2444 2204/2765/2423
f 2455/2766/2453 2456/2767/2454 2459/2768/2455 2458/2769/2456
f 2456/2767/2454 2457/2770/2457 2460/2771/2458 2459/2768/2455
f 2458/2769/2456 2459/2768/2455 2462/2772/2459 2461/2773/2460
f 2459/2768/2455 2460/2771/2458 2463/2774/2461 2462/2772/2459
f 2099/2764/2425 2185/2762/2452 2455/2766/2453 2227/2775/2438
f 2185/2762/2452 2186/2761/2451 2456/2767/2454 2455/2766/2453
f 2186/2761/2451 2187/2760/2450 2457/2770/2457 2456/2767/2454
f 2187/2760/2450 2102/2574/2281 2212/2573/2280 2457/2770/2457
f 2457/2770/2457 2212/2573/2280 2213/2572/2279 2460/2771/2458
f 2460/2771/2458 2213/2572/2279 2214/2571/2278 2463/2774/2461
f 2463/2774/2461 2214/2571/2278 2103/2518/2225 2196/2517/2224
f 2462/2772/2459 2463/2774/2461 2196/2517/2224 2195/2516/2223
f 2461/2773/2460 2462/2772/2459 2195/2516/2223 2194/2515/2222
f 2229/2776/2440 2461/2773/2460 2194/2515/2222 2100/2514/2209
f 2228/2777/2439 2458/2769/2456 2461/2773/2460 2229/2776/2440
f 2227/2775/2438 2455/2766/2453 2458/2769/2456 2228/2777/2439
f 2481/2778/2462 2527/2779/2463 2544/2780/2464 2521/2781/2465
f 2527/2779/2463 2480/2782/2466 2508/2783/2467 2544/2780/2464
f 2544/2780/2464 2508/2783/2467 2475/2784/2468 2506/2785/2469
f 2521/2781/2465 2544/2780/2464 2506/2785/2469 2474/2786/2470
f 2488/2787/2471 2543/2788/2472 2545/2789/2473 2536/2790/2474
f 2543/2788/2472 2489/2791/2475 2497/2792/2476 2545/2789/2473
f 2545/2789/2473 2497/2792/2476 2471/2793/2477 2498/2794/2478
f 2536/2790/2474 2545/2789/2473 2498/2794/2478 2470/2795/2479
f 2485/2796/2480 2535/2797/2481 2546/2798/2482 2529/2799/2483
f 2535/2797/2481 2484/2800/2484 2516/2801/2485 2546/2798/2482
f 2546/2798/2482 2516/2801/2485 2479/2802/2486 2514/2803/2487
f 2529/2799/2483 2546/2798/2482 2514/2803/2487 2476/2804/2488
f 2490/2805/2489 2542/2806/2490 2547/2807/2491 2538/2808/2492
f 2542/2806/2490 2491/2809/2493 2503/2810/2494 2547/2807/2491
f 2547/2807/2491 2503/2810/2494 2465/2811/2495 2493/2812/2496
f 2538/2808/2492 2547/2807/2491 2493/2812/2496 2464/2813/2497
f 2488/2814/2471 2536/2815/2474 2548/2816/2498 2541/2817/2499
f 2536/2815/2474 2470/2818/2479 2499/2819/2500 2548/2816/2498
f 2548/2816/2498 2499/2819/2500 2468/2820/2501 2502/2821/2502
f 2541/2817/2499 2548/2816/2498 2502/2821/2502 2490/2805/2489
f 2489/2822/2475 2537/2823/2503 2549/2824/2504 2540/2825/2505
f 2537/2823/2503 2467/2826/2506 2494/2827/2507 2549/2824/2504
f 2549/2824/2504 2494/2827/2507 2465/2811/2495 2503/2810/2494
f 2540/2825/2505 2549/2824/2504 2503/2810/2494 2491/2809/2493
f 2473/2828/2508 2505/2829/2509 2550/2830/2510 2504/2831/2511
f 2505/2829/2509 2474/2832/2470 2506/2833/2469 2550/2830/2510
f 2550/2830/2510 2506/2833/2469 2475/2834/2468 2507/2835/2512
f 2504/2831/2511 2550/2830/2510 2507/2835/2512 2472/2836/2513
f 2483/2837/2514 2526/2838/2515 2551/2839/2516 2523/2840/2517
f 2526/2838/2515 2482/2841/2518 2510/2842/2519 2551/2839/2516
f 2551/2839/2516 2510/2842/2519 2473/2843/2508 2504/2844/2511
f 2523/2840/2517 2551/2839/2516 2504/2844/2511 2472/2845/2513
f 2480/2846/2466 2525/2847/2520 2552/2848/2521 2508/2849/2467
f 2525/2847/2520 2483/2850/2514 2523/2851/2517 2552/2848/2521
f 2552/2848/2521 2523/2851/2517 2472/2836/2513 2507/2835/2512
f 2508/2849/2467 2552/2848/2521 2507/2835/2512 2475/2834/2468
f 2482/2841/2518 2524/2852/2522 2553/2853/2523 2510/2842/2519
f 2524/2852/2522 2481/2778/2462 2521/2781/2465 2553/2853/2523
f 2553/2853/2523 2521/2781/2465 2474/2786/2470 2505/2854/2509
f 2510/2842/2519 2553/2853/2523 2505/2854/2509 2473/2843/2508
f 2477/2855/2524 2512/2856/2525 2554/2857/2526 2513/2858/2527
f 2512/2856/2525 2476/2859/2488 2514/2860/2487 2554/2857/2526
f 2554/2857/2526 2514/2860/2487 2479/2861/2486 2515/2862/2528
f 2513/2858/2527 2554/2857/2526 2515/2862/2528 2478/2863/2529
f 2486/2864/2530 2534/2865/2531 2555/2866/2532 2530/2867/2533
f 2534/2865/2531 2485/2868/2480 2529/2869/2483 2555/2866/2532
f 2555/2866/2532 2529/2869/2483 2476/2859/2488 2512/2856/2525
f 2530/2867/2533 2555/2866/2532 2512/2856/2525 2477/2855/2524
f 2484/2800/2484 2533/2870/2534 2556/2871/2535 2516/2801/2485
f 2533/2870/2534 2487/2872/2536 2519/2873/2537 2556/2871/2535
f 2556/2871/2535 2519/2873/2537 2478/2874/2529 2515/2875/2528
f 2516/2801/2485 2556/2871/2535 2515/2875/2528 2479/2802/2486
f 2487/2872/2536 2532/2876/2538 2557/2877/2539 2519/2873/2537
f 2532/2876/2538 2486/2878/2530 2530/2879/2533 2557/2877/2539
f 2557/2877/2539 2530/2879/2533 2477/2880/2524 2513/2881/2527
f 2519/2873/2537 2557/2877/2539 2513/2881/2527 2478/2874/2529
f 2464/2813/2497 2493/2812/2496 2558/2882/2540 2522/2883/2541
f 2493/2812/2496 2465/2811/2495 2509/2884/2542 2558/2882/2540
f 2558/2882/2540 2509/2884/2542 2481/2778/2462 2524/2852/2522
f 2522/2883/2541 2558/2882/2540 2524/2852/2522 2482/2841/2518
f 2467/2885/2506 2495/2886/2543 2559/2887/2544 2520/2888/2545
f 2495/2886/2543 2466/2889/2546 2511/2890/2547 2559/2887/2544
f 2559/2887/2544 2511/2890/2547 2483/2850/2514 2525/2847/2520
f 2520/2888/2545 2559/2887/2544 2525/2847/2520 2480/2846/2466
f 2466/2891/2546 2492/2892/2548 2560/2893/2549 2511/2894/2547
f 2492/2892/2548 2464/2813/2497 2522/2883/2541 2560/2893/2549
f 2560/2893/2549 2522/2883/2541 2482/2841/2518 2526/2838/2515
f 2511/2894/2547 2560/2893/2549 2526/2838/2515 2483/2837/2514
f 2465/2811/2495 2494/2827/2507 2561/2895/2550 2509/2884/2542
f 2494/2827/2507 2467/2826/2506 2520/2896/2545 2561/2895/2550
f 2561/2895/2550 2520/2896/2545 2480/2782/2466 2527/2779/2463
f 2509/2884/2542 2561/2895/2550 2527/2779/2463 2481/2778/2462
f 2468/2820/2501 2499/2819/2500 2562/2897/2551 2531/2898/2552
f 2499/2819/2500 2470/2818/2479 2518/2899/2553 2562/2897/2551
f 2562/2897/2551 2518/2899/2553 2486/2878/2530 2532/2876/2538
f 2531/2898/2552 2562/2897/2551 2532/2876/2538 2487/2872/2536
f 2469/2900/2554 2501/2901/2555 2563/2902/2556 2528/2903/2557
f 2501/2901/2555 2468/2820/2501 2531/2898/2552 2563/2902/2556
f 2563/2902/2556 2531/2898/2552 2487/2872/2536 2533/2870/2534
f 2528/2903/2557 2563/2902/2556 2533/2870/2534 2484/2800/2484
f 2470/2795/2479 2498/2794/2478 2564/2904/2558 2518/2905/2553
f 2498/2794/2478 2471/2793/2477 2517/2906/2559 2564/2904/2558
f 2564/2904/2558 2517/2906/2559 2485/2868/2480 2534/2865/2531
f 2518/2905/2553 2564/2904/2558 2534/2865/2531 2486/2864/2530
f 2471/2907/2477 2500/2908/2560 2565/2909/2561 2517/2910/2559
f 2500/2908/2560 2469/2900/2554 2528/2903/2557 2565/2909/2561
f 2565/2909/2561 2528/2903/2557 2484/2800/2484 2535/2797/2481
f 2517/2910/2559 2565/2909/2561 2535/2797/2481 2485/2796/2480
f 2471/2907/2477 2497/2911/2476 2566/2912/2562 2500/2908/2560
f 2497/2911/2476 2489/2822/2475 2540/2825/2505 2566/2912/2562
f 2566/2912/2562 2540/2825/2505 2491/2809/2493 2539/2913/2563
f 2500/2908/2560 2566/2912/2562 2539/2913/2563 2469/2900/2554
f 2466/2891/2546 2496/2914/2564 2567/2915/2565 2492/2892/2548
f 2496/2914/2564 2488/2814/2471 2541/2817/2499 2567/2915/2565
f 2567/2915/2565 2541/2817/2499 2490/2805/2489 2538/2808/2492
f 2492/2892/2548 2567/2915/2565 2538/2808/2492 2464/2813/2497
f 2468/2820/2501 2501/2901/2555 2568/2916/2566 2502/2821/2502
f 2501/2901/2555 2469/2900/2554 2539/2913/2563 2568/2916/2566
f 2568/2916/2566 2539/2913/2563 2491/2809/2493 2542/2806/2490
f 2502/2821/2502 2568/2916/2566 2542/2806/2490 2490/2805/2489
f 2466/2889/2546 2495/2886/2543 2569/2917/2567 2496/2918/2564
f 2495/2886/2543 2467/2885/2506 2537/2919/2503 2569/2917/2567
f 2569/2917/2567 2537/2919/2503 2489/2791/2475 2543/2788/2472
f 2496/2918/2564 2569/2917/2567 2543/2788/2472 2488/2787/2471
f 2652/2920/2568 2668/2921/2569 2860/2922/2570 2669/2923/2571
f 2668/2921/2569 2570/2924/2572 2724/2925/2573 2860/2922/2570
f 2860/2922/2570 2724/2925/2573 2571/2926/2574 2670/2927/2575
f 2669/2923/2571 2860/2922/2570 2670/2927/2575 2653/2928/2576
f 2570/2924/2572 2727/2929/2577 2861/2930/2578 2724/2925/2573
f 2727/2929/2577 2574/2931/2579 2677/2932/2580 2861/2930/2578
f 2861/2930/2578 2677/2932/2580 2578/2933/2581 2729/2934/2582
f 2724/2925/2573 2861/2930/2578 2729/2934/2582 2571/2926/2574
f 2653/2928/2576 2670/2927/2575 2862/2935/2583 2671/2936/2584
f 2670/2927/2575 2571/2926/2574 2725/2937/2585 2862/2935/2583
f 2862/2935/2583 2725/2937/2585 2572/2938/2586 2672/2939/2587
f 2671/2936/2584 2862/2935/2583 2672/2939/2587 2654/2940/2588
f 2571/2926/2574 2729/2934/2582 2863/2941/2589 2725/2937/2585
f 2729/2934/2582 2578/2933/2581 2681/2942/2590 2863/2941/2589
f 2863/2941/2589 2681/2942/2590 2582/2943/2591 2733/2944/2592
f 2725/2937/2585 2863/2941/2589 2733/2944/2592 2572/2938/2586
f 2654/2940/2588 2672/2939/2587 2864/2945/2593 2673/2946/2594
f 2672/2939/2587 2572/2938/2586 2726/2947/2595 2864/2945/2593
f 2864/2945/2593 2726/2947/2595 2573/2948/2596 2674/2949/2597
f 2673/2946/2594 2864/2945/2593 2674/2949/2597 2655/2950/2598
f 2572/2938/2586 2733/2944/2592 2865/2951/2599 2726/2947/2595
f 2733/2944/2592 2582/2943/2591 2685/2952/2600 2865/2951/2599
f 2865/2951/2599 2685/2952/2600 2586/2953/2601 2737/2954/2602
f 2726/2947/2595 2865/2951/2599 2737/2954/2602 2573/2948/2596
f 2655/2950/2598 2674/2949/2597 2866/2955/2603 2703/2956/2604
f 2674/2949/2597 2573/2948/2596 2754/2957/2605 2866/2955/2603
f 2866/2955/2603 2754/2957/2605 2601/2958/2606 2719/2959/2607
f 2703/2956/2604 2866/2955/2603 2719/2959/2607 2663/2960/2608
f 2573/2948/2596 2737/2954/2602 2867/2961/2609 2754/2957/2605
f 2737/2954/2602 2586/2953/2601 2704/2962/2610 2867/2961/2609
f 2867/2961/2609 2704/2962/2610 2602/2963/2611 2770/2964/2612
f 2754/2957/2605 2867/2961/2609 2770/2964/2612 2601/2958/2606
f 2574/2931/2579 2675/2965/2613 2868/2966/2614 2677/2932/2580
f 2675/2965/2613 2575/2967/2615 2730/2968/2616 2868/2966/2614
f 2868/2966/2614 2730/2968/2616 2579/2969/2617 2678/2970/2618
f 2677/2932/2580 2868/2966/2614 2678/2970/2618 2578/2933/2581
f 2575/2967/2615 2728/2971/2619 2869/2972/2620 2730/2968/2616
f 2728/2971/2619 2576/2973/2621 2679/2974/2622 2869/2972/2620
f 2869/2972/2620 2679/2974/2622 2580/2975/2623 2731/2976/2624
f 2730/2968/2616 2869/2972/2620 2731/2976/2624 2579/2969/2617
f 2576/2977/2621 2676/2978/2625 2870/2979/2626 2679/2980/2622
f 2676/2978/2625 2577/2981/2627 2732/2982/2628 2870/2979/2626
f 2870/2979/2626 2732/2982/2628 2581/2983/2629 2680/2984/2630
f 2679/2980/2622 2870/2979/2626 2680/2984/2630 2580/2985/2623
f 2577/2981/2627 2741/2986/2631 2871/2987/2632 2732/2982/2628
f 2741/2986/2631 2590/2988/2633 2690/2989/2634 2871/2987/2632
f 2871/2987/2632 2690/2989/2634 2592/2990/2635 2743/2991/2636
f 2732/2982/2628 2871/2987/2632 2743/2991/2636 2581/2983/2629
f 2578/2933/2581 2678/2970/2618 2872/2992/2637 2681/2942/2590
f 2678/2970/2618 2579/2969/2617 2734/2993/2638 2872/2992/2637
f 2872/2992/2637 2734/2993/2638 2583/2994/2639 2682/2995/2640
f 2681/2942/2590 2872/2992/2637 2682/2995/2640 2582/2943/2591
f 2579/2969/2617 2731/2976/2624 2873/2996/2641 2734/2993/2638
f 2731/2976/2624 2580/2975/2623 2683/2997/2642 2873/2996/2641
f 2873/2996/2641 2683/2997/2642 2584/2998/2643 2735/2999/2644
f 2734/2993/2638 2873/2996/2641 2735/2999/2644 2583/2994/2639
f 2580/2985/2623 2680/2984/2630 2874/3000/2645 2683/3001/2642
f 2680/2984/2630 2581/2983/2629 2736/3002/2646 2874/3000/2645
f 2874/3000/2645 2736/3002/2646 2585/3003/2647 2684/3004/2648
f 2683/3001/2642 2874/3000/2645 2684/3004/2648 2584/3005/2643
f 2581/2983/2629 2743/2991/2636 2875/3006/2649 2736/3002/2646
f 2743/2991/2636 2592/2990/2635 2693/3007/2650 2875/3006/2649
f 2875/3006/2649 2693/3007/2650 2594/3008/2651 2746/3009/2652
f 2736/3002/2646 2875/3006/2649 2746/3009/2652 2585/3003/2647
f 2582/2943/2591 2682/2995/2640 2876/3010/2653 2685/2952/2600
f 2682/2995/2640 2583/2994/2639 2738/3011/2654 2876/3010/2653
f 2876/3010/2653 2738/3011/2654 2587/3012/2655 2686/3013/2656
f 2685/2952/2600 2876/3010/2653 2686/3013/2656 2586/2953/2601
f 2583/2994/2639 2735/2999/2644 2877/3014/2657 2738/3011/2654
f 2735/2999/2644 2584/2998/2643 2687/3015/2658 2877/3014/2657
f 2877/3014/2657 2687/3015/2658 2588/3016/2659 2739/3017/2660
f 2738/3011/2654 2877/3014/2657 2739/3017/2660 2587/3012/2655
f 2584/3005/2643 2684/3004/2648 2878/3018/2661 2687/3019/2658
f 2684/3004/2648 2585/3003/2647 2740/3020/2662 2878/3018/2661
f 2878/3018/2661 2740/3020/2662 2589/3021/2663 2688/3022/2664
f 2687/3019/2658 2878/3018/2661 2688/3022/2664 2588/3023/2659
f 2585/3003/2647 2746/3009/2652 2879/3024/2665 2740/3020/2662
f 2746/3009/2652 2594/3008/2651 2696/3025/2666 2879/3024/2665
f 2879/3024/2665 2696/3025/2666 2596/3026/2667 2749/3027/2668
f 2740/3020/2662 2879/3024/2665 2749/3027/2668 2589/3021/2663
f 2586/2953/2601 2686/3013/2656 2880/3028/2669 2704/2962/2610
f 2686/3013/2656 2587/3012/2655 2756/3029/2670 2880/3028/2669
f 2880/3028/2669 2756/3029/2670 2604/3030/2671 2750/3031/2672
f 2704/2962/2610 2880/3028/2669 2750/3031/2672 2602/2963/2611
f 2587/3012/2655 2739/3017/2660 2881/3032/2673 2756/3029/2670
f 2739/3017/2660 2588/3016/2659 2707/3033/2674 2881/3032/2673
f 2881/3032/2673 2707/3033/2674 2606/3034/2675 2701/3035/2676
f 2756/3029/2670 2881/3032/2673 2701/3035/2676 2604/3030/2671
f 2588/3023/2659 2688/3022/2664 2882/3036/2677 2707/3037/2674
f 2688/3022/2664 2589/3021/2663 2760/3038/2678 2882/3036/2677
f 2882/3036/2677 2760/3038/2678 2608/3039/2679 2764/3040/2680
f 2707/3037/2674 2882/3036/2677 2764/3040/2680 2606/3041/2675
f 2589/3021/2663 2749/3027/2668 2883/3042/2681 2760/3038/2678
f 2749/3027/2668 2596/3026/2667 2710/3043/2682 2883/3042/2681
f 2883/3042/2681 2710/3043/2682 2610/3044/2683 2718/3045/2684
f 2760/3038/2678 2883/3042/2681 2718/3045/2684 2608/3039/2679
f 2590/2988/2633 2689/3046/2685 2884/3047/2686 2690/2989/2634
f 2689/3046/2685 2591/3048/2687 2744/3049/2688 2884/3047/2686
f 2884/3047/2686 2744/3049/2688 2593/3050/2689 2691/3051/2690
f 2690/2989/2634 2884/3047/2686 2691/3051/2690 2592/2990/2635
f 2591/3048/2687 2742/3052/2691 2885/3053/2692 2744/3049/2688
f 2742/3052/2691 2656/3054/2693 2692/3055/2694 2885/3053/2692
f 2885/3053/2692 2692/3055/2694 2657/3056/2695 2745/3057/2696
f 2744/3049/2688 2885/3053/2692 2745/3057/2696 2593/3050/2689
f 2592/2990/2635 2691/3051/2690 2886/3058/2697 2693/3007/2650
f 2691/3051/2690 2593/3050/2689 2747/3059/2698 2886/3058/2697
f 2886/3058/2697 2747/3059/2698 2595/3060/2699 2694/3061/2700
f 2693/3007/2650 2886/3058/2697 2694/3061/2700 2594/3008/2651
f 2593/3050/2689 2745/3057/2696 2887/3062/2701 2747/3059/2698
f 2745/3057/2696 2657/3056/2695 2695/3063/2702 2887/3062/2701
f 2887/3062/2701 2695/3063/2702 2658/3064/2703 2748/3065/2704
f 2747/3059/2698 2887/3062/2701 2748/3065/2704 2595/3060/2699
f 2594/3008/2651 2694/3061/2700 2888/3066/2705 2696/3025/2666
f 2694/3061/2700 2595/3060/2699 2769/3067/2706 2888/3066/2705
f 2888/3066/2705 2769/3067/2706 2597/3068/2707 2697/3069/2708
f 2696/3025/2666 2888/3066/2705 2697/3069/2708 2596/3026/2667
f 2595/3060/2699 2748/3065/2704 2889/3070/2709 2769/3067/2706
f 2748/3065/2704 2658/3064/2703 2698/3071/2710 2889/3070/2709
f 2889/3070/2709 2698/3071/2710 2659/3072/2711 2751/3073/2712
f 2769/3067/2706 2889/3070/2709 2751/3073/2712 2597/3068/2707
f 2596/3026/2667 2697/3069/2708 2890/3074/2713 2710/3043/2682
f 2697/3069/2708 2597/3068/2707 2761/3075/2714 2890/3074/2713
f 2890/3074/2713 2761/3075/2714 2609/3076/2715 2721/3077/2716
f 2710/3043/2682 2890/3074/2713 2721/3077/2716 2610/3044/2683
f 2597/3068/2707 2751/3073/2712 2891/3078/2717 2761/3075/2714
f 2751/3073/2712 2659/3072/2711 2709/3079/2718 2891/3078/2717
f 2891/3078/2717 2709/3079/2718 2667/3080/2719 2768/3081/2720
f 2761/3075/2714 2891/3078/2717 2768/3081/2720 2609/3076/2715
f 2656/3054/2693 2742/3052/2691 2892/3082/2721 2699/3083/2722
f 2742/3052/2691 2591/3048/2687 2752/3084/2723 2892/3082/2721
f 2892/3082/2721 2752/3084/2723 2598/3085/2724 2706/3086/2725
f 2699/3083/2722 2892/3082/2721 2706/3086/2725 2660/3087/2726
f 2591/3048/2687 2689/3046/2685 2893/3088/2727 2752/3084/2723
f 2689/3046/2685 2590/2988/2633 2741/2986/2631 2893/3088/2727
f 2893/3088/2727 2741/2986/2631 2577/2981/2627 2720/3089/2728
f 2752/3084/2723 2893/3088/2727 2720/3089/2728 2598/3085/2724
f 2660/3087/2726 2706/3086/2725 2894/3090/2729 2753/3091/2730
f 2706/3086/2725 2598/3085/2724 2700/3092/2731 2894/3090/2729
f 2894/3090/2729 2700/3092/2731 2599/3093/2732 2763/3094/2733
f 2753/3091/2730 2894/3090/2729 2763/3094/2733 2661/3095/2734
f 2598/3085/2724 2720/3089/2728 2895/3096/2735 2700/3092/2731
f 2720/3089/2728 2577/2981/2627 2676/2978/2625 2895/3096/2735
f 2895/3096/2735 2676/2978/2625 2576/2977/2621 2771/3097/2736
f 2700/3092/2731 2895/3096/2735 2771/3097/2736 2599/3093/2732
f 2661/3098/2734 2763/3099/2733 2896/3100/2737 2702/3101/2738
f 2763/3099/2733 2599/3102/2732 2714/3103/2739 2896/3100/2737
f 2896/3100/2737 2714/3103/2739 2600/3104/2740 2716/3105/2741
f 2702/3101/2738 2896/3100/2737 2716/3105/2741 2662/3106/2742
f 2599/3102/2732 2771/3107/2736 2897/3108/2743 2714/3103/2739
f 2771/3107/2736 2576/2973/2621 2728/2971/2619 2897/3108/2743
f 2897/3108/2743 2728/2971/2619 2575/2967/2615 2723/3109/2744
f 2714/3103/2739 2897/3108/2743 2723/3109/2744 2600/3104/2740
f 2662/3106/2742 2716/3105/2741 2898/3110/2745 2762/3111/2746
f 2716/3105/2741 2600/3104/2740 2712/3112/2747 2898/3110/2745
f 2898/3110/2745 2712/3112/2747 2570/2924/2572 2668/2921/2569
f 2762/3111/2746 2898/3110/2745 2668/2921/2569 2652/2920/2568
f 2600/3104/2740 2723/3109/2744 2899/3113/2748 2712/3112/2747
f 2723/3109/2744 2575/2967/2615 2675/2965/2613 2899/3113/2748
f 2899/3113/2748 2675/2965/2613 2574/2931/2579 2727/2929/2577
f 2712/3112/2747 2899/3113/2748 2727/2929/2577 2570/2924/2572
f 2663/2960/2608 2719/2959/2607 2900/3114/2749 2755/3115/2750
f 2719/2959/2607 2601/2958/2606 2705/3116/2751 2900/3114/2749
f 2900/3114/2749 2705/3116/2751 2603/3117/2752 2713/3118/2753
f 2755/3115/2750 2900/3114/2749 2713/3118/2753 2664/3119/2754
f 2601/2958/2606 2770/2964/2612 2901/3120/2755 2705/3116/2751
f 2770/2964/2612 2602/2963/2611 2750/3031/2672 2901/3120/2755
f 2901/3120/2755 2750/3031/2672 2604/3030/2671 2767/3121/2756
f 2705/3116/2751 2901/3120/2755 2767/3121/2756 2603/3117/2752
f 2664/3119/2754 2713/3118/2753 2902/3122/2757 2722/3123/2758
f 2713/3118/2753 2603/3117/2752 2757/3124/2759 2902/3122/2757
f 2902/3122/2757 2757/3124/2759 2605/3125/2760 2758/3126/2761
f 2722/3123/2758 2902/3122/2757 2758/3126/2761 2665/3127/2762
f 2603/3117/2752 2767/3121/2756 2903/3128/2763 2757/3124/2759
f 2767/3121/2756 2604/3030/2671 2701/3035/2676 2903/3128/2763
f 2903/3128/2763 2701/3035/2676 2606/3034/2675 2711/3129/2764
f 2757/3124/2759 2903/3128/2763 2711/3129/2764 2605/3125/2760
f 2665/3130/2762 2758/3131/2761 2904/3132/2765 2759/3133/2766
f 2758/3131/2761 2605/3134/2760 2708/3135/2767 2904/3132/2765
f 2904/3132/2765 2708/3135/2767 2607/3136/2768 2715/3137/2769
f 2759/3133/2766 2904/3132/2765 2715/3137/2769 2666/3138/2770
f 2605/3134/2760 2711/3139/2764 2905/3140/2771 2708/3135/2767
f 2711/3139/2764 2606/3041/2675 2764/3040/2680 2905/3140/2771
f 2905/3140/2771 2764/3040/2680 2608/3039/2679 2765/3141/2772
f 2708/3135/2767 2905/3140/2771 2765/3141/2772 2607/3136/2768
f 2666/3138/2770 2715/3137/2769 2906/3142/2773 2717/3143/2774
f 2715/3137/2769 2607/3136/2768 2766/3144/2775 2906/3142/2773
f 2906/3142/2773 2766/3144/2775 2609/3076/2715 2768/3081/2720
f 2717/3143/2774 2906/3142/2773 2768/3081/2720 2667/3080/2719
f 2607/3136/2768 2765/3141/2772 2907/3145/2776 2766/3144/2775
f 2765/3141/2772 2608/3039/2679 2718/3045/2684 2907/3145/2776
f 2907/3145/2776 2718/3045/2684 2610/3044/2683 2721/3077/2716
f 2766/3144/2775 2907/3145/2776 2721/3077/2716 2609/3076/2715
f 2652/2920/2568 2669/2923/2571 2908/3146/2777 2772/3147/2778
f 2669/2923/2571 2653/2928/2576 2773/3148/2779 2908/3146/2777
f 2908/3146/2777 2773/3148/2779 2612/3149/2780 2816/3150/2781
f 2772/3147/2778 2908/3146/2777 2816/3150/2781 2611/3151/2782
f 2611/3151/2782 2816/3150/2781 2909/3152/2783 2819/3153/2784
f 2816/3150/2781 2612/3149/2780 2821/3154/2785 2909/3152/2783
f 2909/3152/2783 2821/3154/2785 2619/3155/2786 2778/3156/2787
f 2819/3153/2784 2909/3152/2783 2778/3156/2787 2615/3157/2788
f 2653/2928/2576 2671/2936/2584 2910/3158/2789 2773/3148/2779
f 2671/2936/2584 2654/2940/2588 2774/3159/2790 2910/3158/2789
f 2910/3158/2789 2774/3159/2790 2613/3160/2791 2817/3161/2792
f 2773/3148/2779 2910/3158/2789 2817/3161/2792 2612/3149/2780
f 2612/3149/2780 2817/3161/2792 2911/3162/2793 2821/3154/2785
f 2817/3161/2792 2613/3160/2791 2825/3163/2794 2911/3162/2793
f 2911/3162/2793 2825/3163/2794 2623/3164/2795 2782/3165/2796
f 2821/3154/2785 2911/3162/2793 2782/3165/2796 2619/3155/2786
f 2654/2940/2588 2673/2946/2594 2912/3166/2797 2774/3159/2790
f 2673/2946/2594 2655/2950/2598 2775/3167/2798 2912/3166/2797
f 2912/3166/2797 2775/3167/2798 2614/3168/2799 2818/3169/2800
f 2774/3159/2790 2912/3166/2797 2818/3169/2800 2613/3160/2791
f 2613/3160/2791 2818/3169/2800 2913/3170/2801 2825/3163/2794
f 2818/3169/2800 2614/3168/2799 2829/3171/2802 2913/3170/2801
f 2913/3170/2801 2829/3171/2802 2627/3172/2803 2786/3173/2804
f 2825/3163/2794 2913/3170/2801 2786/3173/2804 2623/3164/2795
f 2655/2950/2598 2703/2956/2604 2914/3174/2805 2775/3167/2798
f 2703/2956/2604 2663/2960/2608 2812/3175/2806 2914/3174/2805
f 2914/3174/2805 2812/3175/2806 2642/3176/2807 2845/3177/2808
f 2775/3167/2798 2914/3174/2805 2845/3177/2808 2614/3168/2799
f 2614/3168/2799 2845/3177/2808 2915/3178/2809 2829/3171/2802
f 2845/3177/2808 2642/3176/2807 2858/3179/2810 2915/3178/2809
f 2915/3178/2809 2858/3179/2810 2643/3180/2811 2799/3181/2812
f 2829/3171/2802 2915/3178/2809 2799/3181/2812 2627/3172/2803
f 2615/3157/2788 2778/3156/2787 2916/3182/2813 2776/3183/2814
f 2778/3156/2787 2619/3155/2786 2779/3184/2815 2916/3182/2813
f 2916/3182/2813 2779/3184/2815 2620/3185/2816 2822/3186/2817
f 2776/3183/2814 2916/3182/2813 2822/3186/2817 2616/3187/2818
f 2616/3187/2818 2822/3186/2817 2917/3188/2819 2820/3189/2820
f 2822/3186/2817 2620/3185/2816 2823/3190/2821 2917/3188/2819
f 2917/3188/2819 2823/3190/2821 2621/3191/2822 2780/3192/2823
f 2820/3189/2820 2917/3188/2819 2780/3192/2823 2617/3193/2824
f 2617/3194/2824 2780/3195/2823 2918/3196/2825 2777/3197/2826
f 2780/3195/2823 2621/3198/2822 2781/3199/2827 2918/3196/2825
f 2918/3196/2825 2781/3199/2827 2622/3200/2828 2824/3201/2829
f 2777/3197/2826 2918/3196/2825 2824/3201/2829 2618/3202/2830
f 2618/3202/2830 2824/3201/2829 2919/3203/2831 2833/3204/2832
f 2824/3201/2829 2622/3200/2828 2835/3205/2833 2919/3203/2831
f 2919/3203/2831 2835/3205/2833 2633/3206/2834 2791/3207/2835
f 2833/3204/2832 2919/3203/2831 2791/3207/2835 2631/3208/2836
f 2619/3155/2786 2782/3165/2796 2920/3209/2837 2779/3184/2815
f 2782/3165/2796 2623/3164/2795 2783/3210/2838 2920/3209/2837
f 2920/3209/2837 2783/3210/2838 2624/3211/2839 2826/3212/2840
f 2779/3184/2815 2920/3209/2837 2826/3212/2840 2620/3185/2816
f 2620/3185/2816 2826/3212/2840 2921/3213/2841 2823/3190/2821
f 2826/3212/2840 2624/3211/2839 2827/3214/2842 2921/3213/2841
f 2921/3213/2841 2827/3214/2842 2625/3215/2843 2784/3216/2844
f 2823/3190/2821 2921/3213/2841 2784/3216/2844 2621/3191/2822
f 2621/3198/2822 2784/3217/2844 2922/3218/2845 2781/3199/2827
f 2784/3217/2844 2625/3219/2843 2785/3220/2846 2922/3218/2845
f 2922/3218/2845 2785/3220/2846 2626/3221/2847 2828/3222/2848
f 2781/3199/2827 2922/3218/2845 2828/3222/2848 2622/3200/2828
f 2622/3200/2828 2828/3222/2848 2923/3223/2849 2835/3205/2833
f 2828/3222/2848 2626/3221/2847 2838/3224/2850 2923/3223/2849
f 2923/3223/2849 2838/3224/2850 2635/3225/2851 2793/3226/2852
f 2835/3205/2833 2923/3223/2849 2793/3226/2852 2633/3206/2834
f 2623/3164/2795 2786/3173/2804 2924/3227/2853 2783/3210/2838
f 2786/3173/2804 2627/3172/2803 2787/3228/2854 2924/3227/2853
f 2924/3227/2853 2787/3228/2854 2628/3229/2855 2830/3230/2856
f 2783/3210/2838 2924/3227/2853 2830/3230/2856 2624/3211/2839
f 2624/3211/2839 2830/3230/2856 2925/3231/2857 2827/3214/2842
f 2830/3230/2856 2628/3229/2855 2831/3232/2858 2925/3231/2857
f 2925/3231/2857 2831/3232/2858 2629/3233/2859 2788/3234/2860
f 2827/3214/2842 2925/3231/2857 2788/3234/2860 2625/3215/2843
f 2625/3219/2843 2788/3235/2860 2926/3236/2861 2785/3220/2846
f 2788/3235/2860 2629/3237/2859 2789/3238/2862 2926/3236/2861
f 2926/3236/2861 2789/3238/2862 2630/3239/2863 2832/3240/2864
f 2785/3220/2846 2926/3236/2861 2832/3240/2864 2626/3221/2847
f 2626/3221/2847 2832/3240/2864 2927/3241/2865 2838/3224/2850
f 2832/3240/2864 2630/3239/2863 2841/3242/2866 2927/3241/2865
f 2927/3241/2865 2841/3242/2866 2637/3243/2867 2795/3244/2868
f 2838/3224/2850 2927/3241/2865 2795/3244/2868 2635/3225/2851
f 2627/3172/2803 2799/3181/2812 2928/3245/2869 2787/3228/2854
f 2799/3181/2812 2643/3180/2811 2842/3246/2870 2928/3245/2869
f 2928/3245/2869 2842/3246/2870 2645/3247/2871 2846/3248/2872
f 2787/3228/2854 2928/3245/2869 2846/3248/2872 2628/3229/2855
f 2628/3229/2855 2846/3248/2872 2929/3249/2873 2831/3232/2858
f 2846/3248/2872 2645/3247/2871 2798/3250/2874 2929/3249/2873
f 2929/3249/2873 2798/3250/2874 2647/3251/2875 2802/3252/2876
f 2831/3232/2858 2929/3249/2873 2802/3252/2876 2629/3233/2859
f 2629/3237/2859 2802/3253/2876 2930/3254/2877 2789/3238/2862
f 2802/3253/2876 2647/3255/2875 2852/3256/2878 2930/3254/2877
f 2930/3254/2877 2852/3256/2878 2649/3257/2879 2849/3258/2880
f 2789/3238/2862 2930/3254/2877 2849/3258/2880 2630/3239/2863
f 2630/3239/2863 2849/3258/2880 2931/3259/2881 2841/3242/2866
f 2849/3258/2880 2649/3257/2879 2811/3260/2882 2931/3259/2881
f 2931/3259/2881 2811/3260/2882 2651/3261/2883 2804/3262/2884
f 2841/3242/2866 2931/3259/2881 2804/3262/2884 2637/3243/2867
f 2631/3208/2836 2791/3207/2835 2932/3263/2885 2790/3264/2886
f 2791/3207/2835 2633/3206/2834 2792/3265/2887 2932/3263/2885
f 2932/3263/2885 2792/3265/2887 2634/3266/2888 2836/3267/2889
f 2790/3264/2886 2932/3263/2885 2836/3267/2889 2632/3268/2890
f 2632/3268/2890 2836/3267/2889 2933/3269/2891 2834/3270/2892
f 2836/3267/2889 2634/3266/2888 2837/3271/2893 2933/3269/2891
f 2933/3269/2891 2837/3271/2893 2657/3056/2695 2692/3055/2694
f 2834/3270/2892 2933/3269/2891 2692/3055/2694 2656/3054/2693
f 2633/3206/2834 2793/3226/2852 2934/3272/2894 2792/3265/2887
f 2793/3226/2852 2635/3225/2851 2794/3273/2895 2934/3272/2894
f 2934/3272/2894 2794/3273/2895 2636/3274/2896 2839/3275/2897
f 2792/3265/2887 2934/3272/2894 2839/3275/2897 2634/3266/2888
f 2634/3266/2888 2839/3275/2897 2935/3276/2898 2837/3271/2893
f 2839/3275/2897 2636/3274/2896 2840/3277/2899 2935/3276/2898
f 2935/3276/2898 2840/3277/2899 2658/3064/2703 2695/3063/2702
f 2837/3271/2893 2935/3276/2898 2695/3063/2702 2657/3056/2695
f 2635/3225/2851 2795/3244/2868 2936/3278/2900 2794/3273/2895
f 2795/3244/2868 2637/3243/2867 2796/3279/2901 2936/3278/2900
f 2936/3278/2900 2796/3279/2901 2638/3280/2902 2857/3281/2903
f 2794/3273/2895 2936/3278/2900 2857/3281/2903 2636/3274/2896
f 2636/3274/2896 2857/3281/2903 2937/3282/2904 2840/3277/2899
f 2857/3281/2903 2638/3280/2902 2843/3283/2905 2937/3282/2904
f 2937/3282/2904 2843/3283/2905 2659/3072/2711 2698/3071/2710
f 2840/3277/2899 2937/3282/2904 2698/3071/2710 2658/3064/2703
f 2637/3243/2867 2804/3262/2884 2938/3284/2906 2796/3279/2901
f 2804/3262/2884 2651/3261/2883 2814/3285/2907 2938/3284/2906
f 2938/3284/2906 2814/3285/2907 2650/3286/2908 2850/3287/2909
f 2796/3279/2901 2938/3284/2906 2850/3287/2909 2638/3280/2902
f 2638/3280/2902 2850/3287/2909 2939/3288/2910 2843/3283/2905
f 2850/3287/2909 2650/3286/2908 2856/3289/2911 2939/3288/2910
f 2939/3288/2910 2856/3289/2911 2667/3080/2719 2709/3079/2718
f 2843/3283/2905 2939/3288/2910 2709/3079/2718 2659/3072/2711
f 2656/3054/2693 2699/3083/2722 2940/3290/2912 2834/3270/2892
f 2699/3083/2722 2660/3087/2726 2801/3291/2913 2940/3290/2912
f 2940/3290/2912 2801/3291/2913 2639/3292/2914 2844/3293/2915
f 2834/3270/2892 2940/3290/2912 2844/3293/2915 2632/3268/2890
f 2632/3268/2890 2844/3293/2915 2941/3294/2916 2790/3264/2886
f 2844/3293/2915 2639/3292/2914 2813/3295/2917 2941/3294/2916
f 2941/3294/2916 2813/3295/2917 2618/3202/2830 2833/3204/2832
f 2790/3264/2886 2941/3294/2916 2833/3204/2832 2631/3208/2836
f 2660/3087/2726 2753/3091/2730 2942/3296/2918 2801/3291/2913
f 2753/3091/2730 2661/3095/2734 2851/3297/2919 2942/3296/2918
f 2942/3296/2918 2851/3297/2919 2640/3298/2920 2797/3299/2921
f 2801/3291/2913 2942/3296/2918 2797/3299/2921 2639/3292/2914
f 2639/3292/2914 2797/3299/2921 2943/3300/2922 2813/3295/2917
f 2797/3299/2921 2640/3298/2920 2859/3301/2923 2943/3300/2922
f 2943/3300/2922 2859/3301/2923 2617/3194/2824 2777/3197/2826
f 2813/3295/2917 2943/3300/2922 2777/3197/2826 2618/3202/2830
f 2661/3098/2734 2702/3101/2738 2944/3302/2924 2851/3303/2919
f 2702/3101/2738 2662/3106/2742 2810/3304/2925 2944/3302/2924
f 2944/3302/2924 2810/3304/2925 2641/3305/2926 2808/3306/2927
f 2851/3303/2919 2944/3302/2924 2808/3306/2927 2640/3307/2920
f 2640/3307/2920 2808/3306/2927 2945/3308/2928 2859/3309/2923
f 2808/3306/2927 2641/3305/2926 2815/3310/2929 2945/3308/2928
f 2945/3308/2928 2815/3310/2929 2616/3187/2818 2820/3189/2820
f 2859/3309/2923 2945/3308/2928 2820/3189/2820 2617/3193/2824
f 2662/3106/2742 2762/3111/2746 2946/3311/2930 2810/3304/2925
f 2762/3111/2746 2652/2920/2568 2772/3147/2778 2946/3311/2930
f 2946/3311/2930 2772/3147/2778 2611/3151/2782 2806/3312/2931
f 2810/3304/2925 2946/3311/2930 2806/3312/2931 2641/3305/2926
f 2641/3305/2926 2806/3312/2931 2947/3313/2932 2815/3310/2929
f 2806/3312/2931 2611/3151/2782 2819/3153/2784 2947/3313/2932
f 2947/3313/2932 2819/3153/2784 2615/3157/2788 2776/3183/2814
f 2815/3310/2929 2947/3313/2932 2776/3183/2814 2616/3187/2818
f 2663/2960/2608 2755/3115/2750 2948/3314/2933 2812/3175/2806
f 2755/3115/2750 2664/3119/2754 2807/3315/2934 2948/3314/2933
f 2948/3314/2933 2807/3315/2934 2644/3316/2935 2800/3317/2936
f 2812/3175/2806 2948/3314/2933 2800/3317/2936 2642/3176/2807
f 2642/3176/2807 2800/3317/2936 2949/3318/2937 2858/3179/2810
f 2800/3317/2936 2644/3316/2935 2855/3319/2938 2949/3318/2937
f 2949/3318/2937 2855/3319/2938 2645/3247/2871 2842/3246/2870
f 2858/3179/2810 2949/3318/2937 2842/3246/2870 2643/3180/2811
f 2664/3119/2754 2722/3123/2758 2950/3320/2939 2807/3315/2934
f 2722/3123/2758 2665/3127/2762 2848/3321/2940 2950/3320/2939
f 2950/3320/2939 2848/3321/2940 2646/3322/2941 2847/3323/2942
f 2807/3315/2934 2950/3320/2939 2847/3323/2942 2644/3316/2935
f 2644/3316/2935 2847/3323/2942 2951/3324/2943 2855/3319/2938
f 2847/3323/2942 2646/3322/2941 2805/3325/2944 2951/3324/2943
f 2951/3324/2943 2805/3325/2944 2647/3251/2875 2798/3250/2874
f 2855/3319/2938 2951/3324/2943 2798/3250/2874 2645/3247/2871
f 2665/3130/2762 2759/3133/2766 2952/3326/2945 2848/3327/2940
f 2759/3133/2766 2666/3138/2770 2809/3328/2946 2952/3326/2945
f 2952/3326/2945 2809/3328/2946 2648/3329/2947 2803/3330/2948
f 2848/3327/2940 2952/3326/2945 2803/3330/2948 2646/3331/2941
f 2646/3331/2941 2803/3330/2948 2953/3332/2949 2805/3333/2944
f 2803/3330/2948 2648/3329/2947 2853/3334/2950 2953/3332/2949
f 2953/3332/2949 2853/3334/2950 2649/3257/2879 2852/3256/2878
f 2805/3333/2944 2953/3332/2949 2852/3256/2878 2647/3255/2875
f 2666/3138/2770 2717/3143/2774 2954/3335/2951 2809/3328/2946
f 2717/3143/2774 2667/3080/2719 2856/3289/2911 2954/3335/2951
f 2954/3335/2951 2856/3289/2911 2650/3286/2908 2854/3336/2952
f 2809/3328/2946 2954/3335/2951 2854/3336/2952 2648/3329/2947
f 2648/3329/2947 2854/3336/2952 2955/3337/2953 2853/3334/2950
f 2854/3336/2952 2650/3286/2908 2814/3285/2907 2955/3337/2953
f 2955/3337/2953 2814/3285/2907 2651/3261/2883 2811/3260/2882
f 2853/3334/2950 2955/3337/2953 2811/3260/2882 2649/3257/2879
f 2956/3338/2954 3039/3339/2955 3202/3340/2956 3038/3341/2957
f 3039/3339/2955 2958/3342/2958 3063/3343/2959 3202/3340/2956
f 3202/3340/2956 3063/3343/2959 2959/3344/2960 3040/3345/2961
f 3038/3341/2957 3202/3340/2956 3040/3345/2961 2957/3346/2962
f 2957/3346/2962 3040/3345/2961 3203/3347/2963 3041/3348/2964
f 3040/3345/2961 2959/3344/2960 3068/3349/2965 3203/3347/2963
f 3203/3347/2963 3068/3349/2965 2962/3350/2966 3043/3351/2967
f 3041/3348/2964 3203/3347/2963 3043/3351/2967 2960/3352/2968
f 2958/3342/2958 3054/3353/2969 3204/3354/2970 3063/3343/2959
f 3054/3353/2969 2973/3355/2971 3076/3356/2972 3204/3354/2970
f 3204/3354/2970 3076/3356/2972 2974/3357/2973 3055/3358/2974
f 3063/3343/2959 3204/3354/2970 3055/3358/2974 2959/3344/2960
f 2959/3344/2960 3055/3358/2974 3205/3359/2975 3068/3349/2965
f 3055/3358/2974 2974/3357/2973 3080/3360/2976 3205/3359/2975
f 3205/3359/2975 3080/3360/2976 2975/3361/2977 3056/3362/2978
f 3068/3349/2965 3205/3359/2975 3056/3362/2978 2962/3350/2966
f 2960/3352/2968 3043/3351/2967 3206/3363/2979 3042/3364/2980
f 3043/3351/2967 2962/3350/2966 3073/3365/2981 3206/3363/2979
f 3206/3363/2979 3073/3365/2981 2963/3366/2982 3044/3367/2983
f 3042/3364/2980 3206/3363/2979 3044/3367/2983 2961/3368/2984
f 2961/3369/2984 3044/3370/2983 3207/3371/2985 3045/3372/2986
f 3044/3370/2983 2963/3373/2982 3078/3374/2987 3207/3371/2985
f 3207/3371/2985 3078/3374/2987 2966/3375/2988 3047/3376/2989
f 3045/3372/2986 3207/3371/2985 3047/3376/2989 2964/3377/2990
f 2962/3350/2966 3056/3362/2978 3208/3378/2991 3073/3365/2981
f 3056/3362/2978 2975/3361/2977 3064/3379/2992 3208/3378/2991
f 3208/3378/2991 3064/3379/2992 2977/3380/2993 3058/3381/2994
f 3073/3365/2981 3208/3378/2991 3058/3381/2994 2963/3366/2982
f 2963/3373/2982 3058/3382/2994 3209/3383/2995 3078/3374/2987
f 3058/3382/2994 2977/3384/2993 3066/3385/2996 3209/3383/2995
f 3209/3383/2995 3066/3385/2996 2980/3386/2997 3061/3387/2998
f 3078/3374/2987 3209/3383/2995 3061/3387/2998 2966/3375/2988
f 2964/3377/2990 3047/3376/2989 3210/3388/2999 3046/3389/3000
f 3047/3376/2989 2966/3375/2988 3065/3390/3001 3210/3388/2999
f 3210/3388/2999 3065/3390/3001 2967/3391/3002 3048/3392/3003
f 3046/3389/3000 3210/3388/2999 3048/3392/3003 2965/3393/3004
f 2965/3393/3004 3048/3392/3003 3211/3394/3005 3049/3395/3006
f 3048/3392/3003 2967/3391/3002 3062/3396/3007 3211/3394/3005
f 3211/3394/3005 3062/3396/3007 2970/3397/3008 3051/3398/3009
f 3049/3395/3006 3211/3394/3005 3051/3398/3009 2968/3399/3010
f 2966/3375/2988 3061/3387/2998 3212/3400/3011 3065/3390/3001
f 3061/3387/2998 2980/3386/2997 3071/3401/3012 3212/3400/3011
f 3212/3400/3011 3071/3401/3012 2979/3402/3013 3060/3403/3014
f 3065/3390/3001 3212/3400/3011 3060/3403/3014 2967/3391/3002
f 2967/3391/3002 3060/3403/3014 3213/3404/3015 3062/3396/3007
f 3060/3403/3014 2979/3402/3013 3067/3405/3016 3213/3404/3015
f 3213/3404/3015 3067/3405/3016 2978/3406/3017 3059/3407/3018
f 3062/3396/3007 3213/3404/3015 3059/3407/3018 2970/3397/3008
f 2968/3399/3010 3051/3398/3009 3214/3408/3019 3050/3409/3020
f 3051/3398/3009 2970/3397/3008 3070/3410/3021 3214/3408/3019
f 3214/3408/3019 3070/3410/3021 2971/3411/3022 3052/3412/3023
f 3050/3409/3020 3214/3408/3019 3052/3412/3023 2969/3413/3024
f 2969/3414/3024 3052/3415/3023 3215/3416/3025 3072/3417/3026
f 3052/3415/3023 2971/3418/3022 3075/3419/3027 3215/3416/3025
f 3215/3416/3025 3075/3419/3027 2958/3342/2958 3039/3339/2955
f 3072/3417/3026 3215/3416/3025 3039/3339/2955 2956/3338/2954
f 2970/3397/3008 3059/3407/3018 3216/3420/3028 3070/3410/3021
f 3059/3407/3018 2978/3406/3017 3077/3421/3029 3216/3420/3028
f 3216/3420/3028 3077/3421/3029 2976/3422/3030 3057/3423/3031
f 3070/3410/3021 3216/3420/3028 3057/3423/3031 2971/3411/3022
f 2971/3418/3022 3057/3424/3031 3217/3425/3032 3075/3419/3027
f 3057/3424/3031 2976/3426/3030 3079/3427/3033 3217/3425/3032
f 3217/3425/3032 3079/3427/3033 2973/3355/2971 3054/3353/2969
f 3075/3419/3027 3217/3425/3032 3054/3353/2969 2958/3342/2958
f 2968/3399/3010 3050/3409/3020 3218/3428/3034 3049/3395/3006
f 3050/3409/3020 2969/3413/3024 3069/3429/3035 3218/3428/3034
f 3218/3428/3034 3069/3429/3035 2972/3430/3036 3053/3431/3037
f 3049/3395/3006 3218/3428/3034 3053/3431/3037 2965/3393/3004
f 2965/3393/3004 3053/3431/3037 3219/3432/3038 3046/3389/3000
f 3053/3431/3037 2972/3430/3036 3081/3433/3039 3219/3432/3038
f 3219/3432/3038 3081/3433/3039 2961/3369/2984 3045/3372/2986
f 3046/3389/3000 3219/3432/3038 3045/3372/2986 2964/3377/2990
f 2969/3414/3024 3072/3417/3026 3220/3434/3040 3069/3435/3035
f 3072/3417/3026 2956/3338/2954 3038/3341/2957 3220/3434/3040
f 3220/3434/3040 3038/3341/2957 2957/3346/2962 3074/3436/3041
f 3069/3435/3035 3220/3434/3040 3074/3436/3041 2972/3437/3036
f 2972/3437/3036 3074/3436/3041 3221/3438/3042 3081/3439/3039
f 3074/3436/3041 2957/3346/2962 3041/3348/2964 3221/3438/3042
f 3221/3438/3042 3041/3348/2964 2960/3352/2968 3042/3364/2980
f 3081/3439/3039 3221/3438/3042 3042/3364/2980 2961/3368/2984
f 2980/3386/2997 3091/3440/3043 3222/3441/3044 3071/3401/3012
f 3091/3440/3043 2988/3442/3045 3085/3443/3046 3222/3441/3044
f 3222/3441/3044 3085/3443/3046 2987/3444/3047 3090/3445/3048
f 3071/3401/3012 3222/3441/3044 3090/3445/3048 2979/3402/3013
f 2974/3357/2973 3093/3446/3049 3223/3447/3050 3080/3360/2976
f 3093/3446/3049 2982/3448/3051 3089/3449/3052 3223/3447/3050
f 3223/3447/3050 3089/3449/3052 2983/3450/3053 3092/3451/3054
f 3080/3360/2976 3223/3447/3050 3092/3451/3054 2975/3361/2977
f 2979/3402/3013 3090/3445/3048 3224/3452/3055 3067/3405/3016
f 3090/3445/3048 2987/3444/3047 3084/3453/3056 3224/3452/3055
f 3224/3452/3055 3084/3453/3056 2986/3454/3057 3094/3455/3058
f 3067/3405/3016 3224/3452/3055 3094/3455/3058 2978/3406/3017
f 2973/3355/2971 3095/3456/3059 3225/3457/3060 3076/3356/2972
f 3095/3456/3059 2981/3458/3061 3086/3459/3062 3225/3457/3060
f 3225/3457/3060 3086/3459/3062 2982/3448/3051 3093/3446/3049
f 3076/3356/2972 3225/3457/3060 3093/3446/3049 2974/3357/2973
f 2976/3426/3030 3096/3460/3063 3226/3461/3064 3079/3427/3033
f 3096/3460/3063 2984/3462/3065 3088/3463/3066 3226/3461/3064
f 3226/3461/3064 3088/3463/3066 2981/3458/3061 3095/3456/3059
f 3079/3427/3033 3226/3461/3064 3095/3456/3059 2973/3355/2971
f 2978/3406/3017 3094/3455/3058 3227/3464/3067 3077/3421/3029
f 3094/3455/3058 2986/3454/3057 3087/3465/3068 3227/3464/3067
f 3227/3464/3067 3087/3465/3068 2984/3466/3065 3096/3467/3063
f 3077/3421/3029 3227/3464/3067 3096/3467/3063 2976/3422/3030
f 2977/3384/2993 3097/3468/3069 3228/3469/3070 3066/3385/2996
f 3097/3468/3069 2985/3470/3071 3083/3471/3072 3228/3469/3070
f 3228/3469/3070 3083/3471/3072 2988/3442/3045 3091/3440/3043
f 3066/3385/2996 3228/3469/3070 3091/3440/3043 2980/3386/2997
f 2975/3361/2977 3092/3451/3054 3229/3472/3073 3064/3379/2992
f 3092/3451/3054 2983/3450/3053 3082/3473/3074 3229/3472/3073
f 3229/3472/3073 3082/3473/3074 2985/3474/3071 3097/3475/3069
f 3064/3379/2992 3229/3472/3073 3097/3475/3069 2977/3380/2993
f 2983/3450/3053 3107/3476/3075 3230/3477/3076 3082/3473/3074
f 3107/3476/3075 2991/3478/3077 3098/3479/3078 3230/3477/3076
f 3230/3477/3076 3098/3479/3078 2993/3480/3079 3106/3481/3080
f 3082/3473/3074 3230/3477/3076 3106/3481/3080 2985/3474/3071
f 2982/3448/3051 3108/3482/3081 3231/3483/3082 3089/3449/3052
f 3108/3482/3081 2990/3484/3083 3105/3485/3084 3231/3483/3082
f 3231/3483/3082 3105/3485/3084 2991/3478/3077 3107/3476/3075
f 3089/3449/3052 3231/3483/3082 3107/3476/3075 2983/3450/3053
f 2986/3454/3057 3110/3486/3085 3232/3487/3086 3087/3465/3068
f 3110/3486/3085 2994/3488/3087 3103/3489/3088 3232/3487/3086
f 3232/3487/3086 3103/3489/3088 2992/3490/3089 3109/3491/3090
f 3087/3465/3068 3232/3487/3086 3109/3491/3090 2984/3466/3065
f 2988/3442/3045 3112/3492/3091 3233/3493/3092 3085/3443/3046
f 3112/3492/3091 2996/3494/3093 3101/3495/3094 3233/3493/3092
f 3233/3493/3092 3101/3495/3094 2995/3496/3095 3111/3497/3096
f 3085/3443/3046 3233/3493/3092 3111/3497/3096 2987/3444/3047
f 2985/3470/3071 3106/3498/3080 3234/3499/3097 3083/3471/3072
f 3106/3498/3080 2993/3500/3079 3099/3501/3098 3234/3499/3097
f 3234/3499/3097 3099/3501/3098 2996/3494/3093 3112/3492/3091
f 3083/3471/3072 3234/3499/3097 3112/3492/3091 2988/3442/3045
f 2984/3462/3065 3109/3502/3090 3235/3503/3099 3088/3463/3066
f 3109/3502/3090 2992/3504/3089 3104/3505/3100 3235/3503/3099
f 3235/3503/3099 3104/3505/3100 2989/3506/3101 3113/3507/3102
f 3088/3463/3066 3235/3503/3099 3113/3507/3102 2981/3458/3061
f 2981/3458/3061 3113/3507/3102 3236/3508/3103 3086/3459/3062
f 3113/3507/3102 2989/3506/3101 3102/3509/3104 3236/3508/3103
f 3236/3508/3103 3102/3509/3104 2990/3484/3083 3108/3482/3081
f 3086/3459/3062 3236/3508/3103 3108/3482/3081 2982/3448/3051
f 2987/3444/3047 3111/3497/3096 3237/3510/3105 3084/3453/3056
f 3111/3497/3096 2995/3496/3095 3100/3511/3106 3237/3510/3105
f 3237/3510/3105 3100/3511/3106 2994/3488/3087 3110/3486/3085
f 3084/3453/3056 3237/3510/3105 3110/3486/3085 2986/3454/3057
f 2992/3504/3089 3123/3512/3107 3238/3513/3108 3104/3505/3100
f 3123/3512/3107 3000/3514/3109 3120/3515/3110 3238/3513/3108
f 3238/3513/3108 3120/3515/3110 2997/3516/3111 3122/3517/3112
f 3104/3505/3100 3238/3513/3108 3122/3517/3112 2989/3506/3101
f 2989/3506/3101 3122/3517/3112 3239/3518/3113 3102/3509/3104
f 3122/3517/3112 2997/3516/3111 3118/3519/3114 3239/3518/3113
f 3239/3518/3113 3118/3519/3114 2998/3520/3115 3124/3521/3116
f 3102/3509/3104 3239/3518/3113 3124/3521/3116 2990/3484/3083
f 2995/3496/3095 3126/3522/3117 3240/3523/3118 3100/3511/3106
f 3126/3522/3117 3003/3524/3119 3116/3525/3120 3240/3523/3118
f 3240/3523/3118 3116/3525/3120 3002/3526/3121 3125/3527/3122
f 3100/3511/3106 3240/3523/3118 3125/3527/3122 2994/3488/3087
f 2991/3478/3077 3128/3528/3123 3241/3529/3124 3098/3479/3078
f 3128/3528/3123 2999/3530/3125 3114/3531/3126 3241/3529/3124
f 3241/3529/3124 3114/3531/3126 3001/3532/3127 3127/3533/3128
f 3098/3479/3078 3241/3529/3124 3127/3533/3128 2993/3480/3079
f 2990/3484/3083 3124/3521/3116 3242/3534/3129 3105/3485/3084
f 3124/3521/3116 2998/3520/3115 3121/3535/3130 3242/3534/3129
f 3242/3534/3129 3121/3535/3130 2999/3530/3125 3128/3528/3123
f 3105/3485/3084 3242/3534/3129 3128/3528/3123 2991/3478/3077
f 2994/3488/3087 3125/3527/3122 3243/3536/3131 3103/3489/3088
f 3125/3527/3122 3002/3526/3121 3119/3537/3132 3243/3536/3131
f 3243/3536/3131 3119/3537/3132 3000/3538/3109 3123/3539/3107
f 3103/3489/3088 3243/3536/3131 3123/3539/3107 2992/3490/3089
f 2996/3494/3093 3129/3540/3133 3244/3541/3134 3101/3495/3094
f 3129/3540/3133 3004/3542/3135 3117/3543/3136 3244/3541/3134
f 3244/3541/3134 3117/3543/3136 3003/3524/3119 3126/3522/3117
f 3101/3495/3094 3244/3541/3134 3126/3522/3117 2995/3496/3095
f 2993/3500/3079 3127/3544/3128 3245/3545/3137 3099/3501/3098
f 3127/3544/3128 3001/3546/3127 3115/3547/3138 3245/3545/3137
f 3245/3545/3137 3115/3547/3138 3004/3542/3135 3129/3540/3133
f 3099/3501/3098 3245/3545/3137 3129/3540/3133 2996/3494/3093
f 3001/3546/3127 3139/3548/3139 3246/3549/3140 3115/3547/3138
f 3139/3548/3139 3009/3550/3141 3131/3551/3142 3246/3549/3140
f 3246/3549/3140 3131/3551/3142 3012/3552/3143 3138/3553/3144
f 3115/3547/3138 3246/3549/3140 3138/3553/3144 3004/3542/3135
f 3000/3514/3109 3141/3554/3145 3247/3555/3146 3120/3515/3110
f 3141/3554/3145 3008/3556/3147 3136/3557/3148 3247/3555/3146
f 3247/3555/3146 3136/3557/3148 3005/3558/3149 3140/3559/3150
f 3120/3515/3110 3247/3555/3146 3140/3559/3150 2997/3516/3111
f 2997/3516/3111 3140/3559/3150 3248/3560/3151 3118/3519/3114
f 3140/3559/3150 3005/3558/3149 3134/3561/3152 3248/3560/3151
f 3248/3560/3151 3134/3561/3152 3006/3562/3153 3142/3563/3154
f 3118/3519/3114 3248/3560/3151 3142/3563/3154 2998/3520/3115
f 3003/3524/3119 3144/3564/3155 3249/3565/3156 3116/3525/3120
f 3144/3564/3155 3011/3566/3157 3132/3567/3158 3249/3565/3156
f 3249/3565/3156 3132/3567/3158 3010/3568/3159 3143/3569/3160
f 3116/3525/3120 3249/3565/3156 3143/3569/3160 3002/3526/3121
f 2999/3530/3125 3145/3570/3161 3250/3571/3162 3114/3531/3126
f 3145/3570/3161 3007/3572/3163 3130/3573/3164 3250/3571/3162
f 3250/3571/3162 3130/3573/3164 3009/3574/3141 3139/3575/3139
f 3114/3531/3126 3250/3571/3162 3139/3575/3139 3001/3532/3127
f 2998/3520/3115 3142/3563/3154 3251/3576/3165 3121/3535/3130
f 3142/3563/3154 3006/3562/3153 3137/3577/3166 3251/3576/3165
f 3251/3576/3165 3137/3577/3166 3007/3572/3163 3145/3570/3161
f 3121/3535/3130 3251/3576/3165 3145/3570/3161 2999/3530/3125
f 3002/3526/3121 3143/3569/3160 3252/3578/3167 3119/3537/3132
f 3143/3569/3160 3010/3568/3159 3135/3579/3168 3252/3578/3167
f 3252/3578/3167 3135/3579/3168 3008/3580/3147 3141/3581/3145
f 3119/3537/3132 3252/3578/3167 3141/3581/3145 3000/3538/3109
f 3004/3542/3135 3138/3553/3144 3253/3582/3169 3117/3543/3136
f 3138/3553/3144 3012/3552/3143 3133/3583/3170 3253/3582/3169
f 3253/3582/3169 3133/3583/3170 3011/3566/3157 3144/3564/3155
f 3117/3543/3136 3253/3582/3169 3144/3564/3155 3003/3524/3119
f 3006/3562/3153 3155/3584/3171 3254/3585/3172 3137/3577/3166
f 3155/3584/3171 3014/3586/3173 3153/3587/3174 3254/3585/3172
f 3254/3585/3172 3153/3587/3174 3015/3588/3175 3154/3589/3176
f 3137/3577/3166 3254/3585/3172 3154/3589/3176 3007/3572/3163
f 3010/3568/3159 3157/3590/3177 3255/3591/3178 3135/3579/3168
f 3157/3590/3177 3018/3592/3179 3151/3593/3180 3255/3591/3178
f 3255/3591/3178 3151/3593/3180 3016/3594/3181 3156/3595/3182
f 3135/3579/3168 3255/3591/3178 3156/3595/3182 3008/3580/3147
f 3012/3552/3143 3159/3596/3183 3256/3597/3184 3133/3583/3170
f 3159/3596/3183 3020/3598/3185 3149/3599/3186 3256/3597/3184
f 3256/3597/3184 3149/3599/3186 3019/3600/3187 3158/3601/3188
f 3133/3583/3170 3256/3597/3184 3158/3601/3188 3011/3566/3157
f 3009/3550/3141 3160/3602/3189 3257/3603/3190 3131/3551/3142
f 3160/3602/3189 3017/3604/3191 3147/3605/3192 3257/3603/3190
f 3257/3603/3190 3147/3605/3192 3020/3598/3185 3159/3596/3183
f 3131/3551/3142 3257/3603/3190 3159/3596/3183 3012/3552/3143
f 3008/3556/3147 3156/3606/3182 3258/3607/3193 3136/3557/3148
f 3156/3606/3182 3016/3608/3181 3152/3609/3194 3258/3607/3193
f 3258/3607/3193 3152/3609/3194 3013/3610/3195 3161/3611/3196
f 3136/3557/3148 3258/3607/3193 3161/3611/3196 3005/3558/3149
f 3005/3558/3149 3161/3611/3196 3259/3612/3197 3134/3561/3152
f 3161/3611/3196 3013/3610/3195 3150/3613/3198 3259/3612/3197
f 3259/3612/3197 3150/3613/3198 3014/3586/3173 3155/3584/3171
f 3134/3561/3152 3259/3612/3197 3155/3584/3171 3006/3562/3153
f 3011/3566/3157 3158/3601/3188 3260/3614/3199 3132/3567/3158
f 3158/3601/3188 3019/3600/3187 3148/3615/3200 3260/3614/3199
f 3260/3614/3199 3148/3615/3200 3018/3592/3179 3157/3590/3177
f 3132/3567/3158 3260/3614/3199 3157/3590/3177 3010/3568/3159
f 3007/3572/3163 3154/3589/3176 3261/3616/3201 3130/3573/3164
f 3154/3589/3176 3015/3588/3175 3146/3617/3202 3261/3616/3201
f 3261/3616/3201 3146/3617/3202 3017/3618/3191 3160/3619/3189
f 3130/3573/3164 3261/3616/3201 3160/3619/3189 3009/3574/3141
f 3019/3600/3187 3171/3620/3203 3262/3621/3204 3148/3615/3200
f 3171/3620/3203 3027/3622/3205 3164/3623/3206 3262/3621/3204
f 3262/3621/3204 3164/3623/3206 3026/3624/3207 3170/3625/3208
f 3148/3615/3200 3262/3621/3204 3170/3625/3208 3018/3592/3179
f 3015/3588/3175 3173/3626/3209 3263/3627/3210 3146/3617/3202
f 3173/3626/3209 3023/3628/3211 3162/3629/3212 3263/3627/3210
f 3263/3627/3210 3162/3629/3212 3025/3630/3213 3172/3631/3214
f 3146/3617/3202 3263/3627/3210 3172/3631/3214 3017/3618/3191
f 3014/3586/3173 3174/3632/3215 3264/3633/3216 3153/3587/3174
f 3174/3632/3215 3022/3634/3217 3169/3635/3218 3264/3633/3216
f 3264/3633/3216 3169/3635/3218 3023/3628/3211 3173/3626/3209
f 3153/3587/3174 3264/3633/3216 3173/3626/3209 3015/3588/3175
f 3018/3592/3179 3170/3625/3208 3265/3636/3219 3151/3593/3180
f 3170/3625/3208 3026/3624/3207 3167/3637/3220 3265/3636/3219
f 3265/3636/3219 3167/3637/3220 3024/3638/3221 3175/3639/3222
f 3151/3593/3180 3265/3636/3219 3175/3639/3222 3016/3594/3181
f 3020/3598/3185 3176/3640/3223 3266/3641/3224 3149/3599/3186
f 3176/3640/3223 3028/3642/3225 3165/3643/3226 3266/3641/3224
f 3266/3641/3224 3165/3643/3226 3027/3622/3205 3171/3620/3203
f 3149/3599/3186 3266/3641/3224 3171/3620/3203 3019/3600/3187
f 3017/3604/3191 3172/3644/3214 3267/3645/3227 3147/3605/3192
f 3172/3644/3214 3025/3646/3213 3163/3647/3228 3267/3645/3227
f 3267/3645/3227 3163/3647/3228 3028/3642/3225 3176/3640/3223
f 3147/3605/3192 3267/3645/3227 3176/3640/3223 3020/3598/3185
f 3016/3608/3181 3175/3648/3222 3268/3649/3229 3152/3609/3194
f 3175/3648/3222 3024/3650/3221 3168/3651/3230 3268/3649/3229
f 3268/3649/3229 3168/3651/3230 3021/3652/3231 3177/3653/3232
f 3152/3609/3194 3268/3649/3229 3177/3653/3232 3013/3610/3195
f 3013/3610/3195 3177/3653/3232 3269/3654/3233 3150/3613/3198
f 3177/3653/3232 3021/3652/3231 3166/3655/3234 3269/3654/3233
f 3269/3654/3233 3166/3655/3234 3022/3634/3217 3174/3632/3215
f 3150/3613/3198 3269/3654/3233 3174/3632/3215 3014/3586/3173
f 3024/3650/3221 3187/3656/3235 3270/3657/3236 3168/3651/3230
f 3187/3656/3235 3032/3658/3237 3184/3659/3238 3270/3657/3236
f 3270/3657/3236 3184/3659/3238 3029/3660/3239 3186/3661/3240
f 3168/3651/3230 3270/3657/3236 3186/3661/3240 3021/3652/3231
f 3021/3652/3231 3186/3661/3240 3271/3662/3241 3166/3655/3234
f 3186/3661/3240 3029/3660/3239 3182/3663/3242 3271/3662/3241
f 3271/3662/3241 3182/3663/3242 3030/3664/3243 3188/3665/3244
f 3166/3655/3234 3271/3662/3241 3188/3665/3244 3022/3634/3217
f 3027/3622/3205 3190/3666/3245 3272/3667/3246 3164/3623/3206
f 3190/3666/3245 3035/3668/3247 3180/3669/3248 3272/3667/3246
f 3272/3667/3246 3180/3669/3248 3034/3670/3249 3189/3671/3250
f 3164/3623/3206 3272/3667/3246 3189/3671/3250 3026/3624/3207
f 3023/3628/3211 3192/3672/3251 3273/3673/3252 3162/3629/3212
f 3192/3672/3251 3031/3674/3253 3178/3675/3254 3273/3673/3252
f 3273/3673/3252 3178/3675/3254 3033/3676/3255 3191/3677/3256
f 3162/3629/3212 3273/3673/3252 3191/3677/3256 3025/3630/3213
f 3022/3634/3217 3188/3665/3244 3274/3678/3257 3169/3635/3218
f 3188/3665/3244 3030/3664/3243 3185/3679/3258 3274/3678/3257
f 3274/3678/3257 3185/3679/3258 3031/3674/3253 3192/3672/3251
f 3169/3635/3218 3274/3678/3257 3192/3672/3251 3023/3628/3211
f 3026/3624/3207 3189/3671/3250 3275/3680/3259 3167/3637/3220
f 3189/3671/3250 3034/3670/3249 3183/3681/3260 3275/3680/3259
f 3275/3680/3259 3183/3681/3260 3032/3682/3237 3187/3683/3235
f 3167/3637/3220 3275/3680/3259 3187/3683/3235 3024/3638/3221
f 3028/3642/3225 3193/3684/3261 3276/3685/3262 3165/3643/3226
f 3193/3684/3261 3036/3686/3263 3181/3687/3264 3276/3685/3262
f 3276/3685/3262 3181/3687/3264 3035/3668/3247 3190/3666/3245
f 3165/3643/3226 3276/3685/3262 3190/3666/3245 3027/3622/3205
f 3025/3646/3213 3191/3688/3256 3277/3689/3265 3163/3647/3228
f 3191/3688/3256 3033/3690/3255 3179/3691/3266 3277/3689/3265
f 3277/3689/3265 3179/3691/3266 3036/3686/3263 3193/3684/3261
f 3163/3647/3228 3277/3689/3265 3193/3684/3261 3028/3642/3225
f 3036/3686/3263 3200/3692/3267 3278/3693/3268 3181/3687/3264
f 3037/3694/3269 3201/3695/3270 3278/3693/3268 3200/3692/3267
f 3035/3668/3247 3181/3687/3264 3278/3693/3268 3201/3695/3270
f 3033/3690/3255 3199/3696/3271 3279/3697/3272 3179/3691/3266
f 3037/3694/3269 3200/3692/3267 3279/3697/3272 3199/3696/3271
f 3036/3686/3263 3179/3691/3266 3279/3697/3272 3200/3692/3267
f 3032/3658/3237 3198/3698/3273 3280/3699/3274 3184/3659/3238
f 3037/3700/3269 3194/3701/3275 3280/3699/3274 3198/3698/3273
f 3029/3660/3239 3184/3659/3238 3280/3699/3274 3194/3701/3275
f 3029/3660/3239 3194/3701/3275 3281/3702/3276 3182/3663/3242
f 3037/3700/3269 3197/3703/3277 3281/3702/3276 3194/3701/3275
f 3030/3664/3243 3182/3663/3242 3281/3702/3276 3197/3703/3277
f 3035/3668/3247 3201/3695/3270 3282/3704/3278 3180/3669/3248
f 3037/3694/3269 3196/3705/3279 3282/3704/3278 3201/3695/3270
f 3034/3670/3249 3180/3669/3248 3282/3704/3278 3196/3705/3279
f 3031/3674/3253 3195/3706/3280 3283/3707/3281 3178/3675/3254
f 3037/3700/3269 3199/3708/3271 3283/3707/3281 3195/3706/3280
f 3033/3676/3255 3178/3675/3254 3283/3707/3281 3199/3708/3271
f 3030/3664/3243 3197/3703/3277 3284/3709/3282 3185/3679/3258
f 3037/3700/3269 3195/3706/3280 3284/3709/3282 3197/3703/3277
f 3031/3674/3253 3185/3679/3258 3284/3709/3282 3195/3706/3280
f 3034/3670/3249 3196/3705/3279 3285/3710/3283 3183/3681/3260
f 3037/3694/3269 3198/3711/3273 3285/3710/3283 3196/3705/3279
f 3032/3682/3237 3183/3681/3260 3285/3710/3283 3198/3711/3273
f 3297/3712/3284 3346/3713/3285 3372/3714/3286 3335/3715/3287
f 3346/3713/3285 3295/3716/3288 3318/3717/3289 3372/3714/3286
f 3372/3714/3286 3318/3717/3289 3289/3718/3290 3330/3719/3291
f 3335/3715/3287 3372/3714/3286 3330/3719/3291 3292/3720/3292
f 3295/3716/3288 3345/3721/3293 3373/3722/3294 3318/3717/3289
f 3345/3721/3293 3294/3723/3295 3317/3724/3296 3373/3722/3294
f 3373/3722/3294 3317/3724/3296 3288/3725/3297 3320/3726/3298
f 3318/3717/3289 3373/3722/3294 3320/3726/3298 3289/3718/3290
f 3293/3727/3299 3323/3728/3300 3374/3729/3301 3334/3730/3302
f 3323/3728/3300 3305/3731/3303 3324/3732/3304 3374/3729/3301
f 3374/3729/3301 3324/3732/3304 3304/3733/3305 3322/3734/3306
f 3334/3730/3302 3374/3729/3301 3322/3734/3306 3292/3735/3292
f 3290/3736/3307 3328/3737/3308 3375/3738/3309 3333/3739/3310
f 3328/3737/3308 3303/3740/3311 3325/3741/3312 3375/3738/3309
f 3375/3738/3309 3325/3741/3312 3302/3742/3313 3321/3743/3314
f 3333/3739/3310 3375/3738/3309 3321/3743/3314 3291/3744/3315
f 3296/3745/3316 3344/3746/3317 3376/3747/3318 3332/3748/3319
f 3344/3746/3317 3313/3749/3320 3327/3750/3321 3376/3747/3318
f 3376/3747/3318 3327/3750/3321 3305/3731/3303 3323/3728/3300
f 3332/3748/3319 3376/3747/3318 3323/3728/3300 3293/3727/3299
f 3294/3751/3295 3343/3752/3322 3377/3753/3323 3317/3754/3296
f 3343/3752/3322 3296/3745/3316 3332/3748/3319 3377/3753/3323
f 3377/3753/3323 3332/3748/3319 3293/3727/3299 3331/3755/3324
f 3317/3754/3296 3377/3753/3323 3331/3755/3324 3288/3756/3297
f 3287/3757/3325 3316/3758/3326 3378/3759/3327 3319/3760/3328
f 3316/3758/3326 3290/3761/3307 3333/3762/3310 3378/3759/3327
f 3378/3759/3327 3333/3762/3310 3291/3763/3315 3329/3764/3329
f 3319/3760/3328 3378/3759/3327 3329/3764/3329 3286/3765/3330
f 3288/3756/3297 3331/3755/3324 3379/3766/3331 3320/3767/3298
f 3331/3755/3324 3293/3727/3299 3334/3730/3302 3379/3766/3331
f 3379/3766/3331 3334/3730/3302 3292/3735/3292 3330/3768/3291
f 3320/3767/3298 3379/3766/3331 3330/3768/3291 3289/3769/3290
f 3312/3770/3332 3342/3771/3333 3380/3772/3334 3326/3773/3335
f 3342/3771/3333 3297/3712/3284 3335/3715/3287 3380/3772/3334
f 3380/3772/3334 3335/3715/3287 3292/3720/3292 3322/3774/3306
f 3326/3773/3335 3380/3772/3334 3322/3774/3306 3304/3775/3305
f 3303/3776/3311 3328/3777/3308 3381/3778/3336 3338/3779/3337
f 3328/3777/3308 3290/3761/3307 3341/3780/3338 3381/3778/3336
f 3381/3778/3336 3341/3780/3338 3297/3712/3284 3342/3771/3333
f 3338/3779/3337 3381/3778/3336 3342/3771/3333 3312/3770/3332
f 3286/3781/3330 3329/3782/3329 3382/3783/3339 3336/3784/3340
f 3329/3782/3329 3291/3744/3315 3340/3785/3341 3382/3783/3339
f 3382/3783/3339 3340/3785/3341 3296/3745/3316 3343/3752/3322
f 3336/3784/3340 3382/3783/3339 3343/3752/3322 3294/3751/3295
f 3291/3744/3315 3321/3743/3314 3383/3786/3342 3340/3785/3341
f 3321/3743/3314 3302/3742/3313 3339/3787/3343 3383/3786/3342
f 3383/3786/3342 3339/3787/3343 3313/3749/3320 3344/3746/3317
f 3340/3785/3341 3383/3786/3342 3344/3746/3317 3296/3745/3316
f 3287/3757/3325 3319/3760/3328 3384/3788/3344 3337/3789/3345
f 3319/3760/3328 3286/3765/3330 3336/3790/3340 3384/3788/3344
f 3384/3788/3344 3336/3790/3340 3294/3723/3295 3345/3721/3293
f 3337/3789/3345 3384/3788/3344 3345/3721/3293 3295/3716/3288
f 3290/3761/3307 3316/3758/3326 3385/3791/3346 3341/3780/3338
f 3316/3758/3326 3287/3757/3325 3337/3789/3345 3385/3791/3346
f 3385/3791/3346 3337/3789/3345 3295/3716/3288 3346/3713/3285
f 3341/3780/3338 3385/3791/3346 3346/3713/3285 3297/3712/3284
f 3315/3792/3347 3362/3793/3348 3386/3794/3349 3371/3795/3350
f 3362/3793/3348 3308/3796/3351 3357/3797/3352 3386/3794/3349
f 3386/3794/3349 3357/3797/3352 3301/3798/3353 3349/3799/3354
f 3371/3795/3350 3386/3794/3349 3349/3799/3354 3311/3800/3355
f 3311/3800/3355 3349/3799/3354 3387/3801/3356 3370/3802/3357
f 3349/3799/3354 3301/3798/3353 3351/3803/3358 3387/3801/3356
f 3387/3801/3356 3351/3803/3358 3300/3804/3359 3348/3805/3360
f 3370/3802/3357 3387/3801/3356 3348/3805/3360 3310/3806/3361
f 3309/3807/3362 3361/3808/3363 3388/3809/3364 3354/3810/3365
f 3361/3808/3363 3308/3811/3351 3353/3812/3366 3388/3809/3364
f 3388/3809/3364 3353/3812/3366 3304/3733/3305 3324/3732/3304
f 3354/3810/3365 3388/3809/3364 3324/3732/3304 3305/3731/3303
f 3306/3813/3367 3360/3814/3368 3389/3815/3369 3355/3816/3370
f 3360/3814/3368 3307/3817/3371 3352/3818/3372 3389/3815/3369
f 3389/3815/3369 3352/3818/3372 3302/3742/3313 3325/3741/3312
f 3355/3816/3370 3389/3815/3369 3325/3741/3312 3303/3740/3311
f 3314/3819/3373 3359/3820/3374 3390/3821/3375 3369/3822/3376
f 3359/3820/3374 3309/3807/3362 3354/3810/3365 3390/3821/3375
f 3390/3821/3375 3354/3810/3365 3305/3731/3303 3327/3750/3321
f 3369/3822/3376 3390/3821/3375 3327/3750/3321 3313/3749/3320
f 3310/3823/3361 3348/3824/3360 3391/3825/3377 3368/3826/3378
f 3348/3824/3360 3300/3827/3359 3358/3828/3379 3391/3825/3377
f 3391/3825/3377 3358/3828/3379 3309/3807/3362 3359/3820/3374
f 3368/3826/3378 3391/3825/3377 3359/3820/3374 3314/3819/3373
f 3299/3829/3380 3350/3830/3381 3392/3831/3382 3347/3832/3383
f 3350/3830/3381 3298/3833/3384 3356/3834/3385 3392/3831/3382
f 3392/3831/3382 3356/3834/3385 3307/3835/3371 3360/3836/3368
f 3347/3832/3383 3392/3831/3382 3360/3836/3368 3306/3837/3367
f 3300/3827/3359 3351/3838/3358 3393/3839/3386 3358/3828/3379
f 3351/3838/3358 3301/3840/3353 3357/3841/3352 3393/3839/3386
f 3393/3839/3386 3357/3841/3352 3308/3811/3351 3361/3808/3363
f 3358/3828/3379 3393/3839/3386 3361/3808/3363 3309/3807/3362
f 3312/3770/3332 3326/3773/3335 3394/3842/3387 3367/3843/3388
f 3326/3773/3335 3304/3775/3305 3353/3844/3366 3394/3842/3387
f 3394/3842/3387 3353/3844/3366 3308/3796/3351 3362/3793/3348
f 3367/3843/3388 3394/3842/3387 3362/3793/3348 3315/3792/3347
f 3303/3776/3311 3338/3779/3337 3395/3845/3389 3355/3846/3370
f 3338/3779/3337 3312/3770/3332 3367/3843/3388 3395/3845/3389
f 3395/3845/3389 3367/3843/3388 3315/3792/3347 3366/3847/3390
f 3355/3846/3370 3395/3845/3389 3366/3847/3390 3306/3837/3367
f 3298/3848/3384 3363/3849/3391 3396/3850/3392 3356/3851/3385
f 3363/3849/3391 3310/3823/3361 3368/3826/3378 3396/3850/3392
f 3396/3850/3392 3368/3826/3378 3314/3819/3373 3365/3852/3393
f 3356/3851/3385 3396/3850/3392 3365/3852/3393 3307/3817/3371
f 3307/3817/3371 3365/3852/3393 3397/3853/3394 3352/3818/3372
f 3365/3852/3393 3314/3819/3373 3369/3822/3376 3397/3853/3394
f 3397/3853/3394 3369/3822/3376 3313/3749/3320 3339/3787/3343
f 3352/3818/3372 3397/3853/3394 3339/3787/3343 3302/3742/3313
f 3299/3829/3380 3364/3854/3395 3398/3855/3396 3350/3830/3381
f 3364/3854/3395 3311/3800/3355 3370/3802/3357 3398/3855/3396
f 3398/3855/3396 3370/3802/3357 3310/3806/3361 3363/3856/3391
f 3350/3830/3381 3398/3855/3396 3363/3856/3391 3298/3833/3384
f 3306/3837/3367 3366/3847/3390 3399/3857/3397 3347/3832/3383
f 3366/3847/3390 3315/3792/3347 3371/3795/3350 3399/3857/3397
f 3399/3857/3397 3371/3795/3350 3311/3800/3355 3364/3854/3395
f 3347/3832/3383 3399/3857/3397 3364/3854/3395 3299/3829/3380
f 3400/3858/3398 3482/3859/3399 3646/3860/3400 3483/3861/3401
f 3482/3859/3399 3401/3862/3402 3484/3863/3403 3646/3860/3400
f 3646/3860/3400 3484/3863/3403 3403/3864/3404 3507/3865/3405
f 3483/3861/3401 3646/3860/3400 3507/3865/3405 3402/3866/3406
f 3401/3862/3402 3485/3867/3407 3647/3868/3408 3484/3863/3403
f 3485/3867/3407 3404/3869/3409 3487/3870/3410 3647/3868/3408
f 3647/3868/3408 3487/3870/3410 3406/3871/3411 3512/3872/3412
f 3484/3863/3403 3647/3868/3408 3512/3872/3412 3403/3864/3404
f 3402/3866/3406 3507/3865/3405 3648/3873/3413 3498/3874/3414
f 3507/3865/3405 3403/3864/3404 3499/3875/3415 3648/3873/3413
f 3648/3873/3413 3499/3875/3415 3418/3876/3416 3520/3877/3417
f 3498/3874/3414 3648/3873/3413 3520/3877/3417 3417/3878/3418
f 3403/3864/3404 3512/3872/3412 3649/3879/3419 3499/3875/3415
f 3512/3872/3412 3406/3871/3411 3500/3880/3420 3649/3879/3419
f 3649/3879/3419 3500/3880/3420 3419/3881/3421 3524/3882/3422
f 3499/3875/3415 3649/3879/3419 3524/3882/3422 3418/3876/3416
f 3404/3869/3409 3486/3883/3423 3650/3884/3424 3487/3870/3410
f 3486/3883/3423 3405/3885/3425 3488/3886/3426 3650/3884/3424
f 3650/3884/3424 3488/3886/3426 3407/3887/3427 3517/3888/3428
f 3487/3870/3410 3650/3884/3424 3517/3888/3428 3406/3871/3411
f 3405/3889/3425 3489/3890/3429 3651/3891/3430 3488/3892/3426
f 3489/3890/3429 3408/3893/3431 3491/3894/3432 3651/3891/3430
f 3651/3891/3430 3491/3894/3432 3410/3895/3433 3522/3896/3434
f 3488/3892/3426 3651/3891/3430 3522/3896/3434 3407/3897/3427
f 3406/3871/3411 3517/3888/3428 3652/3898/3435 3500/3880/3420
f 3517/3888/3428 3407/3887/3427 3502/3899/3436 3652/3898/3435
f 3652/3898/3435 3502/3899/3436 3421/3900/3437 3508/3901/3438
f 3500/3880/3420 3652/3898/3435 3508/3901/3438 3419/3881/3421
f 3407/3897/3427 3522/3896/3434 3653/3902/3439 3502/3903/3436
f 3522/3896/3434 3410/3895/3433 3505/3904/3440 3653/3902/3439
f 3653/3902/3439 3505/3904/3440 3424/3905/3441 3510/3906/3442
f 3502/3903/3436 3653/3902/3439 3510/3906/3442 3421/3907/3437
f 3408/3893/3431 3490/3908/3443 3654/3909/3444 3491/3894/3432
f 3490/3908/3443 3409/3910/3445 3492/3911/3446 3654/3909/3444
f 3654/3909/3444 3492/3911/3446 3411/3912/3447 3509/3913/3448
f 3491/3894/3432 3654/3909/3444 3509/3913/3448 3410/3895/3433
f 3409/3910/3445 3493/3914/3449 3655/3915/3450 3492/3911/3446
f 3493/3914/3449 3412/3916/3451 3495/3917/3452 3655/3915/3450
f 3655/3915/3450 3495/3917/3452 3414/3918/3453 3506/3919/3454
f 3492/3911/3446 3655/3915/3450 3506/3919/3454 3411/3912/3447
f 3410/3895/3433 3509/3913/3448 3656/3920/3455 3505/3904/3440
f 3509/3913/3448 3411/3912/3447 3504/3921/3456 3656/3920/3455
f 3656/3920/3455 3504/3921/3456 3423/3922/3457 3515/3923/3458
f 3505/3904/3440 3656/3920/3455 3515/3923/3458 3424/3905/3441
f 3411/3912/3447 3506/3919/3454 3657/3924/3459 3504/3921/3456
f 3506/3919/3454 3414/3918/3453 3503/3925/3460 3657/3924/3459
f 3657/3924/3459 3503/3925/3460 3422/3926/3461 3511/3927/3462
f 3504/3921/3456 3657/3924/3459 3511/3927/3462 3423/3922/3457
f 3412/3916/3451 3494/3928/3463 3658/3929/3464 3495/3917/3452
f 3494/3928/3463 3413/3930/3465 3496/3931/3466 3658/3929/3464
f 3658/3929/3464 3496/3931/3466 3415/3932/3467 3514/3933/3468
f 3495/3917/3452 3658/3929/3464 3514/3933/3468 3414/3918/3453
f 3413/3934/3465 3516/3935/3469 3659/3936/3470 3496/3937/3466
f 3516/3935/3469 3400/3858/3398 3483/3861/3401 3659/3936/3470
f 3659/3936/3470 3483/3861/3401 3402/3866/3406 3519/3938/3471
f 3496/3937/3466 3659/3936/3470 3519/3938/3471 3415/3939/3467
f 3414/3918/3453 3514/3933/3468 3660/3940/3472 3503/3925/3460
f 3514/3933/3468 3415/3932/3467 3501/3941/3473 3660/3940/3472
f 3660/3940/3472 3501/3941/3473 3420/3942/3474 3521/3943/3475
f 3503/3925/3460 3660/3940/3472 3521/3943/3475 3422/3926/3461
f 3415/3939/3467 3519/3938/3471 3661/3944/3476 3501/3945/3473
f 3519/3938/3471 3402/3866/3406 3498/3874/3414 3661/3944/3476
f 3661/3944/3476 3498/3874/3414 3417/3878/3418 3523/3946/3477
f 3501/3945/3473 3661/3944/3476 3523/3946/3477 3420/3947/3474
f 3412/3916/3451 3493/3914/3449 3662/3948/3478 3494/3928/3463
f 3493/3914/3449 3409/3910/3445 3497/3949/3479 3662/3948/3478
f 3662/3948/3478 3497/3949/3479 3416/3950/3480 3513/3951/3481
f 3494/3928/3463 3662/3948/3478 3513/3951/3481 3413/3930/3465
f 3409/3910/3445 3490/3908/3443 3663/3952/3482 3497/3949/3479
f 3490/3908/3443 3408/3893/3431 3489/3890/3429 3663/3952/3482
f 3663/3952/3482 3489/3890/3429 3405/3889/3425 3525/3953/3483
f 3497/3949/3479 3663/3952/3482 3525/3953/3483 3416/3950/3480
f 3413/3934/3465 3513/3954/3481 3664/3955/3484 3516/3935/3469
f 3513/3954/3481 3416/3956/3480 3518/3957/3485 3664/3955/3484
f 3664/3955/3484 3518/3957/3485 3401/3862/3402 3482/3859/3399
f 3516/3935/3469 3664/3955/3484 3482/3859/3399 3400/3858/3398
f 3416/3956/3480 3525/3958/3483 3665/3959/3486 3518/3957/3485
f 3525/3958/3483 3405/3885/3425 3486/3883/3423 3665/3959/3486
f 3665/3959/3486 3486/3883/3423 3404/3869/3409 3485/3867/3407
f 3518/3957/3485 3665/3959/3486 3485/3867/3407 3401/3862/3402
f 3424/3905/3441 3515/3923/3458 3666/3960/3487 3535/3961/3488
f 3515/3923/3458 3423/3922/3457 3534/3962/3489 3666/3960/3487
f 3666/3960/3487 3534/3962/3489 3431/3963/3490 3529/3964/3491
f 3535/3961/3488 3666/3960/3487 3529/3964/3491 3432/3965/3492
f 3418/3876/3416 3524/3882/3422 3667/3966/3493 3537/3967/3494
f 3524/3882/3422 3419/3881/3421 3536/3968/3495 3667/3966/3493
f 3667/3966/3493 3536/3968/3495 3427/3969/3496 3533/3970/3497
f 3537/3967/3494 3667/3966/3493 3533/3970/3497 3426/3971/3498
f 3423/3922/3457 3511/3927/3462 3668/3972/3499 3534/3962/3489
f 3511/3927/3462 3422/3926/3461 3538/3973/3500 3668/3972/3499
f 3668/3972/3499 3538/3973/3500 3430/3974/3501 3528/3975/3502
f 3534/3962/3489 3668/3972/3499 3528/3975/3502 3431/3963/3490
f 3417/3878/3418 3520/3877/3417 3669/3976/3503 3539/3977/3504
f 3520/3877/3417 3418/3876/3416 3537/3967/3494 3669/3976/3503
f 3669/3976/3503 3537/3967/3494 3426/3971/3498 3530/3978/3505
f 3539/3977/3504 3669/3976/3503 3530/3978/3505 3425/3979/3506
f 3420/3947/3474 3523/3946/3477 3670/3980/3507 3540/3981/3508
f 3523/3946/3477 3417/3878/3418 3539/3977/3504 3670/3980/3507
f 3670/3980/3507 3539/3977/3504 3425/3979/3506 3532/3982/3509
f 3540/3981/3508 3670/3980/3507 3532/3982/3509 3428/3983/3510
f 3422/3926/3461 3521/3943/3475 3671/3984/3511 3538/3973/3500
f 3521/3943/3475 3420/3942/3474 3540/3985/3508 3671/3984/3511
f 3671/3984/3511 3540/3985/3508 3428/3986/3510 3531/3987/3512
f 3538/3973/3500 3671/3984/3511 3531/3987/3512 3430/3974/3501
f 3421/3907/3437 3510/3906/3442 3672/3988/3513 3541/3989/3514
f 3510/3906/3442 3424/3905/3441 3535/3961/3488 3672/3988/3513
f 3672/3988/3513 3535/3961/3488 3432/3965/3492 3527/3990/3515
f 3541/3989/3514 3672/3988/3513 3527/3990/3515 3429/3991/3516
f 3419/3881/3421 3508/3901/3438 3673/3992/3517 3536/3968/3495
f 3508/3901/3438 3421/3900/3437 3541/3993/3514 3673/3992/3517
f 3673/3992/3517 3541/3993/3514 3429/3994/3516 3526/3995/3518
f 3536/3968/3495 3673/3992/3517 3526/3995/3518 3427/3969/3496
f 3427/3969/3496 3526/3995/3518 3674/3996/3519 3551/3997/3520
f 3526/3995/3518 3429/3994/3516 3550/3998/3521 3674/3996/3519
f 3674/3996/3519 3550/3998/3521 3437/3999/3522 3542/4000/3523
f 3551/3997/3520 3674/3996/3519 3542/4000/3523 3435/4001/3524
f 3426/3971/3498 3533/3970/3497 3675/4002/3525 3552/4003/3526
f 3533/3970/3497 3427/3969/3496 3551/3997/3520 3675/4002/3525
f 3675/4002/3525 3551/3997/3520 3435/4001/3524 3549/4004/3527
f 3552/4003/3526 3675/4002/3525 3549/4004/3527 3434/4005/3528
f 3430/3974/3501 3531/3987/3512 3676/4006/3529 3554/4007/3530
f 3531/3987/3512 3428/3986/3510 3553/4008/3531 3676/4006/3529
f 3676/4006/3529 3553/4008/3531 3436/4009/3532 3547/4010/3533
f 3554/4007/3530 3676/4006/3529 3547/4010/3533 3438/4011/3534
f 3432/3965/3492 3529/3964/3491 3677/4012/3535 3556/4013/3536
f 3529/3964/3491 3431/3963/3490 3555/4014/3537 3677/4012/3535
f 3677/4012/3535 3555/4014/3537 3439/4015/3538 3545/4016/3539
f 3556/4013/3536 3677/4012/3535 3545/4016/3539 3440/4017/3540
f 3429/3991/3516 3527/3990/3515 3678/4018/3541 3550/4019/3521
f 3527/3990/3515 3432/3965/3492 3556/4013/3536 3678/4018/3541
f 3678/4018/3541 3556/4013/3536 3440/4017/3540 3543/4020/3542
f 3550/4019/3521 3678/4018/3541 3543/4020/3542 3437/4021/3522
f 3428/3983/3510 3532/3982/3509 3679/4022/3543 3553/4023/3531
f 3532/3982/3509 3425/3979/3506 3557/4024/3544 3679/4022/3543
f 3679/4022/3543 3557/4024/3544 3433/4025/3545 3548/4026/3546
f 3553/4023/3531 3679/4022/3543 3548/4026/3546 3436/4027/3532
f 3425/3979/3506 3530/3978/3505 3680/4028/3547 3557/4024/3544
f 3530/3978/3505 3426/3971/3498 3552/4003/3526 3680/4028/3547
f 3680/4028/3547 3552/4003/3526 3434/4005/3528 3546/4029/3548
f 3557/4024/3544 3680/4028/3547 3546/4029/3548 3433/4025/3545
f 3431/3963/3490 3528/3975/3502 3681/4030/3549 3555/4014/3537
f 3528/3975/3502 3430/3974/3501 3554/4007/3530 3681/4030/3549
f 3681/4030/3549 3554/4007/3530 3438/4011/3534 3544/4031/3550
f 3555/4014/3537 3681/4030/3549 3544/4031/3550 3439/4015/3538
f 3436/4027/3532 3548/4026/3546 3682/4032/3551 3567/4033/3552
f 3548/4026/3546 3433/4025/3545 3566/4034/3553 3682/4032/3551
f 3682/4032/3551 3566/4034/3553 3441/4035/3554 3564/4036/3555
f 3567/4033/3552 3682/4032/3551 3564/4036/3555 3444/4037/3556
f 3433/4025/3545 3546/4029/3548 3683/4038/3557 3566/4034/3553
f 3546/4029/3548 3434/4005/3528 3568/4039/3558 3683/4038/3557
f 3683/4038/3557 3568/4039/3558 3442/4040/3559 3562/4041/3560
f 3566/4034/3553 3683/4038/3557 3562/4041/3560 3441/4035/3554
f 3439/4015/3538 3544/4031/3550 3684/4042/3561 3570/4043/3562
f 3544/4031/3550 3438/4011/3534 3569/4044/3563 3684/4042/3561
f 3684/4042/3561 3569/4044/3563 3446/4045/3564 3560/4046/3565
f 3570/4043/3562 3684/4042/3561 3560/4046/3565 3447/4047/3566
f 3435/4001/3524 3542/4000/3523 3685/4048/3567 3572/4049/3568
f 3542/4000/3523 3437/3999/3522 3571/4050/3569 3685/4048/3567
f 3685/4048/3567 3571/4050/3569 3445/4051/3570 3558/4052/3571
f 3572/4049/3568 3685/4048/3567 3558/4052/3571 3443/4053/3572
f 3434/4005/3528 3549/4004/3527 3686/4054/3573 3568/4039/3558
f 3549/4004/3527 3435/4001/3524 3572/4049/3568 3686/4054/3573
f 3686/4054/3573 3572/4049/3568 3443/4053/3572 3565/4055/3574
f 3568/4039/3558 3686/4054/3573 3565/4055/3574 3442/4040/3559
f 3438/4011/3534 3547/4010/3533 3687/4056/3575 3569/4044/3563
f 3547/4010/3533 3436/4009/3532 3567/4057/3552 3687/4056/3575
f 3687/4056/3575 3567/4057/3552 3444/4058/3556 3563/4059/3576
f 3569/4044/3563 3687/4056/3575 3563/4059/3576 3446/4045/3564
f 3440/4017/3540 3545/4016/3539 3688/4060/3577 3573/4061/3578
f 3545/4016/3539 3439/4015/3538 3570/4043/3562 3688/4060/3577
f 3688/4060/3577 3570/4043/3562 3447/4047/3566 3561/4062/3579
f 3573/4061/3578 3688/4060/3577 3561/4062/3579 3448/4063/3580
f 3437/4021/3522 3543/4020/3542 3689/4064/3581 3571/4065/3569
f 3543/4020/3542 3440/4017/3540 3573/4061/3578 3689/4064/3581
f 3689/4064/3581 3573/4061/3578 3448/4063/3580 3559/4066/3582
f 3571/4065/3569 3689/4064/3581 3559/4066/3582 3445/4067/3570
f 3445/4067/3570 3559/4066/3582 3690/4068/3583 3583/4069/3584
f 3559/4066/3582 3448/4063/3580 3582/4070/3585 3690/4068/3583
f 3690/4068/3583 3582/4070/3585 3456/4071/3586 3575/4072/3587
f 3583/4069/3584 3690/4068/3583 3575/4072/3587 3453/4073/3588
f 3444/4037/3556 3564/4036/3555 3691/4074/3589 3585/4075/3590
f 3564/4036/3555 3441/4035/3554 3584/4076/3591 3691/4074/3589
f 3691/4074/3589 3584/4076/3591 3449/4077/3592 3580/4078/3593
f 3585/4075/3590 3691/4074/3589 3580/4078/3593 3452/4079/3594
f 3441/4035/3554 3562/4041/3560 3692/4080/3595 3584/4076/3591
f 3562/4041/3560 3442/4040/3559 3586/4081/3596 3692/4080/3595
f 3692/4080/3595 3586/4081/3596 3450/4082/3597 3578/4083/3598
f 3584/4076/3591 3692/4080/3595 3578/4083/3598 3449/4077/3592
f 3447/4047/3566 3560/4046/3565 3693/4084/3599 3588/4085/3600
f 3560/4046/3565 3446/4045/3564 3587/4086/3601 3693/4084/3599
f 3693/4084/3599 3587/4086/3601 3454/4087/3602 3576/4088/3603
f 3588/4085/3600 3693/4084/3599 3576/4088/3603 3455/4089/3604
f 3443/4053/3572 3558/4052/3571 3694/4090/3605 3589/4091/3606
f 3558/4052/3571 3445/4051/3570 3583/4092/3584 3694/4090/3605
f 3694/4090/3605 3583/4092/3584 3453/4093/3588 3574/4094/3607
f 3589/4091/3606 3694/4090/3605 3574/4094/3607 3451/4095/3608
f 3442/4040/3559 3565/4055/3574 3695/4096/3609 3586/4081/3596
f 3565/4055/3574 3443/4053/3572 3589/4091/3606 3695/4096/3609
f 3695/4096/3609 3589/4091/3606 3451/4095/3608 3581/4097/3610
f 3586/4081/3596 3695/4096/3609 3581/4097/3610 3450/4082/3597
f 3446/4045/3564 3563/4059/3576 3696/4098/3611 3587/4086/3601
f 3563/4059/3576 3444/4058/3556 3585/4099/3590 3696/4098/3611
f 3696/4098/3611 3585/4099/3590 3452/4100/3594 3579/4101/3612
f 3587/4086/3601 3696/4098/3611 3579/4101/3612 3454/4087/3602
f 3448/4063/3580 3561/4062/3579 3697/4102/3613 3582/4070/3585
f 3561/4062/3579 3447/4047/3566 3588/4085/3600 3697/4102/3613
f 3697/4102/3613 3588/4085/3600 3455/4089/3604 3577/4103/3614
f 3582/4070/3585 3697/4102/3613 3577/4103/3614 3456/4071/3586
f 3450/4082/3597 3581/4097/3610 3698/4104/3615 3599/4105/3616
f 3581/4097/3610 3451/4095/3608 3598/4106/3617 3698/4104/3615
f 3698/4104/3615 3598/4106/3617 3459/4107/3618 3597/4108/3619
f 3599/4105/3616 3698/4104/3615 3597/4108/3619 3458/4109/3620
f 3454/4087/3602 3579/4101/3612 3699/4110/3621 3601/4111/3622
f 3579/4101/3612 3452/4100/3594 3600/4112/3623 3699/4110/3621
f 3699/4110/3621 3600/4112/3623 3460/4113/3624 3595/4114/3625
f 3601/4111/3622 3699/4110/3621 3595/4114/3625 3462/4115/3626
f 3456/4071/3586 3577/4103/3614 3700/4116/3627 3603/4117/3628
f 3577/4103/3614 3455/4089/3604 3602/4118/3629 3700/4116/3627
f 3700/4116/3627 3602/4118/3629 3463/4119/3630 3593/4120/3631
f 3603/4117/3628 3700/4116/3627 3593/4120/3631 3464/4121/3632
f 3453/4073/3588 3575/4072/3587 3701/4122/3633 3604/4123/3634
f 3575/4072/3587 3456/4071/3586 3603/4117/3628 3701/4122/3633
f 3701/4122/3633 3603/4117/3628 3464/4121/3632 3591/4124/3635
f 3604/4123/3634 3701/4122/3633 3591/4124/3635 3461/4125/3636
f 3452/4079/3594 3580/4078/3593 3702/4126/3637 3600/4127/3623
f 3580/4078/3593 3449/4077/3592 3605/4128/3638 3702/4126/3637
f 3702/4126/3637 3605/4128/3638 3457/4129/3639 3596/4130/3640
f 3600/4127/3623 3702/4126/3637 3596/4130/3640 3460/4131/3624
f 3449/4077/3592 3578/4083/3598 3703/4132/3641 3605/4128/3638
f 3578/4083/3598 3450/4082/3597 3599/4105/3616 3703/4132/3641
f 3703/4132/3641 3599/4105/3616 3458/4109/3620 3594/4133/3642
f 3605/4128/3638 3703/4132/3641 3594/4133/3642 3457/4129/3639
f 3455/4089/3604 3576/4088/3603 3704/4134/3643 3602/4118/3629
f 3576/4088/3603 3454/4087/3602 3601/4111/3622 3704/4134/3643
f 3704/4134/3643 3601/4111/3622 3462/4115/3626 3592/4135/3644
f 3602/4118/3629 3704/4134/3643 3592/4135/3644 3463/4119/3630
f 3451/4095/3608 3574/4094/3607 3705/4136/3645 3598/4106/3617
f 3574/4094/3607 3453/4093/3588 3604/4137/3634 3705/4136/3645
f 3705/4136/3645 3604/4137/3634 3461/4138/3636 3590/4139/3646
f 3598/4106/3617 3705/4136/3645 3590/4139/3646 3459/4107/3618
f 3463/4119/3630 3592/4135/3644 3706/4140/3647 3615/4141/3648
f 3592/4135/3644 3462/4115/3626 3614/4142/3649 3706/4140/3647
f 3706/4140/3647 3614/4142/3649 3470/4143/3650 3608/4144/3651
f 3615/4141/3648 3706/4140/3647 3608/4144/3651 3471/4145/3652
f 3459/4107/3618 3590/4139/3646 3707/4146/3653 3617/4147/3654
f 3590/4139/3646 3461/4138/3636 3616/4148/3655 3707/4146/3653
f 3707/4146/3653 3616/4148/3655 3469/4149/3656 3606/4150/3657
f 3617/4147/3654 3707/4146/3653 3606/4150/3657 3467/4151/3658
f 3458/4109/3620 3597/4108/3619 3708/4152/3659 3618/4153/3660
f 3597/4108/3619 3459/4107/3618 3617/4147/3654 3708/4152/3659
f 3708/4152/3659 3617/4147/3654 3467/4151/3658 3613/4154/3661
f 3618/4153/3660 3708/4152/3659 3613/4154/3661 3466/4155/3662
f 3462/4115/3626 3595/4114/3625 3709/4156/3663 3614/4142/3649
f 3595/4114/3625 3460/4113/3624 3619/4157/3664 3709/4156/3663
f 3709/4156/3663 3619/4157/3664 3468/4158/3665 3611/4159/3666
f 3614/4142/3649 3709/4156/3663 3611/4159/3666 3470/4143/3650
f 3464/4121/3632 3593/4120/3631 3710/4160/3667 3620/4161/3668
f 3593/4120/3631 3463/4119/3630 3615/4141/3648 3710/4160/3667
f 3710/4160/3667 3615/4141/3648 3471/4145/3652 3609/4162/3669
f 3620/4161/3668 3710/4160/3667 3609/4162/3669 3472/4163/3670
f 3461/4125/3636 3591/4124/3635 3711/4164/3671 3616/4165/3655
f 3591/4124/3635 3464/4121/3632 3620/4161/3668 3711/4164/3671
f 3711/4164/3671 3620/4161/3668 3472/4163/3670 3607/4166/3672
f 3616/4165/3655 3711/4164/3671 3607/4166/3672 3469/4167/3656
f 3460/4131/3624 3596/4130/3640 3712/4168/3673 3619/4169/3664
f 3596/4130/3640 3457/4129/3639 3621/4170/3674 3712/4168/3673
f 3712/4168/3673 3621/4170/3674 3465/4171/3675 3612/4172/3676
f 3619/4169/3664 3712/4168/3673 3612/4172/3676 3468/4173/3665
f 3457/4129/3639 3594/4133/3642 3713/4174/3677 3621/4170/3674
f 3594/4133/3642 3458/4109/3620 3618/4153/3660 3713/4174/3677
f 3713/4174/3677 3618/4153/3660 3466/4155/3662 3610/4175/3678
f 3621/4170/3674 3713/4174/3677 3610/4175/3678 3465/4171/3675
f 3468/4173/3665 3612/4172/3676 3714/4176/3679 3631/4177/3680
f 3612/4172/3676 3465/4171/3675 3630/4178/3681 3714/4176/3679
f 3714/4176/3679 3630/4178/3681 3473/4179/3682 3628/4180/3683
f 3631/4177/3680 3714/4176/3679 3628/4180/3683 3476/4181/3684
f 3465/4171/3675 3610/4175/3678 3715/4182/3685 3630/4178/3681
f 3610/4175/3678 3466/4155/3662 3632/4183/3686 3715/4182/3685
f 3715/4182/3685 3632/4183/3686 3474/4184/3687 3626/4185/3688
f 3630/4178/3681 3715/4182/3685 3626/4185/3688 3473/4179/3682
f 3471/4145/3652 3608/4144/3651 3716/4186/3689 3634/4187/3690
f 3608/4144/3651 3470/4143/3650 3633/4188/3691 3716/4186/3689
f 3716/4186/3689 3633/4188/3691 3478/4189/3692 3624/4190/3693
f 3634/4187/3690 3716/4186/3689 3624/4190/3693 3479/4191/3694
f 3467/4151/3658 3606/4150/3657 3717/4192/3695 3636/4193/3696
f 3606/4150/3657 3469/4149/3656 3635/4194/3697 3717/4192/3695
f 3717/4192/3695 3635/4194/3697 3477/4195/3698 3622/4196/3699
f 3636/4193/3696 3717/4192/3695 3622/4196/3699 3475/4197/3700
f 3466/4155/3662 3613/4154/3661 3718/4198/3701 3632/4183/3686
f 3613/4154/3661 3467/4151/3658 3636/4193/3696 3718/4198/3701
f 3718/4198/3701 3636/4193/3696 3475/4197/3700 3629/4199/3702
f 3632/4183/3686 3718/4198/3701 3629/4199/3702 3474/4184/3687
f 3470/4143/3650 3611/4159/3666 3719/4200/3703 3633/4188/3691
f 3611/4159/3666 3468/4158/3665 3631/4201/3680 3719/4200/3703
f 3719/4200/3703 3631/4201/3680 3476/4202/3684 3627/4203/3704
f 3633/4188/3691 3719/4200/3703 3627/4203/3704 3478/4189/3692
f 3472/4163/3670 3609/4162/3669 3720/4204/3705 3637/4205/3706
f 3609/4162/3669 3471/4145/3652 3634/4187/3690 3720/4204/3705
f 3720/4204/3705 3634/4187/3690 3479/4191/3694 3625/4206/3707
f 3637/4205/3706 3720/4204/3705 3625/4206/3707 3480/4207/3708
f 3469/4167/3656 3607/4166/3672 3721/4208/3709 3635/4209/3697
f 3607/4166/3672 3472/4163/3670 3637/4205/3706 3721/4208/3709
f 3721/4208/3709 3637/4205/3706 3480/4207/3708 3623/4210/3710
f 3635/4209/3697 3721/4208/3709 3623/4210/3710 3477/4211/3698
f 3480/4207/3708 3625/4206/3707 3722/4212/3711 3644/4213/3712
f 3479/4191/3694 3645/4214/3713 3722/4212/3711 3625/4206/3707
f 3481/4215/3714 3644/4213/3712 3722/4212/3711 3645/4214/3713
f 3477/4211/3698 3623/4210/3710 3723/4216/3715 3643/4217/3716
f 3480/4207/3708 3644/4213/3712 3723/4216/3715 3623/4210/3710
f 3481/4215/3714 3643/4217/3716 3723/4216/3715 3644/4213/3712
f 3476/4181/3684 3628/4180/3683 3724/4218/3717 3642/4219/3718
f 3473/4179/3682 3638/4220/3719 3724/4218/3717 3628/4180/3683
f 3481/4221/3714 3642/4219/3718 3724/4218/3717 3638/4220/3719
f 3473/4179/3682 3626/4185/3688 3725/4222/3720 3638/4220/3719
f 3474/4184/3687 3641/4223/3721 3725/4222/3720 3626/4185/3688
f 3481/4221/3714 3638/4220/3719 3725/4222/3720 3641/4223/3721
f 3479/4191/3694 3624/4190/3693 3726/4224/3722 3645/4214/3713
f 3478/4189/3692 3640/4225/3723 3726/4224/3722 3624/4190/3693
f 3481/4215/3714 3645/4214/3713 3726/4224/3722 3640/4225/3723
f 3475/4197/3700 3622/4196/3699 3727/4226/3724 3639/4227/3725
f 3477/4195/3698 3643/4228/3716 3727/4226/3724 3622/4196/3699
f 3481/4221/3714 3639/4227/3725 3727/4226/3724 3643/4228/3716
f 3474/4184/3687 3629/4199/3702 3728/4229/3726 3641/4223/3721
f 3475/4197/3700 3639/4227/3725 3728/4229/3726 3629/4199/3702
f 3481/4221/3714 3641/4223/3721 3728/4229/3726 3639/4227/3725
f 3478/4189/3692 3627/4203/3704 3729/4230/3727 3640/4225/3723
f 3476/4202/3684 3642/4231/3718 3729/4230/3727 3627/4203/3704
f 3481/4215/3714 3640/4225/3723 3729/4230/3727 3642/4231/3718
f 3900/4232/3728 3901/4233/3729 3904/4234/3730 3903/4235/3731
f 3901/4233/3729 3902/4236/3732 3905/4237/3733 3904/4234/3730
f 3903/4235/3731 3904/4234/3730 3907/4238/3734 3906/4239/3735
f 3904/4234/3730 3905/4237/3733 3908/4240/3736 3907/4238/3734
f 3730/4241/3737 3756/4242/3738 3900/4232/3728 3759/4243/3739
f 3756/4242/3738 3757/4244/3740 3901/4233/3729 3900/4232/3728
f 3757/4244/3740 3758/4245/3741 3902/4236/3732 3901/4233/3729
f 3758/4245/3741 3731/4246/3742 3762/4247/3743 3902/4236/3732
f 3902/4236/3732 3762/4247/3743 3763/4248/3744 3905/4237/3733
f 3905/4237/3733 3763/4248/3744 3764/4249/3745 3908/4240/3736
f 3908/4240/3736 3764/4249/3745 3733/4250/3746 3836/4251/3747
f 3907/4238/3734 3908/4240/3736 3836/4251/3747 3835/4252/3748
f 3906/4239/3735 3907/4238/3734 3835/4252/3748 3834/4253/3749
f 3761/4254/3750 3906/4239/3735 3834/4253/3749 3732/4255/3751
f 3760/4256/3752 3903/4235/3731 3906/4239/3735 3761/4254/3750
f 3759/4243/3739 3900/4232/3728 3903/4235/3731 3760/4256/3752
f 3909/4257/3753 3910/4258/3754 3913/4259/3755 3912/4260/3756
f 3910/4258/3754 3911/4261/3757 3914/4262/3758 3913/4259/3755
f 3912/4260/3756 3913/4259/3755 3916/4263/3759 3915/4264/3760
f 3913/4259/3755 3914/4262/3758 3917/4265/3761 3916/4263/3759
f 3731/4246/3742 3765/4266/3762 3909/4257/3753 3762/4247/3743
f 3765/4266/3762 3766/4267/3763 3910/4258/3754 3909/4257/3753
f 3766/4267/3763 3767/4268/3764 3911/4261/3757 3910/4258/3754
f 3767/4268/3764 3734/4269/3765 3771/4270/3766 3911/4261/3757
f 3911/4261/3757 3771/4270/3766 3772/4271/3767 3914/4262/3758
f 3914/4262/3758 3772/4271/3767 3773/4272/3768 3917/4265/3761
f 3917/4265/3761 3773/4272/3768 3736/4273/3769 3854/4274/3770
f 3916/4263/3759 3917/4265/3761 3854/4274/3770 3853/4275/3771
f 3915/4264/3760 3916/4263/3759 3853/4275/3771 3852/4276/3772
f 3764/4249/3745 3915/4264/3760 3852/4276/3772 3733/4250/3746
f 3763/4248/3744 3912/4260/3756 3915/4264/3760 3764/4249/3745
f 3762/4247/3743 3909/4257/3753 3912/4260/3756 3763/4248/3744
f 3918/4277/3773 3919/4278/3774 3922/4279/3775 3921/4280/3776
f 3919/4278/3774 3920/4281/3777 3923/4282/3778 3922/4279/3775
f 3921/4280/3776 3922/4279/3775 3925/4283/3779 3924/4284/3780
f 3922/4279/3775 3923/4282/3778 3926/4285/3781 3925/4283/3779
f 3732/4255/3751 3834/4253/3749 3918/4277/3773 3804/4286/3782
f 3834/4253/3749 3835/4252/3748 3919/4278/3774 3918/4277/3773
f 3835/4252/3748 3836/4251/3747 3920/4281/3777 3919/4278/3774
f 3836/4251/3747 3733/4250/3746 3807/4287/3783 3920/4281/3777
f 3920/4281/3777 3807/4287/3783 3808/4288/3784 3923/4282/3778
f 3923/4282/3778 3808/4288/3784 3809/4289/3785 3926/4285/3781
f 3926/4285/3781 3809/4289/3785 3748/4290/3786 3884/4291/3787
f 3925/4283/3779 3926/4285/3781 3884/4291/3787 3883/4292/3788
f 3924/4284/3780 3925/4283/3779 3883/4292/3788 3882/4293/3789
f 3806/4294/3790 3924/4284/3780 3882/4293/3789 3747/4295/3791
f 3805/4296/3792 3921/4280/3776 3924/4284/3780 3806/4294/3790
f 3804/4286/3782 3918/4277/3773 3921/4280/3776 3805/4296/3792
f 3927/4297/3793 3928/4298/3794 3931/4299/3795 3930/4300/3796
f 3928/4298/3794 3929/4301/3797 3932/4302/3798 3931/4299/3795
f 3930/4300/3796 3931/4299/3795 3934/4303/3799 3933/4304/3800
f 3931/4299/3795 3932/4302/3798 3935/4305/3801 3934/4303/3799
f 3733/4250/3746 3852/4276/3772 3927/4297/3793 3807/4287/3783
f 3852/4276/3772 3853/4275/3771 3928/4298/3794 3927/4297/3793
f 3853/4275/3771 3854/4274/3770 3929/4301/3797 3928/4298/3794
f 3854/4274/3770 3736/4273/3769 3810/4306/3802 3929/4301/3797
f 3929/4301/3797 3810/4306/3802 3811/4307/3803 3932/4302/3798
f 3932/4302/3798 3811/4307/3803 3812/4308/3804 3935/4305/3801
f 3935/4305/3801 3812/4308/3804 3749/4309/3805 3896/4310/3806
f 3934/4303/3799 3935/4305/3801 3896/4310/3806 3895/4311/3807
f 3933/4304/3800 3934/4303/3799 3895/4311/3807 3894/4312/3808
f 3809/4289/3785 3933/4304/3800 3894/4312/3808 3748/4290/3786
f 3808/4288/3784 3930/4300/3796 3933/4304/3800 3809/4289/3785
f 3807/4287/3783 3927/4297/3793 3930/4300/3796 3808/4288/3784
f 3936/4313/3809 3937/4314/3810 3940/4315/3811 3939/4316/3812
f 3937/4314/3810 3938/4317/3813 3941/4318/3814 3940/4315/3811
f 3939/4316/3812 3940/4315/3811 3943/4319/3815 3942/4320/3816
f 3940/4315/3811 3941/4318/3814 3944/4321/3817 3943/4319/3815
f 3734/4269/3765 3768/4322/3818 3936/4313/3809 3771/4270/3766
f 3768/4322/3818 3769/4323/3819 3937/4314/3810 3936/4313/3809
f 3769/4323/3819 3770/4324/3820 3938/4317/3813 3937/4314/3810
f 3770/4324/3820 3735/4325/3821 3774/4326/3822 3938/4317/3813
f 3938/4317/3813 3774/4326/3822 3775/4327/3823 3941/4318/3814
f 3941/4318/3814 3775/4327/3823 3776/4328/3824 3944/4321/3817
f 3944/4321/3817 3776/4328/3824 3737/4329/3825 3872/4330/3826
f 3943/4319/3815 3944/4321/3817 3872/4330/3826 3871/4331/3827
f 3942/4320/3816 3943/4319/3815 3871/4331/3827 3870/4332/3828
f 3773/4272/3768 3942/4320/3816 3870/4332/3828 3736/4273/3769
f 3772/4271/3767 3939/4316/3812 3942/4320/3816 3773/4272/3768
f 3771/4270/3766 3936/4313/3809 3939/4316/3812 3772/4271/3767
f 3945/4333/3829 3946/4334/3830 3949/4335/3831 3948/4336/3832
f 3946/4334/3830 3947/4337/3833 3950/4338/3834 3949/4335/3831
f 3948/4336/3832 3949/4335/3831 3952/4339/3835 3951/4340/3836
f 3949/4335/3831 3950/4338/3834 3953/4341/3837 3952/4339/3835
f 3735/4342/3821 3777/4343/3838 3945/4333/3829 3774/4344/3822
f 3777/4343/3838 3778/4345/3839 3946/4334/3830 3945/4333/3829
f 3778/4345/3839 3779/4346/3840 3947/4337/3833 3946/4334/3830
f 3779/4346/3840 3738/4347/3841 3783/4348/3842 3947/4337/3833
f 3947/4337/3833 3783/4348/3842 3784/4349/3843 3950/4338/3834
f 3950/4338/3834 3784/4349/3843 3785/4350/3844 3953/4341/3837
f 3953/4341/3837 3785/4350/3844 3740/4351/3845 3890/4352/3846
f 3952/4339/3835 3953/4341/3837 3890/4352/3846 3889/4353/3847
f 3951/4340/3836 3952/4339/3835 3889/4353/3847 3888/4354/3848
f 3776/4355/3824 3951/4340/3836 3888/4354/3848 3737/4356/3825
f 3775/4357/3823 3948/4336/3832 3951/4340/3836 3776/4355/3824
f 3774/4344/3822 3945/4333/3829 3948/4336/3832 3775/4357/3823
f 3954/4358/3849 3955/4359/3850 3958/4360/3851 3957/4361/3852
f 3955/4359/3850 3956/4362/3853 3959/4363/3854 3958/4360/3851
f 3957/4361/3852 3958/4360/3851 3961/4364/3855 3960/4365/3856
f 3958/4360/3851 3959/4363/3854 3962/4366/3857 3961/4364/3855
f 3736/4273/3769 3870/4332/3828 3954/4358/3849 3810/4306/3802
f 3870/4332/3828 3871/4331/3827 3955/4359/3850 3954/4358/3849
f 3871/4331/3827 3872/4330/3826 3956/4362/3853 3955/4359/3850
f 3872/4330/3826 3737/4329/3825 3819/4367/3858 3956/4362/3853
f 3956/4362/3853 3819/4367/3858 3820/4368/3859 3959/4363/3854
f 3959/4363/3854 3820/4368/3859 3821/4369/3860 3962/4366/3857
f 3962/4366/3857 3821/4369/3860 3752/4370/3861 3842/4371/3862
f 3961/4364/3855 3962/4366/3857 3842/4371/3862 3841/4372/3863
f 3960/4365/3856 3961/4364/3855 3841/4372/3863 3840/4373/3864
f 3812/4308/3804 3960/4365/3856 3840/4373/3864 3749/4309/3805
f 3811/4307/3803 3957/4361/3852 3960/4365/3856 3812/4308/3804
f 3810/4306/3802 3954/4358/3849 3957/4361/3852 3811/4307/3803
f 3963/4374/3865 3964/4375/3866 3967/4376/3867 3966/4377/3868
f 3964/4375/3866 3965/4378/3869 3968/4379/3870 3967/4376/3867
f 3966/4377/3868 3967/4376/3867 3970/4380/3871 3969/4381/3872
f 3967/4376/3867 3968/4379/3870 3971/4382/3873 3970/4380/3871
f 3737/4356/3825 3888/4354/3848 3963/4374/3865 3819/4383/3858
f 3888/4354/3848 3889/4353/3847 3964/4375/3866 3963/4374/3865
f 3889/4353/3847 3890/4352/3846 3965/4378/3869 3964/4375/3866
f 3890/4352/3846 3740/4351/3845 3828/4384/3874 3965/4378/3869
f 3965/4378/3869 3828/4384/3874 3829/4385/3875 3968/4379/3870
f 3968/4379/3870 3829/4385/3875 3830/4386/3876 3971/4382/3873
f 3971/4382/3873 3830/4386/3876 3755/4387/3877 3848/4388/3878
f 3970/4380/3871 3971/4382/3873 3848/4388/3878 3847/4389/3879
f 3969/4381/3872 3970/4380/3871 3847/4389/3879 3846/4390/3880
f 3821/4391/3860 3969/4381/3872 3846/4390/3880 3752/4392/3861
f 3820/4393/3859 3966/4377/3868 3969/4381/3872 3821/4391/3860
f 3819/4383/3858 3963/4374/3865 3966/4377/3868 3820/4393/3859
f 3972/4394/3881 3973/4395/3882 3976/4396/3883 3975/4397/3884
f 3973/4395/3882 3974/4398/3885 3977/4399/3886 3976/4396/3883
f 3975/4397/3884 3976/4396/3883 3979/4400/3887 3978/4401/3888
f 3976/4396/3883 3977/4399/3886 3980/4402/3889 3979/4400/3887
f 3738/4347/3841 3780/4403/3890 3972/4394/3881 3783/4348/3842
f 3780/4403/3890 3781/4404/3891 3973/4395/3882 3972/4394/3881
f 3781/4404/3891 3782/4405/3892 3974/4398/3885 3973/4395/3882
f 3782/4405/3892 3739/4406/3893 3786/4407/3894 3974/4398/3885
f 3974/4398/3885 3786/4407/3894 3787/4408/3895 3977/4399/3886
f 3977/4399/3886 3787/4408/3895 3788/4409/3896 3980/4402/3889
f 3980/4402/3889 3788/4409/3896 3741/4410/3897 3845/4411/3898
f 3979/4400/3887 3980/4402/3889 3845/4411/3898 3844/4412/3899
f 3978/4401/3888 3979/4400/3887 3844/4412/3899 3843/4413/3900
f 3785/4350/3844 3978/4401/3888 3843/4413/3900 3740/4351/3845
f 3784/4349/3843 3975/4397/3884 3978/4401/3888 3785/4350/3844
f 3783/4348/3842 3972/4394/3881 3975/4397/3884 3784/4349/3843
f 3981/4414/3901 3982/4415/3902 3985/4416/3903 3984/4417/3904
f 3982/4415/3902 3983/4418/3905 3986/4419/3906 3985/4416/3903
f 3984/4417/3904 3985/4416/3903 3988/4420/3907 3987/4421/3908
f 3985/4416/3903 3986/4419/3906 3989/4422/3909 3988/4420/3907
f 3739/4406/3893 3789/4423/3910 3981/4414/3901 3786/4407/3894
f 3789/4423/3910 3790/4424/3911 3982/4415/3902 3981/4414/3901
f 3790/4424/3911 3791/4425/3912 3983/4418/3905 3982/4415/3902
f 3791/4425/3912 3742/4426/3913 3795/4427/3914 3983/4418/3905
f 3983/4418/3905 3795/4427/3914 3796/4428/3915 3986/4419/3906
f 3986/4419/3906 3796/4428/3915 3797/4429/3916 3989/4422/3909
f 3989/4422/3909 3797/4429/3916 3744/4430/3917 3833/4431/3918
f 3988/4420/3907 3989/4422/3909 3833/4431/3918 3832/4432/3919
f 3987/4421/3908 3988/4420/3907 3832/4432/3919 3831/4433/3920
f 3788/4409/3896 3987/4421/3908 3831/4433/3920 3741/4410/3897
f 3787/4408/3895 3984/4417/3904 3987/4421/3908 3788/4409/3896
f 3786/4407/3894 3981/4414/3901 3984/4417/3904 3787/4408/3895
f 3990/4434/3921 3991/4435/3922 3994/4436/3923 3993/4437/3924
f 3991/4435/3922 3992/4438/3925 3995/4439/3926 3994/4436/3923
f 3993/4437/3924 3994/4436/3923 3997/4440/3927 3996/4441/3928
f 3994/4436/3923 3995/4439/3926 3998/4442/3929 3997/4440/3927
f 3740/4351/3845 3843/4413/3900 3990/4434/3921 3828/4384/3874
f 3843/4413/3900 3844/4412/3899 3991/4435/3922 3990/4434/3921
f 3844/4412/3899 3845/4411/3898 3992/4438/3925 3991/4435/3922
f 3845/4411/3898 3741/4410/3897 3825/4443/3930 3992/4438/3925
f 3992/4438/3925 3825/4443/3930 3826/4444/3931 3995/4439/3926
f 3995/4439/3926 3826/4444/3931 3827/4445/3932 3998/4442/3929
f 3998/4442/3929 3827/4445/3932 3754/4446/3933 3864/4447/3934
f 3997/4440/3927 3998/4442/3929 3864/4447/3934 3865/4448/3935
f 3996/4441/3928 3997/4440/3927 3865/4448/3935 3866/4449/3936
f 3830/4386/3876 3996/4441/3928 3866/4449/3936 3755/4387/3877
f 3829/4385/3875 3993/4437/3924 3996/4441/3928 3830/4386/3876
f 3828/4384/3874 3990/4434/3921 3993/4437/3924 3829/4385/3875
f 3999/4450/3937 4000/4451/3938 4003/4452/3939 4002/4453/3940
f 4000/4451/3938 4001/4454/3941 4004/4455/3942 4003/4452/3939
f 4002/4453/3940 4003/4452/3939 4006/4456/3943 4005/4457/3944
f 4003/4452/3939 4004/4455/3942 4007/4458/3945 4006/4456/3943
f 3741/4410/3897 3831/4433/3920 3999/4450/3937 3825/4443/3930
f 3831/4433/3920 3832/4432/3919 4000/4451/3938 3999/4450/3937
f 3832/4432/3919 3833/4431/3918 4001/4454/3941 4000/4451/3938
f 3833/4431/3918 3744/4430/3917 3822/4459/3946 4001/4454/3941
f 4001/4454/3941 3822/4459/3946 3823/4460/3947 4004/4455/3942
f 4004/4455/3942 3823/4460/3947 3824/4461/3948 4007/4458/3945
f 4007/4458/3945 3824/4461/3948 3753/4462/3949 3849/4463/3950
f 4006/4456/3943 4007/4458/3945 3849/4463/3950 3850/4464/3951
f 4005/4457/3944 4006/4456/3943 3850/4464/3951 3851/4465/3952
f 3827/4445/3932 4005/4457/3944 3851/4465/3952 3754/4446/3933
f 3826/4444/3931 4002/4453/3940 4005/4457/3944 3827/4445/3932
f 3825/4443/3930 3999/4450/3937 4002/4453/3940 3826/4444/3931
f 4008/4466/3953 4009/4467/3954 4012/4468/3955 4011/4469/3956
f 4009/4467/3954 4010/4470/3957 4013/4471/3958 4012/4468/3955
f 4011/4469/3956 4012/4468/3955 4015/4472/3959 4014/4473/3960
f 4012/4468/3955 4013/4471/3958 4016/4474/3961 4015/4472/3959
f 3742/4426/3913 3792/4475/3962 4008/4466/3953 3795/4427/3914
f 3792/4475/3962 3793/4476/3963 4009/4467/3954 4008/4466/3953
f 3793/4476/3963 3794/4477/3964 4010/4470/3957 4009/4467/3954
f 3794/4477/3964 3743/4478/3965 3798/4479/3966 4010/4470/3957
f 4010/4470/3957 3798/4479/3966 3799/4480/3967 4013/4471/3958
f 4013/4471/3958 3799/4480/3967 3800/4481/3968 4016/4474/3961
f 4016/4474/3961 3800/4481/3968 3745/4482/3969 3863/4483/3970
f 4015/4472/3959 4016/4474/3961 3863/4483/3970 3862/4484/3971
f 4014/4473/3960 4015/4472/3959 3862/4484/3971 3861/4485/3972
f 3797/4429/3916 4014/4473/3960 3861/4485/3972 3744/4430/3917
f 3796/4428/3915 4011/4469/3956 4014/4473/3960 3797/4429/3916
f 3795/4427/3914 4008/4466/3953 4011/4469/3956 3796/4428/3915
f 4017/4486/3973 4018/4487/3974 4021/4488/3975 4020/4489/3976
f 4018/4487/3974 4019/4490/3977 4022/4491/3978 4021/4488/3975
f 4020/4489/3976 4021/4488/3975 4024/4492/3979 4023/4493/3980
f 4021/4488/3975 4022/4491/3978 4025/4494/3981 4024/4492/3979
f 3743/4495/3965 3869/4496/3982 4017/4486/3973 3798/4497/3966
f 3869/4496/3982 3868/4498/3983 4018/4487/3974 4017/4486/3973
f 3868/4498/3983 3867/4499/3984 4019/4490/3977 4018/4487/3974
f 3867/4499/3984 3730/4241/3737 3759/4243/3739 4019/4490/3977
f 4019/4490/3977 3759/4243/3739 3760/4256/3752 4022/4491/3978
f 4022/4491/3978 3760/4256/3752 3761/4254/3750 4025/4494/3981
f 4025/4494/3981 3761/4254/3750 3732/4255/3751 3876/4500/3985
f 4024/4492/3979 4025/4494/3981 3876/4500/3985 3877/4501/3986
f 4023/4493/3980 4024/4492/3979 3877/4501/3986 3878/4502/3987
f 3800/4503/3968 4023/4493/3980 3878/4502/3987 3745/4504/3969
f 3799/4505/3967 4020/4489/3976 4023/4493/3980 3800/4503/3968
f 3798/4497/3966 4017/4486/3973 4020/4489/3976 3799/4505/3967
f 4026/4506/3988 4027/4507/3989 4030/4508/3990 4029/4509/3991
f 4027/4507/3989 4028/4510/3992 4031/4511/3993 4030/4508/3990
f 4029/4509/3991 4030/4508/3990 4033/4512/3994 4032/4513/3995
f 4030/4508/3990 4031/4511/3993 4034/4514/3996 4033/4512/3994
f 3744/4430/3917 3861/4485/3972 4026/4506/3988 3822/4459/3946
f 3861/4485/3972 3862/4484/3971 4027/4507/3989 4026/4506/3988
f 3862/4484/3971 3863/4483/3970 4028/4510/3992 4027/4507/3989
f 3863/4483/3970 3745/4482/3969 3813/4515/3997 4028/4510/3992
f 4028/4510/3992 3813/4515/3997 3814/4516/3998 4031/4511/3993
f 4031/4511/3993 3814/4516/3998 3815/4517/3999 4034/4514/3996
f 4034/4514/3996 3815/4517/3999 3750/4518/4000 3885/4519/4001
f 4033/4512/3994 4034/4514/3996 3885/4519/4001 3886/4520/4002
f 4032/4513/3995 4033/4512/3994 3886/4520/4002 3887/4521/4003
f 3824/4461/3948 4032/4513/3995 3887/4521/4003 3753/4462/3949
f 3823/4460/3947 4029/4509/3991 4032/4513/3995 3824/4461/3948
f 3822/4459/3946 4026/4506/3988 4029/4509/3991 3823/4460/3947
f 4035/4522/4004 4036/4523/4005 4039/4524/4006 4038/4525/4007
f 4036/4523/4005 4037/4526/4008 4040/4527/4009 4039/4524/4006
f 4038/4525/4007 4039/4524/4006 4042/4528/4010 4041/4529/4011
f 4039/4524/4006 4040/4527/4009 4043/4530/4012 4042/4528/4010
f 3745/4504/3969 3878/4502/3987 4035/4522/4004 3813/4531/3997
f 3878/4502/3987 3877/4501/3986 4036/4523/4005 4035/4522/4004
f 3877/4501/3986 3876/4500/3985 4037/4526/4008 4036/4523/4005
f 3876/4500/3985 3732/4255/3751 3804/4286/3782 4037/4526/4008
f 4037/4526/4008 3804/4286/3782 3805/4296/3792 4040/4527/4009
f 4040/4527/4009 3805/4296/3792 3806/4294/3790 4043/4530/4012
f 4043/4530/4012 3806/4294/3790 3747/4295/3791 3891/4532/4013
f 4042/4528/4010 4043/4530/4012 3891/4532/4013 3892/4533/4014
f 4041/4529/4011 4042/4528/4010 3892/4533/4014 3893/4534/4015
f 3815/4535/3999 4041/4529/4011 3893/4534/4015 3750/4536/4000
f 3814/4537/3998 4038/4525/4007 4041/4529/4011 3815/4535/3999
f 3813/4531/3997 4035/4522/4004 4038/4525/4007 3814/4537/3998
f 4044/4538/4016 4045/4539/4017 4048/4540/4018 4047/4541/4019
f 4045/4539/4017 4046/4542/4020 4049/4543/4021 4048/4540/4018
f 4047/4541/4019 4048/4540/4018 4051/4544/4022 4050/4545/4023
f 4048/4540/4018 4049/4543/4021 4052/4546/4024 4051/4544/4022
f 3742/4426/3913 3791/4425/3912 4044/4538/4016 3792/4475/3962
f 3791/4425/3912 3790/4424/3911 4045/4539/4017 4044/4538/4016
f 3790/4424/3911 3789/4423/3910 4046/4542/4020 4045/4539/4017
f 3789/4423/3910 3739/4406/3893 3801/4547/4025 4046/4542/4020
f 4046/4542/4020 3801/4547/4025 3802/4548/4026 4049/4543/4021
f 4049/4543/4021 3802/4548/4026 3803/4549/4027 4052/4546/4024
f 4052/4546/4024 3803/4549/4027 3746/4550/4028 3860/4551/4029
f 4051/4544/4022 4052/4546/4024 3860/4551/4029 3859/4552/4030
f 4050/4545/4023 4051/4544/4022 3859/4552/4030 3858/4553/4031
f 3794/4477/3964 4050/4545/4023 3858/4553/4031 3743/4478/3965
f 3793/4476/3963 4047/4541/4019 4050/4545/4023 3794/4477/3964
f 3792/4475/3962 4044/4538/4016 4047/4541/4019 3793/4476/3963
f 4053/4554/4032 4054/4555/4033 4057/4556/4034 4056/4557/4035
f 4054/4555/4033 4055/4558/4036 4058/4559/4037 4057/4556/4034
f 4056/4557/4035 4057/4556/4034 4060/4560/4038 4059/4561/4039
f 4057/4556/4034 4058/4559/4037 4061/4562/4040 4060/4560/4038
f 3739/4406/3893 3782/4405/3892 4053/4554/4032 3801/4547/4025
f 3782/4405/3892 3781/4404/3891 4054/4555/4033 4053/4554/4032
f 3781/4404/3891 3780/4403/3890 4055/4558/4036 4054/4555/4033
f 3780/4403/3890 3738/4347/3841 3779/4346/3840 4055/4558/4036
f 4055/4558/4036 3779/4346/3840 3778/4345/3839 4058/4559/4037
f 4058/4559/4037 3778/4345/3839 3777/4343/3838 4061/4562/4040
f 4061/4562/4040 3777/4343/3838 3735/4342/3821 3897/4563/4041
f 4060/4560/4038 4061/4562/4040 3897/4563/4041 3898/4564/4042
f 4059/4561/4039 4060/4560/4038 3898/4564/4042 3899/4565/4043
f 3803/4549/4027 4059/4561/4039 3899/4565/4043 3746/4550/4028
f 3802/4548/4026 4056/4557/4035 4059/4561/4039 3803/4549/4027
f 3801/4547/4025 4053/4554/4032 4056/4557/4035 3802/4548/4026
f 4062/4566/4044 4063/4567/4045 4066/4568/4046 4065/4569/4047
f 4063/4567/4045 4064/4570/4048 4067/4571/4049 4066/4568/4046
f 4065/4569/4047 4066/4568/4046 4069/4572/4050 4068/4573/4051
f 4066/4568/4046 4067/4571/4049 4070/4574/4052 4069/4572/4050
f 3743/4495/3965 3858/4575/4031 4062/4566/4044 3869/4496/3982
f 3858/4575/4031 3859/4576/4030 4063/4567/4045 4062/4566/4044
f 3859/4576/4030 3860/4577/4029 4064/4570/4048 4063/4567/4045
f 3860/4577/4029 3746/4578/4028 3875/4579/4053 4064/4570/4048
f 4064/4570/4048 3875/4579/4053 3874/4580/4054 4067/4571/4049
f 4067/4571/4049 3874/4580/4054 3873/4581/4055 4070/4574/4052
f 4070/4574/4052 3873/4581/4055 3731/4246/3742 3758/4245/3741
f 4069/4572/4050 4070/4574/4052 3758/4245/3741 3757/4244/3740
f 4068/4573/4051 4069/4572/4050 3757/4244/3740 3756/4242/3738
f 3867/4499/3984 4068/4573/4051 3756/4242/3738 3730/4241/3737
f 3868/4498/3983 4065/4569/4047 4068/4573/4051 3867/4499/3984
f 3869/4496/3982 4062/4566/4044 4065/4569/4047 3868/4498/3983
f 4071/4582/4056 4072/4583/4057 4075/4584/4058 4074/4585/4059
f 4072/4583/4057 4073/4586/4060 4076/4587/4061 4075/4584/4058
f 4074/4585/4059 4075/4584/4058 4078/4588/4062 4077/4589/4063
f 4075/4584/4058 4076/4587/4061 4079/4590/4064 4078/4588/4062
f 3746/4578/4028 3899/4591/4043 4071/4582/4056 3875/4579/4053
f 3899/4591/4043 3898/4592/4042 4072/4583/4057 4071/4582/4056
f 3898/4592/4042 3897/4593/4041 4073/4586/4060 4072/4583/4057
f 3897/4593/4041 3735/4325/3821 3770/4324/3820 4073/4586/4060
f 4073/4586/4060 3770/4324/3820 3769/4323/3819 4076/4587/4061
f 4076/4587/4061 3769/4323/3819 3768/4322/3818 4079/4590/4064
f 4079/4590/4064 3768/4322/3818 3734/4269/3765 3767/4268/3764
f 4078/4588/4062 4079/4590/4064 3767/4268/3764 3766/4267/3763
f 4077/4589/4063 4078/4588/4062 3766/4267/3763 3765/4266/3762
f 3873/4581/4055 4077/4589/4063 3765/4266/3762 3731/4246/3742
f 3874/4580/4054 4074/4585/4059 4077/4589/4063 3873/4581/4055
f 3875/4579/4053 4071/4582/4056 4074/4585/4059 3874/4580/4054
f 4080/4594/4065 4081/4595/4066 4084/4596/4067 4083/4597/4068
f 4081/4595/4066 4082/4598/4069 4085/4599/4070 4084/4596/4067
f 4083/4597/4068 4084/4596/4067 4087/4600/4071 4086/4601/4072
f 4084/4596/4067 4085/4599/4070 4088/4602/4073 4087/4600/4071
f 3747/4295/3791 3882/4293/3789 4080/4594/4065 3891/4532/4013
f 3882/4293/3789 3883/4292/3788 4081/4595/4066 4080/4594/4065
f 3883/4292/3788 3884/4291/3787 4082/4598/4069 4081/4595/4066
f 3884/4291/3787 3748/4290/3786 3816/4603/4074 4082/4598/4069
f 4082/4598/4069 3816/4603/4074 3817/4604/4075 4085/4599/4070
f 4085/4599/4070 3817/4604/4075 3818/4605/4076 4088/4602/4073
f 4088/4602/4073 3818/4605/4076 3751/4606/4077 3857/4607/4078
f 4087/4600/4071 4088/4602/4073 3857/4607/4078 3856/4608/4079
f 4086/4601/4072 4087/4600/4071 3856/4608/4079 3855/4609/4080
f 3893/4534/4015 4086/4601/4072 3855/4609/4080 3750/4536/4000
f 3892/4533/4014 4083/4597/4068 4086/4601/4072 3893/4534/4015
f 3891/4532/4013 4080/4594/4065 4083/4597/4068 3892/4533/4014
f 4089/4610/4081 4090/4611/4082 4093/4612/4083 4092/4613/4084
f 4090/4611/4082 4091/4614/4085 4094/4615/4086 4093/4612/4083
f 4092/4613/4084 4093/4612/4083 4096/4616/4087 4095/4617/4088
f 4093/4612/4083 4094/4615/4086 4097/4618/4089 4096/4616/4087
f 3748/4290/3786 3894/4312/3808 4089/4610/4081 3816/4603/4074
f 3894/4312/3808 3895/4311/3807 4090/4611/4082 4089/4610/4081
f 3895/4311/3807 3896/4310/3806 4091/4614/4085 4090/4611/4082
f 3896/4310/3806 3749/4309/3805 3840/4373/3864 4091/4614/4085
f 4091/4614/4085 3840/4373/3864 3841/4372/3863 4094/4615/4086
f 4094/4615/4086 3841/4372/3863 3842/4371/3862 4097/4618/4089
f 4097/4618/4089 3842/4371/3862 3752/4370/3861 3881/4619/4090
f 4096/4616/4087 4097/4618/4089 3881/4619/4090 3880/4620/4091
f 4095/4617/4088 4096/4616/4087 3880/4620/4091 3879/4621/4092
f 3818/4605/4076 4095/4617/4088 3879/4621/4092 3751/4606/4077
f 3817/4604/4075 4092/4613/4084 4095/4617/4088 3818/4605/4076
f 3816/4603/4074 4089/4610/4081 4092/4613/4084 3817/4604/4075
f 4098/4622/4093 4099/4623/4094 4102/4624/4095 4101/4625/4096
f 4099/4623/4094 4100/4626/4097 4103/4627/4098 4102/4624/4095
f 4101/4625/4096 4102/4624/4095 4105/4628/4099 4104/4629/4100
f 4102/4624/4095 4103/4627/4098 4106/4630/4101 4105/4628/4099
f 3750/4518/4000 3855/4631/4080 4098/4622/4093 3885/4519/4001
f 3855/4631/4080 3856/4632/4079 4099/4623/4094 4098/4622/4093
f 3856/4632/4079 3857/4633/4078 4100/4626/4097 4099/4623/4094
f 3857/4633/4078 3751/4634/4077 3837/4635/4102 4100/4626/4097
f 4100/4626/4097 3837/4635/4102 3838/4636/4103 4103/4627/4098
f 4103/4627/4098 3838/4636/4103 3839/4637/4104 4106/4630/4101
f 4106/4630/4101 3839/4637/4104 3754/4446/3933 3851/4465/3952
f 4105/4628/4099 4106/4630/4101 3851/4465/3952 3850/4464/3951
f 4104/4629/4100 4105/4628/4099 3850/4464/3951 3849/4463/3950
f 3887/4521/4003 4104/4629/4100 3849/4463/3950 3753/4462/3949
f 3886/4520/4002 4101/4625/4096 4104/4629/4100 3887/4521/4003
f 3885/4519/4001 4098/4622/4093 4101/4625/4096 3886/4520/4002
f 4107/4638/4105 4108/4639/4106 4111/4640/4107 4110/4641/4108
f 4108/4639/4106 4109/4642/4109 4112/4643/4110 4111/4640/4107
f 4110/4641/4108 4111/4640/4107 4114/4644/4111 4113/4645/4112
f 4111/4640/4107 4112/4643/4110 4115/4646/4113 4114/4644/4111
f 3751/4634/4077 3879/4647/4092 4107/4638/4105 3837/4635/4102
f 3879/4647/4092 3880/4648/4091 4108/4639/4106 4107/4638/4105
f 3880/4648/4091 3881/4649/4090 4109/4642/4109 4108/4639/4106
f 3881/4649/4090 3752/4392/3861 3846/4390/3880 4109/4642/4109
f 4109/4642/4109 3846/4390/3880 3847/4389/3879 4112/4643/4110
f 4112/4643/4110 3847/4389/3879 3848/4388/3878 4115/4646/4113
f 4115/4646/4113 3848/4388/3878 3755/4387/3877 3866/4449/3936
f 4114/4644/4111 4115/4646/4113 3866/4449/3936 3865/4448/3935
f 4113/4645/4112 4114/4644/4111 3865/4448/3935 3864/4447/3934
f 3839/4637/4104 4113/4645/4112 3864/4447/3934 3754/4446/3933
f 3838/4636/4103 4110/4641/4108 4113/4645/4112 3839/4637/4104
f 3837/4635/4102 4107/4638/4105 4110/4641/4108 3838/4636/4103
