# Blender v2.93.1 OBJ File: 'mikey.blend'
# www.blender.org
mtllib Mikey_Highpoly.mtl
o Body.002_Roundcube.003
v -0.153932 0.185426 -0.318400
v -0.154631 0.319704 -0.383108
v -0.155397 0.453398 -0.387356
v -0.153186 0.584526 -0.348976
v -0.244358 0.217891 -0.288073
v -0.282654 0.194089 -0.194550
v -0.304215 0.184636 -0.091826
v -0.296178 0.195167 -0.040655
v -0.268956 0.323590 -0.313767
v -0.349278 0.321983 -0.199160
v -0.376052 0.320434 -0.092425
v -0.360050 0.322291 -0.040686
v -0.274805 0.453398 -0.313135
v -0.357143 0.453398 -0.200973
v -0.383768 0.453398 -0.093008
v -0.365061 0.453398 -0.040761
v -0.261293 0.581323 -0.286736
v -0.331075 0.586172 -0.193130
v -0.353675 0.588540 -0.092234
v -0.337097 0.586779 -0.040686
v -0.254652 0.236221 -0.111383
v -0.157306 0.209714 -0.123800
v -0.274406 0.327189 -0.125947
v -0.157381 0.323952 -0.172834
v -0.270065 0.453398 -0.129605
v -0.155884 0.453398 -0.184047
v -0.255165 0.582177 -0.125947
v -0.153186 0.586501 -0.172834
v -0.162808 0.123405 -0.040606
v -0.164100 0.105662 -0.092425
v -0.159834 0.124013 -0.200212
v -0.149653 0.691253 -0.271499
v -0.232447 0.664075 -0.248642
v -0.153186 0.761987 -0.176252
v -0.261293 0.697506 -0.180065
v -0.155225 0.784791 -0.088748
v -0.273457 0.710961 -0.090365
v -0.153357 0.766512 -0.040606
v -0.263117 0.700691 -0.040655
v -0.148755 0.691321 -0.123800
v -0.225529 0.663678 -0.111383
v -0.240936 0.679071 -0.051148
v -0.275206 0.217919 -0.051148
v -0.326335 0.326347 -0.051415
v -0.326872 0.453398 -0.052081
v -0.303080 0.583013 -0.051415
v -0.159021 0.160919 -0.050707
v -0.149267 0.729157 -0.050707
v -0.009690 0.173695 -0.329931
v 0.134552 0.185426 -0.318400
v -0.009690 0.317699 -0.403750
v 0.135251 0.319704 -0.383108
v -0.009690 0.453398 -0.410800
v 0.136018 0.453398 -0.387356
v -0.009690 0.586565 -0.369111
v 0.133806 0.584526 -0.348976
v 0.224979 0.217891 -0.288073
v 0.263275 0.194089 -0.194550
v 0.284836 0.184636 -0.091826
v 0.276798 0.195167 -0.040655
v 0.249577 0.323590 -0.313767
v 0.329898 0.321983 -0.199160
v 0.356673 0.320434 -0.092425
v 0.340671 0.322291 -0.040686
v 0.255426 0.453398 -0.313135
v 0.337764 0.453398 -0.200973
v 0.364389 0.453398 -0.093008
v 0.345681 0.453398 -0.040761
v 0.241913 0.581323 -0.286736
v 0.311696 0.586172 -0.193130
v 0.334295 0.588540 -0.092234
v 0.317718 0.586779 -0.040686
v 0.235273 0.236221 -0.111383
v 0.137927 0.209714 -0.123800
v -0.009690 0.199835 -0.121017
v 0.255026 0.327189 -0.125947
v 0.138002 0.323952 -0.172834
v -0.009690 0.322209 -0.175268
v 0.250686 0.453398 -0.129605
v 0.136505 0.453398 -0.184047
v -0.009690 0.453398 -0.188935
v 0.235785 0.582177 -0.125947
v 0.133806 0.586501 -0.172834
v -0.009690 0.588540 -0.175268
v -0.009690 0.101418 -0.040441
v 0.143428 0.123405 -0.040606
v -0.009690 0.081299 -0.093008
v 0.144721 0.105662 -0.092425
v -0.009690 0.102926 -0.204356
v 0.140454 0.124013 -0.200212
v -0.009690 0.703064 -0.282398
v 0.130274 0.691253 -0.271499
v 0.213067 0.664075 -0.248642
v -0.009690 0.782817 -0.178370
v 0.133806 0.761987 -0.176252
v 0.241913 0.697506 -0.180065
v -0.009690 0.808806 -0.088824
v 0.135846 0.784791 -0.088748
v 0.254077 0.710961 -0.090365
v -0.009690 0.787927 -0.040441
v 0.133977 0.766512 -0.040606
v 0.243738 0.700691 -0.040655
v -0.009690 0.702102 -0.121017
v 0.129375 0.691321 -0.123800
v 0.206150 0.663678 -0.111383
v -0.009690 0.143842 -0.049250
v -0.009690 0.745346 -0.049250
v 0.221557 0.679071 -0.051148
v 0.255826 0.217919 -0.051148
v 0.306955 0.326347 -0.051415
v 0.307493 0.453398 -0.052081
v 0.283700 0.583013 -0.051415
v 0.139641 0.160919 -0.050707
v 0.129888 0.729157 -0.050707
v -0.085416 0.176593 -0.327108
v -0.009690 0.241395 -0.375460
v -0.084633 0.318192 -0.398837
v -0.009690 0.387526 -0.414472
v -0.084512 0.453398 -0.405181
v -0.009690 0.520436 -0.395862
v -0.084235 0.586068 -0.364262
v -0.262438 0.204466 -0.249649
v -0.303203 0.187385 -0.058974
v -0.257006 0.260672 -0.302484
v -0.314631 0.323296 -0.259488
v -0.349757 0.249260 -0.092015
v -0.371796 0.320909 -0.059053
v -0.274665 0.388263 -0.317107
v -0.321938 0.453398 -0.259780
v -0.385732 0.387868 -0.092827
v -0.378425 0.453398 -0.059135
v -0.270673 0.519780 -0.302967
v -0.301515 0.583225 -0.243075
v -0.374035 0.520682 -0.092804
v -0.348990 0.588077 -0.059029
v -0.217939 0.221625 -0.120493
v -0.267350 0.271611 -0.120761
v -0.223068 0.325760 -0.156267
v -0.009690 0.255374 -0.153417
v -0.274231 0.388713 -0.128644
v -0.219623 0.453398 -0.163724
v -0.009690 0.388090 -0.186140
v -0.264409 0.519887 -0.128644
v -0.211352 0.584113 -0.156267
v -0.009690 0.520682 -0.186140
v -0.009690 0.121876 -0.035934
v -0.164053 0.110492 -0.059043
v -0.270504 0.707847 -0.133739
v -0.009690 0.087007 -0.143052
v -0.009690 0.648222 -0.330094
v -0.246433 0.631282 -0.265819
v -0.150897 0.732000 -0.224618
v -0.086743 0.106888 -0.040503
v -0.319465 0.653898 -0.091379
v -0.154749 0.779894 -0.058583
v -0.009690 0.652791 -0.153417
v -0.240414 0.633057 -0.120761
v -0.218481 0.754565 -0.089374
v -0.156401 0.146154 -0.262565
v -0.084235 0.777601 -0.177459
v -0.162612 0.110568 -0.141150
v -0.084257 0.782528 -0.040503
v -0.086371 0.108175 -0.203192
v -0.009690 0.728592 -0.081782
v -0.232624 0.671205 -0.083680
v -0.083794 0.700155 -0.279653
v -0.235416 0.151745 -0.040651
v -0.197332 0.678027 -0.120493
v -0.009690 0.802552 -0.129868
v -0.226663 0.151340 -0.196521
v -0.153701 0.247624 -0.359043
v -0.155318 0.387777 -0.391545
v -0.154749 0.520181 -0.373283
v -0.208888 0.200335 -0.303902
v -0.297239 0.187250 -0.139020
v -0.215855 0.321985 -0.355138
v -0.324004 0.254120 -0.196107
v -0.369381 0.320870 -0.141019
v -0.337395 0.254987 -0.040661
v -0.219059 0.453398 -0.356356
v -0.358751 0.388062 -0.201117
v -0.377435 0.453398 -0.142629
v -0.367646 0.388100 -0.040733
v -0.212118 0.582279 -0.322654
v -0.348671 0.520386 -0.198268
v -0.348237 0.588001 -0.139811
v -0.355877 0.520462 -0.040733
v -0.265752 0.226609 -0.083680
v -0.085838 0.202391 -0.122471
v -0.306139 0.327391 -0.085888
v -0.157368 0.260750 -0.153964
v -0.084977 0.322669 -0.176375
v -0.303610 0.453398 -0.087419
v -0.156818 0.388308 -0.181829
v -0.084573 0.453398 -0.189561
v -0.283461 0.581897 -0.085888
v -0.246433 0.680147 -0.220291
v -0.084235 0.588043 -0.176375
v -0.160895 0.141647 -0.036508
v -0.009690 0.086819 -0.059095
v -0.150897 0.641902 -0.314104
v -0.009690 0.748888 -0.230497
v -0.301515 0.646591 -0.186259
v -0.154728 0.779328 -0.129421
v -0.084490 0.802799 -0.088707
v -0.009690 0.803191 -0.058572
v -0.305448 0.648433 -0.040661
v -0.150785 0.646600 -0.153964
v -0.009690 0.129190 -0.269915
v -0.086904 0.087349 -0.092827
v -0.270733 0.708246 -0.058791
v -0.212752 0.739771 -0.040651
v -0.148273 0.714729 -0.084479
v -0.212118 0.735743 -0.176782
v -0.083681 0.699433 -0.122471
v -0.154810 0.520427 -0.181829
v -0.200474 0.677165 -0.259145
v -0.239491 0.137054 -0.092015
v -0.009690 0.165944 -0.081782
v -0.009690 0.766309 -0.035934
v -0.251995 0.689743 -0.036681
v -0.285811 0.206646 -0.036681
v -0.344182 0.324372 -0.036786
v -0.347250 0.453398 -0.037048
v -0.321041 0.584880 -0.036786
v -0.157800 0.179773 -0.084479
v -0.151255 0.747484 -0.036508
v -0.200267 0.709176 -0.051105
v -0.083746 0.741209 -0.049800
v -0.223800 0.183095 -0.051105
v -0.086269 0.148090 -0.049800
v -0.276119 0.636786 -0.051194
v -0.318819 0.519992 -0.051836
v -0.330626 0.388607 -0.051836
v -0.308935 0.267463 -0.051194
v 0.066036 0.176593 -0.327108
v 0.065254 0.318192 -0.398837
v 0.065132 0.453398 -0.405181
v 0.064856 0.586068 -0.364262
v 0.243059 0.204466 -0.249649
v 0.283824 0.187385 -0.058974
v 0.237627 0.260672 -0.302484
v 0.295251 0.323296 -0.259488
v 0.330378 0.249260 -0.092015
v 0.352416 0.320909 -0.059053
v 0.255285 0.388263 -0.317107
v 0.302559 0.453398 -0.259780
v 0.366352 0.387868 -0.092827
v 0.359045 0.453398 -0.059135
v 0.251293 0.519780 -0.302967
v 0.282136 0.583225 -0.243075
v 0.354655 0.520682 -0.092804
v 0.329611 0.588077 -0.059029
v 0.198560 0.221625 -0.120493
v 0.247971 0.271611 -0.120761
v 0.203689 0.325760 -0.156267
v 0.254851 0.388713 -0.128644
v 0.200244 0.453398 -0.163724
v 0.245030 0.519887 -0.128644
v 0.191972 0.584113 -0.156267
v 0.144673 0.110492 -0.059043
v 0.251125 0.707847 -0.133739
v 0.227054 0.631282 -0.265819
v 0.131518 0.732000 -0.224618
v 0.067363 0.106888 -0.040503
v 0.300086 0.653898 -0.091379
v 0.135370 0.779894 -0.058583
v 0.221034 0.633057 -0.120761
v 0.199102 0.754565 -0.089374
v 0.137022 0.146154 -0.262565
v 0.064856 0.777601 -0.177459
v 0.143233 0.110568 -0.141150
v 0.064877 0.782528 -0.040503
v 0.066992 0.108175 -0.203192
v 0.213245 0.671205 -0.083680
v 0.064414 0.700155 -0.279653
v 0.216036 0.151745 -0.040651
v 0.177952 0.678027 -0.120493
v 0.207283 0.151340 -0.196521
v 0.134321 0.247624 -0.359043
v 0.135938 0.387777 -0.391545
v 0.135370 0.520181 -0.373283
v 0.189508 0.200335 -0.303902
v 0.277859 0.187250 -0.139020
v 0.196475 0.321985 -0.355138
v 0.304624 0.254120 -0.196107
v 0.350001 0.320870 -0.141019
v 0.318015 0.254987 -0.040661
v 0.199680 0.453398 -0.356356
v 0.339371 0.388062 -0.201117
v 0.358055 0.453398 -0.142629
v 0.348266 0.388100 -0.040733
v 0.192738 0.582279 -0.322654
v 0.329292 0.520386 -0.198268
v 0.328858 0.588001 -0.139811
v 0.336497 0.520462 -0.040733
v 0.246373 0.226609 -0.083680
v 0.066458 0.202391 -0.122471
v 0.286760 0.327391 -0.085888
v 0.137988 0.260750 -0.153964
v 0.065598 0.322669 -0.176375
v 0.284231 0.453398 -0.087419
v 0.137438 0.388308 -0.181829
v 0.065193 0.453398 -0.189561
v 0.264082 0.581897 -0.085888
v 0.227054 0.680147 -0.220291
v 0.064856 0.588043 -0.176375
v 0.141515 0.141647 -0.036508
v 0.131518 0.641902 -0.314104
v 0.282136 0.646591 -0.186259
v 0.135348 0.779328 -0.129421
v 0.065111 0.802799 -0.088707
v 0.286068 0.648433 -0.040661
v 0.131405 0.646600 -0.153964
v 0.067525 0.087349 -0.092827
v 0.251353 0.708246 -0.058791
v 0.193372 0.739771 -0.040651
v 0.128893 0.714729 -0.084479
v 0.192738 0.735743 -0.176782
v 0.064302 0.699433 -0.122471
v 0.135431 0.520427 -0.181829
v 0.181095 0.677165 -0.259145
v 0.220111 0.137054 -0.092015
v 0.232616 0.689743 -0.036681
v 0.266432 0.206646 -0.036681
v 0.324803 0.324372 -0.036786
v 0.327871 0.453398 -0.037048
v 0.301661 0.584880 -0.036786
v 0.138421 0.179773 -0.084479
v 0.131875 0.747484 -0.036508
v 0.180887 0.709176 -0.051105
v 0.064366 0.741209 -0.049800
v 0.204420 0.183095 -0.051105
v 0.066890 0.148090 -0.049800
v 0.256740 0.636786 -0.051194
v 0.299439 0.519992 -0.051836
v 0.311246 0.388607 -0.051836
v 0.289556 0.267463 -0.051194
v -0.084952 0.242929 -0.371530
v -0.210821 0.254969 -0.336807
v -0.084529 0.387588 -0.409002
v -0.218771 0.388062 -0.360871
v -0.084431 0.520373 -0.390435
v -0.217004 0.519900 -0.343646
v -0.083949 0.646677 -0.326217
v -0.204815 0.634791 -0.293572
v -0.294712 0.258616 -0.253542
v -0.342399 0.250622 -0.139663
v -0.347145 0.250730 -0.058998
v -0.293415 0.271113 -0.084804
v -0.322643 0.388226 -0.261838
v -0.379357 0.387923 -0.142218
v -0.380603 0.387928 -0.059109
v -0.307969 0.388738 -0.086903
v -0.315439 0.520018 -0.253465
v -0.367952 0.520615 -0.141806
v -0.368852 0.520625 -0.059106
v -0.296420 0.519852 -0.086903
v -0.278248 0.637424 -0.229937
v -0.315130 0.652230 -0.136920
v -0.315622 0.652460 -0.058919
v -0.261572 0.633092 -0.084804
v -0.220778 0.266593 -0.143904
v -0.085410 0.256787 -0.154833
v -0.222280 0.388534 -0.162134
v -0.084717 0.388148 -0.186917
v -0.216365 0.520129 -0.162134
v -0.084438 0.520620 -0.186917
v -0.203792 0.639238 -0.143904
v -0.083935 0.651276 -0.154833
v -0.086504 0.126784 -0.036151
v -0.229577 0.167244 -0.036664
v -0.086898 0.092704 -0.059080
v -0.239251 0.140982 -0.058997
v -0.086718 0.092865 -0.142478
v -0.235085 0.140931 -0.139714
v -0.085915 0.133402 -0.268015
v -0.216060 0.168373 -0.254707
v -0.083949 0.744686 -0.228781
v -0.204815 0.710740 -0.220102
v -0.084428 0.796737 -0.129475
v -0.216931 0.750121 -0.130975
v -0.084431 0.797353 -0.058565
v -0.217011 0.750624 -0.058667
v -0.083621 0.725093 -0.082851
v -0.196816 0.697371 -0.084628
v -0.206370 0.724214 -0.036664
v -0.083994 0.761519 -0.036151
v -0.219719 0.197505 -0.084628
v -0.086090 0.169439 -0.082851
v -0.291213 0.642553 -0.036699
v -0.338571 0.520225 -0.036952
v -0.350363 0.388360 -0.036952
v -0.323703 0.261363 -0.036699
v 0.065573 0.242929 -0.371530
v 0.191442 0.254969 -0.336807
v 0.065149 0.387588 -0.409002
v 0.199391 0.388062 -0.360871
v 0.065051 0.520373 -0.390435
v 0.197624 0.519900 -0.343646
v 0.064570 0.646677 -0.326217
v 0.185435 0.634791 -0.293572
v 0.275333 0.258616 -0.253542
v 0.323019 0.250622 -0.139663
v 0.327765 0.250730 -0.058998
v 0.274035 0.271113 -0.084804
v 0.303264 0.388226 -0.261838
v 0.359978 0.387923 -0.142218
v 0.361223 0.387928 -0.059109
v 0.288590 0.388738 -0.086903
v 0.296060 0.520018 -0.253465
v 0.348572 0.520615 -0.141806
v 0.349473 0.520625 -0.059106
v 0.277041 0.519852 -0.086903
v 0.258868 0.637424 -0.229937
v 0.295751 0.652230 -0.136920
v 0.296242 0.652460 -0.058919
v 0.242193 0.633092 -0.084804
v 0.201398 0.266593 -0.143904
v 0.066031 0.256787 -0.154833
v 0.202900 0.388534 -0.162134
v 0.065337 0.388148 -0.186917
v 0.196986 0.520129 -0.162134
v 0.065059 0.520620 -0.186917
v 0.184412 0.639238 -0.143904
v 0.064556 0.651276 -0.154833
v 0.067124 0.126784 -0.036151
v 0.210197 0.167244 -0.036664
v 0.067519 0.092704 -0.059080
v 0.219871 0.140982 -0.058997
v 0.067339 0.092865 -0.142478
v 0.215705 0.140931 -0.139714
v 0.066535 0.133402 -0.268015
v 0.196680 0.168373 -0.254707
v 0.064570 0.744686 -0.228781
v 0.185435 0.710740 -0.220102
v 0.065049 0.796737 -0.129475
v 0.197552 0.750121 -0.130975
v 0.065051 0.797353 -0.058565
v 0.197631 0.750624 -0.058667
v 0.064242 0.725093 -0.082851
v 0.177437 0.697371 -0.084628
v 0.186990 0.724214 -0.036664
v 0.064614 0.761519 -0.036151
v 0.200339 0.197505 -0.084628
v 0.066710 0.169439 -0.082851
v 0.271833 0.642553 -0.036699
v 0.319191 0.520225 -0.036952
v 0.330984 0.388360 -0.036952
v 0.304323 0.261363 -0.036699
v -0.140545 0.211187 -0.199369
v -0.140842 0.324050 -0.267093
v -0.142216 0.459971 -0.275686
v -0.140342 0.582453 -0.251814
v -0.230791 0.232711 -0.169498
v -0.276312 0.209028 -0.076856
v -0.292237 0.199756 0.032496
v -0.276312 0.209028 0.141878
v -0.248367 0.325688 -0.202998
v -0.334438 0.323506 -0.087467
v -0.360491 0.322023 0.032496
v -0.334438 0.323506 0.152528
v -0.255277 0.459971 -0.206479
v -0.343361 0.459971 -0.091451
v -0.370896 0.459971 0.032496
v -0.343361 0.459971 0.155933
v -0.242810 0.579208 -0.188719
v -0.316148 0.582453 -0.084505
v -0.339143 0.584327 0.032548
v -0.316148 0.582453 0.147129
v -0.230791 0.232711 0.233962
v -0.140545 0.211187 0.262178
v -0.248367 0.325687 0.265804
v -0.140842 0.324050 0.319839
v -0.255277 0.459971 0.265385
v -0.142216 0.459971 0.319946
v -0.242810 0.579208 0.238108
v -0.140342 0.582453 0.287463
v -0.148088 0.152535 0.151346
v -0.150911 0.135174 0.032496
v -0.148088 0.152536 -0.086338
v -0.137146 0.688871 -0.189179
v -0.214840 0.662917 -0.159577
v -0.140592 0.743442 -0.084639
v -0.243630 0.688871 -0.074907
v -0.142516 0.760960 0.031045
v -0.255417 0.699398 0.032403
v -0.140592 0.743442 0.139222
v -0.243630 0.688871 0.136304
v -0.137146 0.688871 0.228934
v -0.214840 0.662917 0.208548
v -0.009690 0.202736 -0.211474
v 0.121165 0.211187 -0.199369
v -0.009690 0.322675 -0.286965
v 0.121463 0.324050 -0.267093
v -0.009690 0.459971 -0.298012
v 0.122837 0.459971 -0.275686
v -0.009690 0.584327 -0.271732
v 0.120963 0.582453 -0.251814
v 0.211412 0.232711 -0.169498
v 0.256933 0.209028 -0.076856
v 0.272858 0.199756 0.032496
v 0.256933 0.209028 0.141878
v 0.228988 0.325688 -0.202998
v 0.315059 0.323506 -0.087467
v 0.341112 0.322023 0.032496
v 0.315059 0.323506 0.152528
v 0.235898 0.459971 -0.206479
v 0.323981 0.459971 -0.091451
v 0.351517 0.459971 0.032496
v 0.323981 0.459971 0.155933
v 0.223431 0.579208 -0.188719
v 0.296769 0.582453 -0.084505
v 0.319763 0.584327 0.032548
v 0.296769 0.582453 0.147129
v 0.211412 0.232711 0.233962
v 0.121165 0.211187 0.262178
v -0.009690 0.202736 0.273814
v 0.228988 0.325688 0.265804
v 0.121463 0.324050 0.319839
v -0.009690 0.322675 0.337178
v 0.235898 0.459971 0.265385
v 0.122837 0.459971 0.319946
v -0.009690 0.459971 0.338739
v 0.223431 0.579208 0.238108
v 0.120963 0.582453 0.287463
v -0.009690 0.584327 0.304603
v -0.009690 0.137124 0.157001
v 0.128709 0.152536 0.151346
v -0.009690 0.120385 0.032496
v 0.131532 0.135174 0.032496
v -0.009690 0.137124 -0.091993
v 0.128709 0.152536 -0.086338
v -0.009690 0.699398 -0.200991
v 0.117767 0.688871 -0.189179
v 0.195460 0.662917 -0.159577
v -0.009690 0.760960 -0.090213
v 0.121213 0.743442 -0.084639
v 0.224250 0.688871 -0.074907
v -0.009690 0.781080 0.030693
v 0.123137 0.760960 0.031045
v 0.236038 0.699398 0.032403
v -0.009690 0.760960 0.143024
v 0.121213 0.743442 0.139222
v 0.224250 0.688871 0.136304
v -0.009690 0.699398 0.238509
v 0.117767 0.688871 0.228934
v 0.195460 0.662917 0.208548
v -0.077386 0.205039 -0.208490
v -0.009690 0.257637 -0.257106
v -0.077424 0.323070 -0.281965
v -0.009690 0.391943 -0.298915
v -0.077595 0.459971 -0.292432
v -0.009690 0.523084 -0.289443
v -0.077361 0.583870 -0.266847
v -0.253065 0.219672 -0.130839
v -0.288931 0.202231 0.086822
v -0.239880 0.268362 -0.187120
v -0.296602 0.324889 -0.148938
v -0.336081 0.255715 0.032496
v -0.354834 0.322431 0.091805
v -0.253810 0.392319 -0.208746
v -0.304853 0.459971 -0.152512
v -0.371107 0.391861 0.032496
v -0.364693 0.459971 0.094339
v -0.251901 0.522444 -0.199644
v -0.284491 0.580351 -0.140119
v -0.361153 0.523084 0.032503
v -0.333868 0.583870 0.091253
v -0.194473 0.220669 0.248303
v -0.239880 0.268362 0.250941
v -0.196992 0.325202 0.299655
v -0.009690 0.257637 0.313846
v -0.253810 0.392319 0.270360
v -0.201119 0.459971 0.298883
v -0.009690 0.391943 0.344061
v -0.251901 0.522444 0.253527
v -0.195111 0.580351 0.267558
v -0.009690 0.523084 0.325470
v -0.009690 0.162705 0.219121
v -0.150336 0.139441 0.091657
v -0.252628 0.696767 -0.021594
v -0.009690 0.124023 -0.029478
v -0.009690 0.645838 -0.242320
v -0.228329 0.629402 -0.173936
v -0.138389 0.722346 -0.140496
v -0.078329 0.140799 0.155622
v -0.302634 0.645838 0.032608
v -0.142053 0.756370 0.086695
v -0.009690 0.645838 0.275627
v -0.228329 0.629402 0.222130
v -0.201849 0.736891 0.031744
v -0.144024 0.175427 -0.145804
v -0.077392 0.756370 -0.088854
v -0.150336 0.139441 -0.026663
v -0.077392 0.756370 0.141887
v -0.078329 0.140799 -0.090614
v -0.009690 0.736891 0.193688
v -0.228765 0.676189 0.179935
v -0.076962 0.696767 -0.198111
v -0.217695 0.173970 0.145041
v -0.184372 0.676189 0.218839
v -0.009690 0.775804 -0.029481
v -0.217695 0.173970 -0.080031
v -0.139857 0.261957 -0.240853
v -0.141822 0.392115 -0.277117
v -0.141759 0.522850 -0.267568
v -0.194473 0.220669 -0.184575
v -0.288931 0.202231 -0.021826
v -0.196992 0.325202 -0.241853
v -0.314060 0.260396 -0.080876
v -0.354834 0.322431 -0.026804
v -0.314060 0.260396 0.145924
v -0.201119 0.459971 -0.247491
v -0.343405 0.392047 -0.091116
v -0.364693 0.459971 -0.029410
v -0.343405 0.392047 0.156091
v -0.195111 0.580351 -0.226024
v -0.335048 0.522850 -0.089218
v -0.333868 0.583870 -0.026427
v -0.335048 0.522850 0.152664
v -0.253065 0.219672 0.195815
v -0.077386 0.205039 0.270889
v -0.296602 0.324889 0.213822
v -0.139857 0.261957 0.299024
v -0.077424 0.323070 0.332494
v -0.304853 0.459971 0.215531
v -0.141822 0.392115 0.325553
v -0.077595 0.459971 0.333601
v -0.284491 0.580351 0.197187
v -0.228765 0.676189 -0.124909
v -0.077361 0.583870 0.300066
v -0.144024 0.175427 0.210561
v -0.009690 0.124023 0.094472
v -0.138246 0.640072 -0.226208
v -0.009690 0.736891 -0.148885
v -0.284751 0.640072 -0.078182
v -0.142053 0.756370 -0.026632
v -0.077633 0.775804 0.030737
v -0.009690 0.775804 0.088442
v -0.284751 0.640072 0.140659
v -0.138246 0.640072 0.261946
v -0.009690 0.162705 -0.154423
v -0.078682 0.123363 0.032496
v -0.252628 0.696767 0.085904
v -0.195806 0.722346 0.136465
v -0.138389 0.722346 0.187405
v -0.195806 0.722346 -0.078375
v -0.076962 0.696767 0.235908
v -0.141759 0.522850 0.306850
v -0.184372 0.676189 -0.174518
v -0.226390 0.159787 0.032496
v 0.058007 0.205039 -0.208490
v 0.058044 0.323070 -0.281965
v 0.058216 0.459971 -0.292432
v 0.057982 0.583870 -0.266847
v 0.233685 0.219672 -0.130839
v 0.269551 0.202231 0.086822
v 0.220501 0.268362 -0.187120
v 0.277222 0.324889 -0.148938
v 0.316701 0.255715 0.032496
v 0.335455 0.322431 0.091805
v 0.234430 0.392319 -0.208746
v 0.285473 0.459971 -0.152512
v 0.351728 0.391861 0.032496
v 0.345314 0.459971 0.094339
v 0.232521 0.522444 -0.199644
v 0.265111 0.580351 -0.140119
v 0.341773 0.523084 0.032503
v 0.314489 0.583870 0.091253
v 0.175093 0.220669 0.248303
v 0.220501 0.268362 0.250941
v 0.177612 0.325202 0.299655
v 0.234430 0.392319 0.270360
v 0.181740 0.459971 0.298883
v 0.232521 0.522444 0.253527
v 0.175731 0.580351 0.267558
v 0.130956 0.139441 0.091657
v 0.233248 0.696767 -0.021594
v 0.208949 0.629402 -0.173936
v 0.119010 0.722346 -0.140496
v 0.058950 0.140799 0.155622
v 0.283254 0.645838 0.032608
v 0.122673 0.756370 0.086695
v 0.208949 0.629402 0.222130
v 0.182469 0.736891 0.031744
v 0.124644 0.175427 -0.145804
v 0.058013 0.756370 -0.088854
v 0.130956 0.139441 -0.026663
v 0.058013 0.756370 0.141887
v 0.058950 0.140799 -0.090614
v 0.209386 0.676189 0.179935
v 0.057582 0.696767 -0.198111
v 0.198315 0.173970 0.145041
v 0.164992 0.676189 0.218839
v 0.198315 0.173970 -0.080031
v 0.120478 0.261957 -0.240853
v 0.122442 0.392115 -0.277117
v 0.122380 0.522850 -0.267568
v 0.175093 0.220669 -0.184575
v 0.269551 0.202231 -0.021826
v 0.177612 0.325202 -0.241853
v 0.294680 0.260396 -0.080876
v 0.335455 0.322431 -0.026804
v 0.294680 0.260396 0.145924
v 0.181740 0.459971 -0.247491
v 0.324026 0.392047 -0.091116
v 0.345314 0.459971 -0.029410
v 0.324026 0.392047 0.156091
v 0.175731 0.580351 -0.226024
v 0.315668 0.522850 -0.089218
v 0.314489 0.583870 -0.026427
v 0.315668 0.522850 0.152664
v 0.233685 0.219672 0.195815
v 0.058007 0.205039 0.270889
v 0.277222 0.324889 0.213822
v 0.120478 0.261957 0.299024
v 0.058044 0.323070 0.332494
v 0.285473 0.459971 0.215531
v 0.122442 0.392115 0.325553
v 0.058216 0.459971 0.333601
v 0.265111 0.580351 0.197187
v 0.209386 0.676189 -0.124909
v 0.057982 0.583870 0.300066
v 0.124644 0.175427 0.210561
v 0.118866 0.640072 -0.226208
v 0.265371 0.640072 -0.078182
v 0.122673 0.756370 -0.026632
v 0.058253 0.775804 0.030737
v 0.265371 0.640072 0.140659
v 0.118866 0.640072 0.261946
v 0.059303 0.123363 0.032496
v 0.233248 0.696767 0.085904
v 0.176427 0.722346 0.136465
v 0.119010 0.722346 0.187405
v 0.176427 0.722346 -0.078375
v 0.057582 0.696767 0.235908
v 0.122380 0.522850 0.306850
v 0.164992 0.676189 -0.174518
v 0.207011 0.159787 0.032496
v -0.077300 0.258862 -0.253047
v -0.193547 0.265945 -0.219984
v -0.077546 0.391992 -0.293433
v -0.199999 0.392259 -0.249659
v -0.077538 0.523027 -0.284030
v -0.199612 0.522587 -0.239660
v -0.077099 0.644424 -0.238386
v -0.188312 0.633460 -0.205177
v -0.281454 0.265073 -0.138366
v -0.331406 0.256993 -0.023614
v -0.331406 0.256993 0.088614
v -0.281454 0.265073 0.203342
v -0.304036 0.392220 -0.153542
v -0.364968 0.391912 -0.028854
v -0.364968 0.391912 0.093844
v -0.304036 0.392220 0.218070
v -0.298879 0.522587 -0.147896
v -0.355213 0.523027 -0.028616
v -0.355213 0.523027 0.093431
v -0.298879 0.522587 0.207784
v -0.260565 0.633460 -0.130310
v -0.298477 0.644424 -0.023263
v -0.298477 0.644424 0.088220
v -0.260564 0.633460 0.186490
v -0.193547 0.265945 0.281005
v -0.077300 0.258862 0.309967
v -0.199999 0.392259 0.304677
v -0.077546 0.391992 0.338991
v -0.199612 0.522587 0.285651
v -0.077538 0.523027 0.320463
v -0.188312 0.633460 0.246102
v -0.077099 0.644424 0.271998
v -0.077821 0.165971 0.217022
v -0.205147 0.191621 0.200903
v -0.078610 0.127345 0.093786
v -0.224610 0.163443 0.088503
v -0.078610 0.127345 -0.028791
v -0.224610 0.163443 -0.023509
v -0.077821 0.165971 -0.152317
v -0.205147 0.191621 -0.136030
v -0.077117 0.733151 -0.146840
v -0.188710 0.704442 -0.130845
v -0.077575 0.770698 -0.028791
v -0.200400 0.733151 -0.023396
v -0.077575 0.770698 0.087890
v -0.200400 0.733151 0.085644
v -0.077117 0.733151 0.191905
v -0.188710 0.704442 0.181941
v 0.057921 0.258862 -0.253047
v 0.174167 0.265945 -0.219984
v 0.058166 0.391992 -0.293433
v 0.180619 0.392259 -0.249659
v 0.058159 0.523027 -0.284030
v 0.180232 0.522587 -0.239660
v 0.057719 0.644424 -0.238386
v 0.168932 0.633460 -0.205177
v 0.262075 0.265073 -0.138366
v 0.312027 0.256993 -0.023614
v 0.312027 0.256993 0.088614
v 0.262075 0.265073 0.203342
v 0.284656 0.392220 -0.153542
v 0.345588 0.391912 -0.028854
v 0.345589 0.391912 0.093844
v 0.284656 0.392220 0.218070
v 0.279499 0.522587 -0.147896
v 0.335833 0.523027 -0.028616
v 0.335833 0.523027 0.093431
v 0.279499 0.522587 0.207784
v 0.241185 0.633460 -0.130310
v 0.279097 0.644424 -0.023263
v 0.279097 0.644424 0.088220
v 0.241185 0.633460 0.186490
v 0.174167 0.265945 0.281005
v 0.057921 0.258862 0.309967
v 0.180619 0.392259 0.304677
v 0.058166 0.391992 0.338991
v 0.180232 0.522587 0.285651
v 0.058159 0.523027 0.320463
v 0.168932 0.633460 0.246102
v 0.057719 0.644424 0.271998
v 0.058442 0.165971 0.217022
v 0.185767 0.191621 0.200903
v 0.059231 0.127345 0.093786
v 0.205231 0.163443 0.088503
v 0.059231 0.127345 -0.028791
v 0.205231 0.163443 -0.023509
v 0.058442 0.165971 -0.152317
v 0.185767 0.191621 -0.136030
v 0.057737 0.733151 -0.146840
v 0.169330 0.704442 -0.130845
v 0.058195 0.770698 -0.028791
v 0.181021 0.733151 -0.023396
v 0.058195 0.770698 0.087890
v 0.181021 0.733151 0.085644
v 0.057737 0.733151 0.191905
v 0.169330 0.704442 0.181941
vt 0.084320 0.600435
vt 0.081954 0.581905
vt 0.102046 0.579803
vt 0.104679 0.597136
vt 0.080855 0.563971
vt 0.099736 0.562865
vt 0.117622 0.560474
vt 0.120597 0.577258
vt 0.123400 0.594102
vt 0.081046 0.547612
vt 0.097490 0.546711
vt 0.082319 0.535680
vt 0.093900 0.531403
vt 0.109911 0.526470
vt 0.114296 0.543694
vt 0.136541 0.574742
vt 0.139363 0.591515
vt 0.133499 0.557883
vt 0.148696 0.555059
vt 0.151488 0.572097
vt 0.154266 0.589100
vt 0.130169 0.540720
vt 0.126256 0.522637
vt 0.142988 0.519642
vt 0.145905 0.537808
vt 0.167333 0.569053
vt 0.170129 0.586530
vt 0.164733 0.551753
vt 0.181553 0.547976
vt 0.184421 0.565527
vt 0.187442 0.583724
vt 0.162477 0.534637
vt 0.160617 0.517022
vt 0.178120 0.515152
vt 0.179261 0.531419
vt 0.202648 0.561502
vt 0.206197 0.580685
vt 0.198756 0.543732
vt 0.216140 0.538719
vt 0.221653 0.557033
vt 0.225923 0.577488
vt 0.195335 0.528276
vt 0.194027 0.514495
vt 0.205506 0.514835
vt 0.210230 0.524152
vt 0.073234 0.528042
vt 0.086816 0.516539
vt 0.060803 0.517392
vt 0.077070 0.501399
vt 0.096226 0.489911
vt 0.103830 0.508433
vt 0.046108 0.505944
vt 0.065491 0.485996
vt 0.026871 0.491736
vt 0.052690 0.469939
vt 0.078509 0.448142
vt 0.087533 0.470937
vt 0.869820 0.713263
vt 0.862553 0.724596
vt 0.841179 0.714844
vt 0.843556 0.706548
vt 0.858124 0.730883
vt 0.839074 0.721780
vt 0.818808 0.718118
vt 0.818886 0.710599
vt 0.817292 0.699833
vt 0.595044 0.718023
vt 0.584746 0.732918
vt 0.569383 0.725248
vt 0.574467 0.710186
vt 0.578530 0.741718
vt 0.566946 0.739796
vt 0.550970 0.738434
vt 0.551597 0.721360
vt 0.553889 0.702349
vt 0.121503 0.503155
vt 0.116003 0.482730
vt 0.136565 0.478979
vt 0.139840 0.499946
vt 0.109926 0.461807
vt 0.103456 0.440134
vt 0.128404 0.432127
vt 0.133155 0.456965
vt 0.798472 0.711069
vt 0.797406 0.702366
vt 0.799361 0.718728
vt 0.780371 0.722468
vt 0.778903 0.714704
vt 0.777519 0.704898
vt 0.532088 0.721514
vt 0.531454 0.703676
vt 0.533192 0.739479
vt 0.514242 0.742698
vt 0.511440 0.724541
vt 0.509019 0.705002
vt 0.159202 0.498180
vt 0.158376 0.477901
vt 0.180653 0.479912
vt 0.178605 0.498245
vt 0.158181 0.456084
vt 0.158233 0.432862
vt 0.188062 0.433597
vt 0.183990 0.459309
vt 0.759163 0.721077
vt 0.756670 0.712637
vt 0.761270 0.728533
vt 0.743059 0.737460
vt 0.739989 0.730484
vt 0.735820 0.720376
vt 0.490295 0.730122
vt 0.485065 0.712584
vt 0.494884 0.747486
vt 0.477197 0.753790
vt 0.470890 0.738042
vt 0.461111 0.720166
vt 0.196717 0.500787
vt 0.202230 0.485597
vt 0.221666 0.495065
vt 0.212153 0.506703
vt 0.209426 0.468124
vt 0.217708 0.448814
vt 0.247354 0.464031
vt 0.232713 0.481081
vt 0.722553 0.744007
vt 0.717205 0.737462
vt 0.727040 0.749761
vt 0.714176 0.764513
vt 0.708003 0.760242
vt 0.698590 0.754547
vt 0.455682 0.748768
vt 0.445110 0.736134
vt 0.463049 0.761109
vt 0.453350 0.766445
vt 0.444469 0.760678
vt 0.429109 0.752101
vt 0.584047 0.752625
vt 0.569051 0.755225
vt 0.591264 0.768789
vt 0.573670 0.772611
vt 0.555298 0.775411
vt 0.552372 0.756354
vt 0.597863 0.788559
vt 0.578664 0.792237
vt 0.602450 0.810480
vt 0.582622 0.813276
vt 0.562330 0.816137
vt 0.558937 0.795465
vt 0.534999 0.758311
vt 0.537496 0.777980
vt 0.519831 0.780729
vt 0.517028 0.761341
vt 0.540530 0.798218
vt 0.543610 0.818776
vt 0.525633 0.821311
vt 0.522719 0.800824
vt 0.498624 0.765240
vt 0.501702 0.783866
vt 0.483596 0.787168
vt 0.481140 0.769823
vt 0.504405 0.803589
vt 0.507131 0.823920
vt 0.487955 0.826623
vt 0.485573 0.806385
vt 0.465759 0.774457
vt 0.466160 0.790117
vt 0.449580 0.791435
vt 0.451767 0.776583
vt 0.466627 0.808905
vt 0.468478 0.829370
vt 0.450032 0.831971
vt 0.448578 0.810577
vt 0.887228 0.811477
vt 0.880703 0.789428
vt 0.887502 0.788306
vt 0.892819 0.810573
vt 0.874177 0.767379
vt 0.879370 0.767457
vt 0.885980 0.765335
vt 0.894841 0.786763
vt 0.900294 0.809372
vt 0.863577 0.751915
vt 0.868412 0.749448
vt 0.852976 0.736450
vt 0.854546 0.735442
vt 0.873818 0.746005
vt 0.902809 0.784797
vt 0.908589 0.808042
vt 0.893433 0.762384
vt 0.903711 0.758777
vt 0.911513 0.782556
vt 0.919315 0.806334
vt 0.879894 0.741498
vt 0.886766 0.736020
vt 0.000311 0.614048
vt 0.000465 0.584342
vt 0.021368 0.584012
vt 0.023230 0.610335
vt 0.000619 0.554635
vt 0.024041 0.557276
vt 0.043542 0.560264
vt 0.041635 0.583676
vt 0.043571 0.607038
vt 0.013745 0.523186
vt 0.032448 0.530556
vt 0.049691 0.537576
vt 0.061749 0.583109
vt 0.063844 0.603753
vt 0.062207 0.562849
vt 0.065549 0.543929
vt 0.240920 0.552208
vt 0.245955 0.574242
vt 0.233489 0.532670
vt 0.250324 0.525748
vt 0.259564 0.547175
vt 0.265333 0.571102
vt 0.224046 0.517337
vt 0.237732 0.508361
vt 0.277034 0.542021
vt 0.283598 0.568142
vt 0.266540 0.518057
vt 0.284819 0.508373
vt 0.294225 0.536635
vt 0.303632 0.564896
vt 0.251616 0.497836
vt 0.266086 0.486202
vt 0.680864 0.844993
vt 0.681011 0.820845
vt 0.689865 0.820500
vt 0.691507 0.843273
vt 0.681158 0.796696
vt 0.691842 0.798477
vt 0.699858 0.799124
vt 0.698090 0.819938
vt 0.699855 0.841923
vt 0.689874 0.775622
vt 0.697968 0.778455
vt 0.705145 0.780795
vt 0.416116 0.836753
vt 0.416325 0.810269
vt 0.432128 0.810927
vt 0.433496 0.834302
vt 0.416534 0.783785
vt 0.433669 0.789863
vt 0.422821 0.767943
vt 0.437783 0.773792
vt 0.711439 0.782528
vt 0.707012 0.798947
vt 0.719068 0.768165
vt 0.721579 0.771682
vt 0.716995 0.783706
vt 0.712410 0.795731
vt 0.705839 0.819026
vt 0.707661 0.840660
vt 0.713116 0.817696
vt 0.713822 0.839661
vt 0.596850 0.745890
vt 0.606988 0.763166
vt 0.609182 0.736314
vt 0.623320 0.754605
vt 0.614809 0.784497
vt 0.619991 0.808007
vt 0.630638 0.780039
vt 0.637956 0.805474
vt 0.745047 0.743096
vt 0.730470 0.754679
vt 0.744356 0.746336
vt 0.732968 0.759009
vt 0.781594 0.729031
vt 0.762738 0.734860
vt 0.782981 0.734386
vt 0.763669 0.740361
vt 0.818753 0.724010
vt 0.800185 0.725142
vt 0.819115 0.726840
vt 0.801048 0.730613
vt 0.837360 0.727309
vt 0.836046 0.731645
vt 0.107655 0.614413
vt 0.087927 0.618764
vt 0.126060 0.610970
vt 0.128538 0.627834
vt 0.110812 0.631213
vt 0.092548 0.636127
vt 0.113782 0.647250
vt 0.097896 0.651589
vt 0.130681 0.644806
vt 0.131960 0.662533
vt 0.115210 0.662909
vt 0.102871 0.662508
vt 0.141982 0.608321
vt 0.157000 0.606111
vt 0.159732 0.623159
vt 0.144420 0.625278
vt 0.146680 0.642615
vt 0.162531 0.640408
vt 0.165500 0.658565
vt 0.148679 0.661008
vt 0.172995 0.603995
vt 0.190322 0.601945
vt 0.193144 0.619503
vt 0.175992 0.621231
vt 0.179257 0.638184
vt 0.196198 0.635936
vt 0.200252 0.651731
vt 0.183054 0.655485
vt 0.208888 0.600007
vt 0.228331 0.598245
vt 0.228884 0.617363
vt 0.210807 0.618097
vt 0.212442 0.633842
vt 0.227877 0.633051
vt 0.226337 0.643384
vt 0.215552 0.647331
vt 0.113183 0.679249
vt 0.096664 0.672624
vt 0.131886 0.681567
vt 0.130521 0.701543
vt 0.108717 0.696693
vt 0.088232 0.686655
vt 0.102595 0.714963
vt 0.077904 0.702157
vt 0.128264 0.722291
vt 0.126901 0.746770
vt 0.095519 0.734242
vt 0.064138 0.721714
vt 0.901497 0.910048
vt 0.878753 0.924672
vt 0.873889 0.917567
vt 0.891060 0.901605
vt 0.856010 0.939296
vt 0.854120 0.928611
vt 0.851672 0.921517
vt 0.869711 0.911662
vt 0.884889 0.897044
vt 0.620897 0.901380
vt 0.603289 0.914601
vt 0.594238 0.901532
vt 0.606882 0.889914
vt 0.585680 0.927822
vt 0.578221 0.910186
vt 0.572898 0.893952
vt 0.587874 0.888225
vt 0.598475 0.883176
vt 0.150322 0.680995
vt 0.168734 0.678248
vt 0.172247 0.699176
vt 0.151553 0.702110
vt 0.152395 0.723882
vt 0.175964 0.721141
vt 0.179300 0.746208
vt 0.153100 0.746489
vt 0.836392 0.943193
vt 0.834643 0.934618
vt 0.816774 0.947090
vt 0.814960 0.937391
vt 0.813881 0.929573
vt 0.833057 0.927083
vt 0.563753 0.932751
vt 0.559430 0.915433
vt 0.541826 0.937679
vt 0.538750 0.918233
vt 0.536422 0.900009
vt 0.555524 0.897862
vt 0.187662 0.673809
vt 0.206052 0.667620
vt 0.213784 0.684368
vt 0.193283 0.693311
vt 0.199988 0.714073
vt 0.223458 0.702862
vt 0.235441 0.725973
vt 0.207371 0.736091
vt 0.794569 0.946450
vt 0.794240 0.937664
vt 0.772363 0.945809
vt 0.773087 0.934891
vt 0.773771 0.927308
vt 0.793859 0.929932
vt 0.516710 0.937016
vt 0.516887 0.918716
vt 0.491593 0.936353
vt 0.496048 0.916470
vt 0.497755 0.899593
vt 0.516496 0.900760
vt 0.222434 0.659488
vt 0.235212 0.649000
vt 0.247913 0.657038
vt 0.232462 0.672160
vt 0.244807 0.686466
vt 0.262811 0.666817
vt 0.282087 0.678371
vt 0.258764 0.702172
vt 0.749284 0.935544
vt 0.752273 0.927642
vt 0.726205 0.925279
vt 0.733340 0.916875
vt 0.737843 0.910873
vt 0.754698 0.920768
vt 0.471801 0.925432
vt 0.478467 0.910368
vt 0.452008 0.914511
vt 0.464398 0.902022
vt 0.471338 0.894025
vt 0.482135 0.896471
vt 0.585631 0.872816
vt 0.600761 0.871168
vt 0.569290 0.876343
vt 0.566833 0.857220
vt 0.585263 0.854831
vt 0.603228 0.853639
vt 0.584635 0.834588
vt 0.604103 0.832814
vt 0.564785 0.836941
vt 0.552054 0.879266
vt 0.533945 0.881322
vt 0.531278 0.861915
vt 0.549014 0.859673
vt 0.546335 0.839385
vt 0.528497 0.841806
vt 0.515181 0.882664
vt 0.497111 0.883094
vt 0.494675 0.865746
vt 0.512989 0.863914
vt 0.510133 0.844212
vt 0.491262 0.846732
vt 0.481048 0.882893
vt 0.467014 0.884719
vt 0.460805 0.871051
vt 0.477103 0.867733
vt 0.472357 0.849549
vt 0.454550 0.852933
vt 0.894729 0.833376
vt 0.887922 0.834442
vt 0.902179 0.832543
vt 0.900472 0.855644
vt 0.893535 0.855703
vt 0.888615 0.857406
vt 0.888798 0.876218
vt 0.883436 0.875398
vt 0.895004 0.877783
vt 0.880065 0.893850
vt 0.878257 0.893390
vt 0.910356 0.831917
vt 0.919315 0.831326
vt 0.919315 0.856317
vt 0.908463 0.856109
vt 0.902178 0.880148
vt 0.910406 0.883183
vt 0.029776 0.635898
vt 0.009839 0.642187
vt 0.049112 0.629817
vt 0.058315 0.651428
vt 0.040755 0.660422
vt 0.019366 0.670325
vt 0.057171 0.683119
vt 0.041752 0.696019
vt 0.071314 0.671013
vt 0.068376 0.624002
vt 0.075208 0.643081
vt 0.084354 0.659977
vt 0.248136 0.596739
vt 0.267415 0.595627
vt 0.265415 0.618875
vt 0.247256 0.617624
vt 0.243139 0.635155
vt 0.258958 0.639349
vt 0.285619 0.595000
vt 0.303632 0.594681
vt 0.303632 0.624467
vt 0.283230 0.621051
vt 0.275455 0.644951
vt 0.292859 0.651419
vt 0.697129 0.865406
vt 0.688617 0.867869
vt 0.705113 0.863345
vt 0.713354 0.882546
vt 0.705949 0.885689
vt 0.696369 0.890744
vt 0.718073 0.902766
vt 0.711287 0.908011
vt 0.724146 0.898281
vt 0.438645 0.857145
vt 0.423640 0.862147
vt 0.445950 0.876962
vt 0.431164 0.887540
vt 0.454347 0.891268
vt 0.441586 0.901026
vt 0.720201 0.880459
vt 0.729572 0.894654
vt 0.726348 0.881807
vt 0.734472 0.891791
vt 0.742596 0.901774
vt 0.741327 0.905872
vt 0.712757 0.861767
vt 0.720085 0.860734
vt 0.619893 0.854695
vt 0.614927 0.874100
vt 0.637956 0.858406
vt 0.629427 0.879893
vt 0.621511 0.832033
vt 0.637956 0.831940
vt 0.756386 0.915027
vt 0.773858 0.921341
vt 0.757376 0.910144
vt 0.772156 0.918514
vt 0.793232 0.923472
vt 0.812953 0.922962
vt 0.792359 0.917963
vt 0.812562 0.917412
vt 0.831804 0.920745
vt 0.849760 0.915952
vt 0.830888 0.915282
vt 0.849214 0.913151
vt 0.866347 0.906965
vt 0.863736 0.903271
vt 0.595672 0.536724
vt 0.603609 0.549577
vt 0.590016 0.557199
vt 0.582389 0.545428
vt 0.610624 0.562225
vt 0.597269 0.568480
vt 0.584848 0.575805
vt 0.577350 0.564914
vt 0.569843 0.553650
vt 0.616426 0.573975
vt 0.604237 0.578906
vt 0.620060 0.583038
vt 0.612481 0.588985
vt 0.601513 0.597608
vt 0.592452 0.586341
vt 0.565418 0.572685
vt 0.557944 0.561448
vt 0.572959 0.583770
vt 0.561643 0.591674
vt 0.554234 0.580212
vt 0.546764 0.568775
vt 0.580674 0.594892
vt 0.589526 0.607157
vt 0.577280 0.616268
vt 0.569098 0.603363
vt 0.543685 0.587318
vt 0.536206 0.575693
vt 0.550902 0.598993
vt 0.540137 0.606169
vt 0.532934 0.594583
vt 0.525338 0.582815
vt 0.557893 0.610854
vt 0.565139 0.623865
vt 0.552939 0.630006
vt 0.546772 0.617587
vt 0.521253 0.602648
vt 0.513300 0.590703
vt 0.528885 0.613881
vt 0.517829 0.622779
vt 0.509082 0.611632
vt 0.500360 0.599184
vt 0.535664 0.624187
vt 0.540892 0.634960
vt 0.531971 0.638332
vt 0.525831 0.631991
vt 0.630624 0.586935
vt 0.624168 0.599147
vt 0.645094 0.592311
vt 0.638209 0.609167
vt 0.626600 0.623755
vt 0.613183 0.610464
vt 0.660908 0.597055
vt 0.653137 0.618109
vt 0.680242 0.603186
vt 0.668849 0.626634
vt 0.657456 0.650082
vt 0.640818 0.636375
vt 0.709100 0.651870
vt 0.723954 0.638268
vt 0.739734 0.653960
vt 0.729184 0.668195
vt 0.736199 0.627407
vt 0.749405 0.639681
vt 0.765916 0.647929
vt 0.758453 0.665217
vt 0.749267 0.684520
vt 0.746960 0.616550
vt 0.757821 0.624815
vt 0.754796 0.608680
vt 0.764018 0.610887
vt 0.777386 0.614094
vt 0.772371 0.630382
vt 0.600326 0.621435
vt 0.612426 0.636734
vt 0.597041 0.647603
vt 0.586754 0.631216
vt 0.625022 0.651980
vt 0.638032 0.667424
vt 0.618608 0.684767
vt 0.607565 0.664835
vt 0.779182 0.672589
vt 0.774021 0.691866
vt 0.784057 0.653653
vt 0.802395 0.657009
vt 0.800221 0.676757
vt 0.798775 0.699211
vt 0.788457 0.634883
vt 0.792109 0.617747
vt 0.807021 0.621178
vt 0.804741 0.638198
vt 0.573037 0.638912
vt 0.581206 0.655737
vt 0.564107 0.661180
vt 0.558754 0.644573
vt 0.589261 0.673918
vt 0.597450 0.693247
vt 0.576293 0.701727
vt 0.569154 0.679624
vt 0.820362 0.677141
vt 0.821187 0.697758
vt 0.819973 0.657777
vt 0.837478 0.655580
vt 0.840592 0.673734
vt 0.843599 0.696305
vt 0.820369 0.639848
vt 0.821393 0.623712
vt 0.835283 0.624874
vt 0.835658 0.639400
vt 0.543746 0.648173
vt 0.545229 0.663855
vt 0.526833 0.662548
vt 0.529808 0.648192
vt 0.546012 0.681257
vt 0.546476 0.699943
vt 0.516659 0.698160
vt 0.523000 0.678859
vt 0.861711 0.665461
vt 0.869129 0.682182
vt 0.855347 0.650096
vt 0.871346 0.641391
vt 0.881134 0.653793
vt 0.894659 0.668058
vt 0.850690 0.636493
vt 0.848472 0.624524
vt 0.858033 0.623693
vt 0.863455 0.630796
vt 0.754269 0.599083
vt 0.767095 0.598587
vt 0.754582 0.586160
vt 0.768890 0.586451
vt 0.782907 0.588135
vt 0.780641 0.600531
vt 0.755661 0.571848
vt 0.770679 0.573208
vt 0.757520 0.556922
vt 0.772694 0.559234
vt 0.787160 0.561437
vt 0.785040 0.575075
vt 0.794851 0.603493
vt 0.797083 0.590607
vt 0.811051 0.593371
vt 0.809084 0.606688
vt 0.799247 0.577318
vt 0.801383 0.563604
vt 0.815187 0.565707
vt 0.813079 0.579715
vt 0.822794 0.609511
vt 0.824476 0.596039
vt 0.837945 0.598554
vt 0.836200 0.611655
vt 0.826388 0.582083
vt 0.828495 0.567734
vt 0.842273 0.569833
vt 0.840040 0.584514
vt 0.849437 0.613223
vt 0.851961 0.601074
vt 0.865764 0.604306
vt 0.861591 0.615834
vt 0.854757 0.587158
vt 0.857319 0.572126
vt 0.872693 0.574468
vt 0.869647 0.590151
vt 0.739406 0.571059
vt 0.741101 0.554420
vt 0.739400 0.587647
vt 0.723047 0.590324
vt 0.721737 0.570718
vt 0.723268 0.551704
vt 0.741396 0.603533
vt 0.727584 0.610133
vt 0.702565 0.570634
vt 0.703808 0.548739
vt 0.705122 0.593394
vt 0.683233 0.595908
vt 0.682049 0.570576
vt 0.680864 0.545244
vt 0.712469 0.616950
vt 0.696167 0.623889
vt 0.661158 0.493811
vt 0.670700 0.517465
vt 0.651950 0.526128
vt 0.641633 0.506606
vt 0.680242 0.541119
vt 0.659179 0.548034
vt 0.641474 0.552769
vt 0.634431 0.534252
vt 0.625054 0.517470
vt 0.680242 0.572153
vt 0.662395 0.572690
vt 0.645675 0.572835
vt 0.618359 0.541989
vt 0.609832 0.527445
vt 0.625334 0.557203
vt 0.630212 0.572624
vt 0.496892 0.621582
vt 0.486870 0.608024
vt 0.507571 0.633407
vt 0.497252 0.645898
vt 0.484117 0.632775
vt 0.472407 0.617501
vt 0.518200 0.642774
vt 0.511116 0.656246
vt 0.470105 0.645452
vt 0.456396 0.627993
vt 0.485829 0.660374
vt 0.472452 0.678334
vt 0.455067 0.659296
vt 0.437681 0.640257
vt 0.503257 0.671578
vt 0.494556 0.688247
vt 0.939755 0.584684
vt 0.932349 0.608426
vt 0.914748 0.602797
vt 0.919743 0.581635
vt 0.924944 0.632167
vt 0.906915 0.622444
vt 0.891979 0.614991
vt 0.898519 0.597803
vt 0.902756 0.579048
vt 0.909801 0.650113
vt 0.895855 0.639365
vt 0.883306 0.629632
vt 0.883887 0.593636
vt 0.887501 0.576724
vt 0.878722 0.608930
vt 0.872303 0.621491
vt 0.574641 0.533738
vt 0.587056 0.524317
vt 0.562512 0.542271
vt 0.555518 0.531049
vt 0.567193 0.522584
vt 0.578259 0.512836
vt 0.560415 0.512034
vt 0.569802 0.502827
vt 0.548894 0.519872
vt 0.542180 0.507067
vt 0.554465 0.500452
vt 0.562942 0.495877
vt 0.550624 0.550110
vt 0.539258 0.557360
vt 0.531707 0.545991
vt 0.543470 0.538771
vt 0.536353 0.527258
vt 0.523965 0.534490
vt 0.515398 0.521837
vt 0.528640 0.514246
vt 0.528533 0.564195
vt 0.517580 0.571153
vt 0.509832 0.559924
vt 0.520709 0.552918
vt 0.512624 0.541774
vt 0.502012 0.549283
vt 0.493087 0.538671
vt 0.503587 0.529937
vt 0.505523 0.578644
vt 0.492428 0.586217
vt 0.485698 0.573748
vt 0.498270 0.567163
vt 0.491526 0.556833
vt 0.480446 0.562734
vt 0.477082 0.554574
vt 0.483736 0.547740
vt 0.549812 0.485680
vt 0.563586 0.484635
vt 0.535051 0.491235
vt 0.528220 0.473628
vt 0.546230 0.468807
vt 0.564433 0.469222
vt 0.543989 0.451550
vt 0.566395 0.452829
vt 0.522324 0.455555
vt 0.516398 0.434828
vt 0.542444 0.433741
vt 0.568491 0.432654
vt 0.739570 0.451863
vt 0.763604 0.442259
vt 0.769437 0.458989
vt 0.749699 0.469270
vt 0.787638 0.432654
vt 0.790659 0.453817
vt 0.792635 0.472543
vt 0.774417 0.475501
vt 0.758155 0.483285
vt 0.778025 0.492198
vt 0.765195 0.496854
vt 0.793572 0.491217
vt 0.793509 0.508258
vt 0.779793 0.507340
vt 0.770332 0.506700
vt 0.519860 0.498644
vt 0.505475 0.507184
vt 0.494555 0.491211
vt 0.510662 0.481443
vt 0.501711 0.463808
vt 0.482957 0.474683
vt 0.469089 0.456603
vt 0.492743 0.445715
vt 0.813456 0.433013
vt 0.812643 0.452952
vt 0.839274 0.433372
vt 0.833968 0.455239
vt 0.830163 0.474738
vt 0.811657 0.472481
vt 0.810269 0.491710
vt 0.826801 0.493394
vt 0.823909 0.510321
vt 0.808653 0.509156
vt 0.492943 0.516689
vt 0.482051 0.527525
vt 0.468961 0.515989
vt 0.480777 0.502483
vt 0.467322 0.487841
vt 0.454065 0.503999
vt 0.436648 0.488631
vt 0.452868 0.472617
vt 0.860236 0.441433
vt 0.853309 0.460869
vt 0.881199 0.449494
vt 0.871607 0.470145
vt 0.863229 0.486549
vt 0.847172 0.479239
vt 0.842212 0.496472
vt 0.856674 0.501453
vt 0.851990 0.515208
vt 0.838384 0.512181
vt 0.472760 0.539849
vt 0.467179 0.552620
vt 0.452829 0.549618
vt 0.458973 0.532229
vt 0.443330 0.524566
vt 0.436343 0.546622
vt 0.416116 0.544731
vt 0.426382 0.516681
vt 0.901365 0.470579
vt 0.889305 0.484333
vt 0.921532 0.491664
vt 0.904372 0.501254
vt 0.891335 0.510179
vt 0.878654 0.497105
vt 0.870158 0.508704
vt 0.880647 0.517944
vt 0.873357 0.523110
vt 0.864476 0.519469
vt 0.779067 0.519998
vt 0.766972 0.515705
vt 0.792578 0.522176
vt 0.791050 0.534685
vt 0.777168 0.532118
vt 0.763422 0.528135
vt 0.774931 0.545293
vt 0.760190 0.542119
vt 0.789197 0.547787
vt 0.807025 0.523580
vt 0.821564 0.524767
vt 0.819477 0.538067
vt 0.805319 0.536546
vt 0.803428 0.549876
vt 0.817346 0.551707
vt 0.835492 0.526155
vt 0.848929 0.528101
vt 0.846694 0.541127
vt 0.833087 0.539517
vt 0.830756 0.553409
vt 0.844513 0.555154
vt 0.862032 0.530546
vt 0.874413 0.531672
vt 0.874963 0.543920
vt 0.860824 0.542895
vt 0.859349 0.557012
vt 0.874455 0.558589
vt 0.744438 0.538032
vt 0.727468 0.533096
vt 0.734557 0.514770
vt 0.749371 0.522195
vt 0.756007 0.507624
vt 0.744788 0.497210
vt 0.709141 0.527467
vt 0.689538 0.521414
vt 0.698212 0.497583
vt 0.718359 0.506501
vt 0.732388 0.486202
vt 0.718891 0.474723
vt 0.627852 0.489354
vt 0.643278 0.475620
vt 0.613410 0.502173
vt 0.599243 0.488325
vt 0.610652 0.473982
vt 0.625399 0.457429
vt 0.589329 0.461191
vt 0.596945 0.445042
vt 0.582522 0.476464
vt 0.599901 0.513821
vt 0.588735 0.501353
vt 0.576543 0.490725
vt 0.478439 0.593422
vt 0.463077 0.600668
vt 0.456288 0.583386
vt 0.471860 0.578912
vt 0.467514 0.565427
vt 0.452333 0.566545
vt 0.445861 0.608455
vt 0.427165 0.616718
vt 0.416649 0.593178
vt 0.438455 0.588082
vt 0.435138 0.567630
vt 0.416382 0.568955
vt 0.921276 0.559947
vt 0.939755 0.559815
vt 0.904296 0.559881
vt 0.903171 0.541525
vt 0.919649 0.538859
vt 0.939755 0.534945
vt 0.914129 0.519412
vt 0.930643 0.513304
vt 0.899251 0.524966
vt 0.889087 0.559503
vt 0.888710 0.543364
vt 0.886323 0.529462
vn 0.0000 -0.6915 -0.7223
vn -0.1192 -0.6868 -0.7169
vn -0.1245 -0.4451 -0.8867
vn 0.0000 -0.4536 -0.8912
vn -0.2699 -0.6641 -0.6972
vn -0.2846 -0.4169 -0.8632
vn -0.3140 -0.2127 -0.9253
vn -0.1405 -0.2378 -0.9611
vn 0.0000 -0.2470 -0.9690
vn -0.4555 -0.6055 -0.6526
vn -0.4784 -0.3688 -0.7969
vn -0.6197 -0.5164 -0.5910
vn -0.6635 -0.3438 -0.6644
vn -0.6841 -0.1808 -0.7066
vn -0.5110 -0.1848 -0.8394
vn -0.1536 -0.0412 -0.9872
vn 0.0000 -0.0458 -0.9989
vn -0.3341 -0.0304 -0.9420
vn -0.3362 0.1280 -0.9330
vn -0.1560 0.1347 -0.9785
vn 0.0000 0.1365 -0.9906
vn -0.5253 -0.0234 -0.8506
vn -0.6884 -0.0300 -0.7246
vn -0.6799 0.0970 -0.7269
vn -0.5220 0.1148 -0.8451
vn -0.1478 0.2881 -0.9461
vn 0.0000 0.2944 -0.9557
vn -0.3217 0.2698 -0.9076
vn -0.2964 0.4251 -0.8552
vn -0.1332 0.4464 -0.8849
vn 0.0000 0.4536 -0.8912
vn -0.5036 0.2437 -0.8288
vn -0.6592 0.2181 -0.7196
vn -0.6180 0.3670 -0.6952
vn -0.4705 0.3948 -0.7891
vn -0.1208 0.5906 -0.7979
vn 0.0000 0.5961 -0.8029
vn -0.2723 0.5709 -0.7745
vn -0.2606 0.6799 -0.6854
vn -0.1174 0.7009 -0.7035
vn 0.0000 0.7053 -0.7089
vn -0.4300 0.5365 -0.7261
vn -0.5596 0.5056 -0.6565
vn -0.5078 0.5932 -0.6247
vn -0.4041 0.6385 -0.6549
vn -0.6672 -0.5985 -0.4435
vn -0.7723 -0.3842 -0.5059
vn -0.6894 -0.6512 -0.3172
vn -0.8230 -0.4336 -0.3670
vn -0.8845 -0.2346 -0.4031
vn -0.8033 -0.2061 -0.5588
vn -0.7027 -0.6829 -0.1996
vn -0.8604 -0.4590 -0.2213
vn -0.7149 -0.6988 -0.0244
vn -0.8858 -0.4634 -0.0248
vn -0.9698 -0.2437 -0.0068
vn -0.9416 -0.2474 -0.2286
vn -0.6827 -0.6678 0.2965
vn -0.8484 -0.4337 0.3034
vn -0.4494 -0.4393 0.7778
vn -0.5551 -0.2813 0.7827
vn -0.5811 -0.1341 0.8027
vn -0.9163 -0.2184 0.3357
vn 0.5733 0.5698 0.5888
vn 0.6356 0.6317 0.4437
vn 0.8014 0.3377 0.4937
vn 0.7183 0.3346 0.6099
vn 0.5498 0.5485 0.6300
vn 0.6306 0.2995 0.7160
vn 0.6587 0.1076 0.7447
vn 0.8237 0.1201 0.5541
vn 0.7461 0.1338 0.6522
vn -0.8112 -0.0455 -0.5830
vn -0.9059 -0.0568 -0.4196
vn -0.9035 0.0783 -0.4214
vn -0.8042 0.0822 -0.5886
vn -0.9715 -0.0591 -0.2297
vn -0.9984 -0.0551 0.0081
vn -0.9962 0.0859 0.0134
vn -0.9703 0.0825 -0.2272
vn -0.9301 -0.0448 0.3645
vn -0.5685 -0.0233 0.8224
vn -0.5543 0.0493 0.8308
vn -0.9237 0.0804 0.3744
vn 0.8141 -0.0040 0.5807
vn 0.7338 0.0062 0.6793
vn 0.6693 0.0067 0.7429
vn 0.6783 -0.0487 0.7331
vn 0.8102 -0.0689 0.5821
vn 0.7263 -0.0646 0.6843
vn -0.7860 0.2014 -0.5844
vn -0.8884 0.2001 -0.4132
vn -0.8456 0.3561 -0.3975
vn -0.7422 0.3525 -0.5699
vn -0.9532 0.2085 -0.2188
vn -0.9770 0.2130 0.0138
vn -0.9275 0.3735 0.0127
vn -0.9069 0.3682 -0.2044
vn -0.9108 0.1956 0.3635
vn -0.5585 0.1192 0.8209
vn -0.5553 0.2227 0.8013
vn -0.8736 0.3478 0.3403
vn 0.8151 -0.1353 0.5632
vn 0.7271 -0.1358 0.6730
vn 0.6885 -0.1050 0.7176
vn 0.6934 -0.2138 0.6881
vn 0.8153 -0.2662 0.5141
vn 0.7214 -0.2658 0.6395
vn -0.6662 0.5046 -0.5491
vn -0.7598 0.5245 -0.3842
vn -0.6300 0.6736 -0.3864
vn -0.5586 0.6280 -0.5418
vn -0.8186 0.5412 -0.1923
vn -0.8374 0.5464 0.0117
vn -0.7034 0.7107 0.0113
vn -0.6840 0.7034 -0.1933
vn -0.7944 0.5157 0.3207
vn -0.5149 0.3377 0.7879
vn -0.4320 0.4389 0.7878
vn -0.6668 0.6731 0.3198
vn 0.7785 -0.4556 0.4315
vn 0.6790 -0.4367 0.5901
vn 0.6708 -0.3966 0.6266
vn 0.6070 -0.6026 0.5179
vn 0.6494 -0.6670 0.3651
vn 0.5720 -0.5991 0.5602
vn 0.3094 0.6333 0.7093
vn 0.3197 0.3312 0.8877
vn 0.1239 0.6569 0.7437
vn 0.1127 0.3880 0.9147
vn 0.1451 0.2012 0.9687
vn 0.3760 0.1460 0.9150
vn 0.0352 0.6522 0.7572
vn 0.0156 0.4100 0.9119
vn 0.0000 0.6473 0.7622
vn 0.0000 0.4131 0.9106
vn 0.0000 0.2370 0.9715
vn 0.0191 0.2303 0.9729
vn 0.4142 0.0432 0.9091
vn 0.1751 0.0789 0.9814
vn 0.1880 -0.0043 0.9821
vn 0.4331 -0.0208 0.9011
vn 0.0283 0.0969 0.9949
vn 0.0000 0.1015 0.9948
vn 0.0000 0.0006 1.0000
vn 0.0324 0.0002 0.9995
vn 0.4372 -0.0839 0.8954
vn 0.1841 -0.0860 0.9791
vn 0.1623 -0.2146 0.9631
vn 0.4216 -0.1924 0.8861
vn 0.0291 -0.0948 0.9951
vn 0.0000 -0.0986 0.9951
vn 0.0000 -0.2407 0.9706
vn 0.0211 -0.2349 0.9718
vn 0.3851 -0.3921 0.8354
vn 0.1404 -0.4276 0.8929
vn 0.1665 -0.7178 0.6760
vn 0.3841 -0.6822 0.6221
vn 0.0212 -0.4419 0.8968
vn 0.0000 -0.4434 0.8963
vn 0.0000 -0.7114 0.7028
vn 0.0477 -0.7161 0.6963
vn 0.0000 0.6927 0.7212
vn 0.0738 0.7054 0.7049
vn 0.0129 0.1628 0.9866
vn 0.0000 0.1547 0.9879
vn 0.1791 0.7282 0.6615
vn 0.0391 0.1787 0.9831
vn -0.1713 -0.5488 0.8182
vn -0.0825 -0.5472 0.8329
vn 0.0000 -0.5455 0.8381
vn 0.3500 0.7099 0.6111
vn 0.0824 0.1760 0.9809
vn 0.1330 0.1369 0.9816
vn -0.2929 -0.5302 0.7956
vn -0.1378 -0.9131 0.3838
vn 0.0000 -0.9194 0.3932
vn -0.2797 -0.8911 0.3573
vn -0.3059 -0.9519 0.0141
vn -0.1525 -0.9880 0.0216
vn 0.0000 -0.9997 0.0232
vn -0.4591 -0.8282 0.3212
vn -0.4910 -0.8711 -0.0040
vn -0.1498 -0.9731 -0.1752
vn 0.0000 -0.9836 -0.1802
vn -0.3042 -0.9377 -0.1674
vn -0.2940 -0.9130 -0.2828
vn -0.1400 -0.9437 -0.2997
vn 0.0000 -0.9513 -0.3082
vn -0.4901 -0.8541 -0.1739
vn -0.4856 -0.8274 -0.2821
vn -0.1270 -0.8706 -0.4752
vn 0.0000 -0.8751 -0.4840
vn -0.2779 -0.8468 -0.4535
vn -0.4686 -0.7720 -0.4294
vn -0.1233 0.7934 -0.5961
vn 0.0000 0.7980 -0.6026
vn -0.2654 0.7702 -0.5799
vn -0.2897 0.8558 -0.4286
vn -0.1373 0.8822 -0.4504
vn 0.0000 0.8883 -0.4593
vn -0.4183 0.7165 -0.5582
vn -0.4629 0.7890 -0.4039
vn -0.1534 0.9549 -0.2541
vn 0.0000 0.9650 -0.2621
vn -0.3205 0.9180 -0.2335
vn -0.3352 0.9420 0.0138
vn -0.1607 0.9869 0.0152
vn 0.0000 0.9999 0.0156
vn -0.5065 0.8364 -0.2095
vn -0.5255 0.8507 0.0120
vn -0.1444 0.9014 0.4082
vn 0.0000 0.9080 0.4189
vn -0.3074 0.8731 0.3784
vn -0.1873 0.5318 0.8259
vn -0.0847 0.5290 0.8444
vn 0.0000 0.5258 0.8506
vn -0.4925 0.8003 0.3421
vn -0.3125 0.5083 0.8025
vn 0.0000 -0.7414 0.6710
vn 0.0833 -0.7511 0.6548
vn 0.0810 -0.8709 0.4847
vn 0.0000 -0.8663 0.4996
vn 0.2112 -0.7593 0.6154
vn 0.2151 -0.8692 0.4452
vn 0.3956 -0.7160 0.5751
vn 0.4243 -0.8172 0.3901
vn 0.0942 -0.1827 0.9786
vn 0.0446 -0.1876 0.9812
vn 0.1475 -0.1563 0.9766
vn 0.0149 -0.1776 0.9840
vn 0.0000 -0.1704 0.9854
vn 0.3596 0.8026 0.4759
vn 0.1718 0.8236 0.5404
vn 0.0672 0.8090 0.5839
vn 0.0000 0.8004 0.5994
vn 0.1838 -0.0634 0.9809
vn 0.1762 -0.1107 0.9781
vn 0.2030 -0.0173 0.9790
vn 0.1950 -0.0351 0.9802
vn 0.1893 0.0340 0.9813
vn 0.1965 0.0030 0.9805
vn 0.1755 0.0829 0.9810
vn 0.1245 -0.4451 -0.8867
vn 0.1192 -0.6868 -0.7169
vn 0.1405 -0.2378 -0.9611
vn 0.3140 -0.2127 -0.9253
vn 0.2846 -0.4169 -0.8632
vn 0.2699 -0.6641 -0.6972
vn 0.4784 -0.3688 -0.7969
vn 0.4555 -0.6055 -0.6526
vn 0.5110 -0.1848 -0.8394
vn 0.6841 -0.1808 -0.7066
vn 0.6635 -0.3438 -0.6644
vn 0.6197 -0.5164 -0.5910
vn 0.1536 -0.0412 -0.9872
vn 0.1560 0.1347 -0.9785
vn 0.3362 0.1280 -0.9330
vn 0.3341 -0.0304 -0.9420
vn 0.5253 -0.0234 -0.8506
vn 0.5220 0.1148 -0.8451
vn 0.6799 0.0970 -0.7269
vn 0.6884 -0.0300 -0.7246
vn 0.1478 0.2881 -0.9461
vn 0.1332 0.4464 -0.8849
vn 0.2964 0.4251 -0.8552
vn 0.3217 0.2698 -0.9076
vn 0.5036 0.2437 -0.8288
vn 0.4705 0.3948 -0.7891
vn 0.6180 0.3670 -0.6952
vn 0.6592 0.2181 -0.7196
vn 0.1208 0.5906 -0.7979
vn 0.1174 0.7009 -0.7035
vn 0.2606 0.6799 -0.6854
vn 0.2723 0.5709 -0.7745
vn 0.4300 0.5365 -0.7261
vn 0.4041 0.6385 -0.6549
vn 0.5078 0.5932 -0.6247
vn 0.5596 0.5056 -0.6565
vn 0.7723 -0.3842 -0.5059
vn 0.6672 -0.5985 -0.4435
vn 0.8033 -0.2061 -0.5588
vn 0.8845 -0.2346 -0.4031
vn 0.8230 -0.4336 -0.3670
vn 0.6894 -0.6512 -0.3172
vn 0.8604 -0.4590 -0.2213
vn 0.7027 -0.6829 -0.1996
vn 0.9416 -0.2474 -0.2286
vn 0.9698 -0.2437 -0.0068
vn 0.8858 -0.4634 -0.0248
vn 0.7149 -0.6988 -0.0244
vn 0.8484 -0.4337 0.3034
vn 0.6827 -0.6678 0.2965
vn 0.9163 -0.2184 0.3357
vn 0.5811 -0.1341 0.8027
vn 0.5551 -0.2813 0.7827
vn 0.4494 -0.4393 0.7778
vn -0.5733 0.5698 0.5888
vn -0.7183 0.3346 0.6099
vn -0.8014 0.3377 0.4937
vn -0.6356 0.6317 0.4437
vn -0.7461 0.1338 0.6522
vn -0.8237 0.1201 0.5541
vn -0.6587 0.1076 0.7447
vn -0.6306 0.2995 0.7160
vn -0.5498 0.5485 0.6300
vn 0.8112 -0.0455 -0.5830
vn 0.8042 0.0822 -0.5886
vn 0.9035 0.0783 -0.4214
vn 0.9059 -0.0568 -0.4196
vn 0.9715 -0.0591 -0.2297
vn 0.9703 0.0825 -0.2272
vn 0.9962 0.0859 0.0134
vn 0.9984 -0.0551 0.0081
vn 0.9301 -0.0448 0.3645
vn 0.9237 0.0804 0.3744
vn 0.5543 0.0493 0.8308
vn 0.5685 -0.0233 0.8224
vn -0.7338 0.0062 0.6793
vn -0.8141 -0.0040 0.5807
vn -0.7263 -0.0646 0.6843
vn -0.8102 -0.0689 0.5821
vn -0.6783 -0.0487 0.7331
vn -0.6693 0.0067 0.7429
vn 0.7860 0.2014 -0.5844
vn 0.7422 0.3525 -0.5699
vn 0.8456 0.3561 -0.3975
vn 0.8884 0.2001 -0.4132
vn 0.9532 0.2085 -0.2188
vn 0.9069 0.3682 -0.2044
vn 0.9275 0.3735 0.0127
vn 0.9770 0.2130 0.0138
vn 0.9108 0.1956 0.3635
vn 0.8736 0.3478 0.3403
vn 0.5553 0.2227 0.8013
vn 0.5585 0.1192 0.8209
vn -0.7271 -0.1358 0.6730
vn -0.8151 -0.1353 0.5632
vn -0.7214 -0.2658 0.6395
vn -0.8153 -0.2662 0.5141
vn -0.6934 -0.2138 0.6881
vn -0.6885 -0.1050 0.7176
vn 0.6662 0.5046 -0.5491
vn 0.5586 0.6280 -0.5418
vn 0.6300 0.6736 -0.3864
vn 0.7598 0.5245 -0.3842
vn 0.8186 0.5412 -0.1923
vn 0.6840 0.7034 -0.1933
vn 0.7034 0.7107 0.0113
vn 0.8374 0.5464 0.0117
vn 0.7944 0.5157 0.3207
vn 0.6668 0.6731 0.3198
vn 0.4320 0.4389 0.7878
vn 0.5149 0.3377 0.7879
vn -0.6790 -0.4367 0.5901
vn -0.7785 -0.4556 0.4315
vn -0.5720 -0.5991 0.5602
vn -0.6494 -0.6670 0.3651
vn -0.6070 -0.6026 0.5179
vn -0.6708 -0.3966 0.6266
vn -0.3197 0.3312 0.8877
vn -0.3094 0.6333 0.7093
vn -0.3760 0.1460 0.9150
vn -0.1451 0.2012 0.9687
vn -0.1127 0.3880 0.9147
vn -0.1239 0.6569 0.7437
vn -0.0156 0.4100 0.9119
vn -0.0352 0.6522 0.7572
vn -0.0191 0.2303 0.9729
vn -0.4142 0.0432 0.9091
vn -0.4331 -0.0208 0.9011
vn -0.1880 -0.0043 0.9821
vn -0.1751 0.0789 0.9814
vn -0.0283 0.0969 0.9949
vn -0.0324 0.0002 0.9995
vn -0.4372 -0.0839 0.8954
vn -0.4216 -0.1924 0.8861
vn -0.1623 -0.2146 0.9631
vn -0.1841 -0.0860 0.9791
vn -0.0291 -0.0948 0.9951
vn -0.0211 -0.2349 0.9718
vn -0.3851 -0.3921 0.8354
vn -0.3841 -0.6822 0.6221
vn -0.1665 -0.7178 0.6760
vn -0.1404 -0.4276 0.8929
vn -0.0212 -0.4419 0.8968
vn -0.0477 -0.7161 0.6963
vn -0.0129 0.1628 0.9866
vn -0.0738 0.7054 0.7049
vn 0.0825 -0.5472 0.8329
vn 0.1713 -0.5488 0.8182
vn -0.0391 0.1787 0.9831
vn -0.1791 0.7282 0.6615
vn -0.0824 0.1760 0.9809
vn -0.3500 0.7099 0.6111
vn 0.2929 -0.5302 0.7956
vn -0.1330 0.1369 0.9816
vn 0.1378 -0.9131 0.3838
vn 0.1525 -0.9880 0.0216
vn 0.3059 -0.9519 0.0141
vn 0.2797 -0.8911 0.3573
vn 0.4591 -0.8282 0.3212
vn 0.4910 -0.8711 -0.0040
vn 0.1498 -0.9731 -0.1752
vn 0.1400 -0.9437 -0.2997
vn 0.2940 -0.9130 -0.2828
vn 0.3042 -0.9377 -0.1674
vn 0.4901 -0.8541 -0.1739
vn 0.4856 -0.8274 -0.2821
vn 0.1270 -0.8706 -0.4752
vn 0.2779 -0.8468 -0.4535
vn 0.4686 -0.7720 -0.4294
vn 0.1233 0.7934 -0.5961
vn 0.1373 0.8822 -0.4504
vn 0.2897 0.8558 -0.4286
vn 0.2654 0.7702 -0.5799
vn 0.4183 0.7165 -0.5582
vn 0.4629 0.7890 -0.4039
vn 0.1534 0.9549 -0.2541
vn 0.1607 0.9869 0.0152
vn 0.3352 0.9420 0.0138
vn 0.3205 0.9180 -0.2335
vn 0.5065 0.8364 -0.2095
vn 0.5255 0.8507 0.0120
vn 0.1444 0.9014 0.4082
vn 0.0847 0.5290 0.8444
vn 0.1873 0.5318 0.8259
vn 0.3074 0.8731 0.3784
vn 0.4925 0.8003 0.3421
vn 0.3125 0.5083 0.8025
vn -0.0810 -0.8709 0.4847
vn -0.0833 -0.7511 0.6548
vn -0.2151 -0.8692 0.4452
vn -0.2112 -0.7593 0.6154
vn -0.4243 -0.8172 0.3901
vn -0.3956 -0.7160 0.5751
vn -0.0446 -0.1876 0.9812
vn -0.0942 -0.1827 0.9786
vn -0.1475 -0.1563 0.9766
vn -0.0149 -0.1776 0.9840
vn -0.1718 0.8236 0.5404
vn -0.3596 0.8026 0.4759
vn -0.0672 0.8090 0.5839
vn -0.1762 -0.1107 0.9781
vn -0.1838 -0.0634 0.9809
vn -0.1950 -0.0351 0.9802
vn -0.2030 -0.0173 0.9790
vn -0.1965 0.0030 0.9805
vn -0.1893 0.0340 0.9813
vn -0.1755 0.0829 0.9810
vn 0.0000 -0.7351 -0.6779
vn -0.1137 -0.7302 -0.6736
vn -0.1266 -0.5214 -0.8439
vn 0.0000 -0.5297 -0.8481
vn -0.2389 -0.7116 -0.6607
vn -0.2708 -0.4942 -0.8261
vn -0.3101 -0.2593 -0.9146
vn -0.1467 -0.2832 -0.9478
vn 0.0000 -0.2918 -0.9565
vn -0.3909 -0.6646 -0.6368
vn -0.4423 -0.4437 -0.7794
vn -0.5473 -0.5832 -0.6003
vn -0.6178 -0.3958 -0.6794
vn -0.6597 -0.2088 -0.7219
vn -0.4932 -0.2285 -0.8394
vn -0.1609 -0.0724 -0.9843
vn 0.0000 -0.0766 -0.9970
vn -0.3336 -0.0623 -0.9406
vn -0.3402 0.0710 -0.9377
vn -0.1647 0.0728 -0.9836
vn 0.0000 0.0735 -0.9973
vn -0.5152 -0.0540 -0.8553
vn -0.6734 -0.0555 -0.7372
vn -0.6732 0.0628 -0.7368
vn -0.5194 0.0678 -0.8518
vn -0.1597 0.1989 -0.9669
vn 0.0000 0.2040 -0.9790
vn -0.3352 0.1874 -0.9233
vn -0.3199 0.3243 -0.8902
vn -0.1474 0.3440 -0.9273
vn 0.0000 0.3520 -0.9360
vn -0.5159 0.1786 -0.8378
vn -0.6683 0.1805 -0.7216
vn -0.6575 0.3149 -0.6845
vn -0.5051 0.3074 -0.8065
vn -0.1335 0.5145 -0.8470
vn 0.0000 0.5217 -0.8531
vn -0.2991 0.4920 -0.8176
vn -0.2861 0.6917 -0.6630
vn -0.1278 0.7145 -0.6879
vn 0.0000 0.7195 -0.6945
vn -0.4820 0.4584 -0.7466
vn -0.6348 0.4517 -0.6269
vn -0.5951 0.5810 -0.5551
vn -0.4606 0.6417 -0.6132
vn -0.5979 -0.6487 -0.4708
vn -0.7382 -0.4073 -0.5377
vn -0.6376 -0.7006 -0.3202
vn -0.8131 -0.4461 -0.3740
vn -0.8812 -0.2282 -0.4140
vn -0.7824 -0.2123 -0.5855
vn -0.6599 -0.7348 -0.1570
vn -0.8616 -0.4740 -0.1818
vn -0.6654 -0.7465 0.0000
vn -0.8753 -0.4836 0.0000
vn -0.9692 -0.2462 0.0000
vn -0.9489 -0.2415 -0.2029
vn -0.6599 -0.7348 0.1570
vn -0.8616 -0.4740 0.1817
vn -0.6375 -0.7006 0.3203
vn -0.8130 -0.4461 0.3742
vn -0.8810 -0.2276 0.4147
vn -0.9490 -0.2414 0.2028
vn -0.5962 -0.6475 0.4745
vn -0.7354 -0.4051 0.5432
vn -0.5387 -0.5765 0.6143
vn -0.6008 -0.3841 0.7010
vn -0.6304 -0.1940 0.7516
vn -0.7766 -0.2086 0.5943
vn -0.7949 -0.0635 -0.6034
vn -0.9001 -0.0698 -0.4299
vn -0.9010 0.0660 -0.4288
vn -0.7947 0.0608 -0.6039
vn -0.9745 -0.0722 -0.2125
vn -0.9973 -0.0727 0.0000
vn -0.9970 0.0771 0.0000
vn -0.9745 0.0738 -0.2117
vn -0.9744 -0.0718 0.2128
vn -0.8991 -0.0670 0.4325
vn -0.8970 0.0733 0.4359
vn -0.9741 0.0748 0.2131
vn -0.7851 -0.0533 0.6171
vn -0.6323 -0.0309 0.7741
vn -0.6193 0.1088 0.7775
vn -0.7762 0.0844 0.6247
vn -0.7863 0.1955 -0.5860
vn -0.8854 0.2182 -0.4104
vn -0.8424 0.3887 -0.3731
vn -0.7632 0.3492 -0.5436
vn -0.9506 0.2369 -0.2007
vn -0.9699 0.2434 0.0001
vn -0.9062 0.4228 0.0002
vn -0.8918 0.4148 -0.1805
vn -0.9496 0.2380 0.2038
vn -0.8766 0.2269 0.4245
vn -0.8308 0.3922 0.3948
vn -0.8907 0.4150 0.1852
vn -0.7548 0.2242 0.6164
vn -0.6008 0.2352 0.7640
vn -0.5832 0.3456 0.7351
vn -0.7236 0.3635 0.5867
vn -0.7212 0.4978 -0.4817
vn -0.7694 0.5489 -0.3265
vn -0.6489 0.7037 -0.2892
vn -0.6278 0.6498 -0.4285
vn -0.8004 0.5781 -0.1585
vn -0.8100 0.5864 0.0003
vn -0.6667 0.7453 0.0005
vn -0.6623 0.7353 -0.1436
vn -0.7990 0.5783 0.1644
vn -0.7578 0.5484 0.3535
vn -0.6345 0.7044 0.3181
vn -0.6589 0.7369 0.1507
vn -0.6828 0.4960 0.5365
vn -0.5643 0.4509 0.6915
vn -0.5322 0.5656 0.6299
vn -0.5901 0.6437 0.4872
vn -0.3790 -0.6512 0.6575
vn -0.4093 -0.4126 0.8138
vn -0.2307 -0.6892 0.6868
vn -0.2454 -0.4436 0.8619
vn -0.2630 -0.2003 0.9438
vn -0.4363 -0.1920 0.8791
vn -0.1114 -0.7026 0.7028
vn -0.1186 -0.4596 0.8802
vn 0.0000 -0.7064 0.7078
vn 0.0000 -0.4653 0.8851
vn 0.0000 -0.2163 0.9763
vn -0.1306 -0.2111 0.9687
vn -0.4393 -0.0114 0.8982
vn -0.2705 -0.0049 0.9627
vn -0.2703 0.1383 0.9528
vn -0.4321 0.1300 0.8924
vn -0.1382 -0.0071 0.9904
vn 0.0000 -0.0090 0.9999
vn 0.0000 0.1415 0.9899
vn -0.1392 0.1406 0.9802
vn -0.4244 0.2470 0.8711
vn -0.2670 0.2532 0.9298
vn -0.2597 0.3540 0.8984
vn -0.4172 0.3444 0.8410
vn -0.1351 0.2590 0.9564
vn 0.0000 0.2624 0.9649
vn 0.0000 0.3718 0.9283
vn -0.1268 0.3661 0.9219
vn -0.4034 0.4524 0.7954
vn -0.2486 0.4756 0.8438
vn -0.2470 0.6556 0.7135
vn -0.3988 0.6183 0.6772
vn -0.1173 0.4916 0.8628
vn 0.0000 0.4974 0.8675
vn 0.0000 0.6751 0.7377
vn -0.1153 0.6715 0.7320
vn -0.1122 -0.8685 0.4828
vn 0.0000 -0.8726 0.4884
vn -0.2311 -0.8534 0.4672
vn -0.2381 -0.9272 0.2891
vn -0.1134 -0.9488 0.2947
vn 0.0000 -0.9552 0.2959
vn -0.3864 -0.8054 0.4493
vn -0.4072 -0.8667 0.2880
vn -0.1089 -0.9843 0.1387
vn 0.0000 -0.9907 0.1358
vn -0.2391 -0.9605 0.1420
vn -0.2378 -0.9713 0.0000
vn -0.1053 -0.9944 0.0000
vn 0.0000 -1.0000 0.0000
vn -0.4153 -0.8983 0.1437
vn -0.4171 -0.9088 0.0000
vn -0.1089 -0.9843 -0.1387
vn 0.0000 -0.9907 -0.1359
vn -0.2391 -0.9605 -0.1421
vn -0.2382 -0.9274 -0.2885
vn -0.1134 -0.9490 -0.2940
vn 0.0000 -0.9554 -0.2951
vn -0.4153 -0.8983 -0.1437
vn -0.4074 -0.8668 -0.2876
vn -0.1125 -0.8735 -0.4736
vn 0.0000 -0.8778 -0.4789
vn -0.2324 -0.8572 -0.4595
vn -0.3885 -0.8073 -0.4442
vn -0.1316 0.8705 -0.4742
vn 0.0000 0.8762 -0.4819
vn -0.2858 0.8440 -0.4539
vn -0.2909 0.9132 -0.2851
vn -0.1397 0.9438 -0.2993
vn 0.0000 0.9520 -0.3061
vn -0.4631 0.7767 -0.4269
vn -0.4716 0.8373 -0.2766
vn -0.1463 0.9767 -0.1569
vn 0.0000 0.9869 -0.1610
vn -0.2959 0.9437 -0.1479
vn -0.2977 0.9546 0.0012
vn -0.1487 0.9889 0.0016
vn 0.0000 1.0000 0.0017
vn -0.4748 0.8687 -0.1408
vn -0.4759 0.8795 0.0009
vn -0.1448 0.9747 0.1703
vn 0.0000 0.9845 0.1752
vn -0.2916 0.9432 0.1593
vn -0.2785 0.9059 0.3189
vn -0.1354 0.9322 0.3356
vn 0.0000 0.9392 0.3434
vn -0.4694 0.8701 0.1499
vn -0.4541 0.8362 0.3076
vn -0.1236 0.8400 0.5283
vn 0.0000 0.8441 0.5362
vn -0.2611 0.8202 0.5090
vn -0.4255 0.7639 0.4851
vn 0.1266 -0.5214 -0.8439
vn 0.1137 -0.7302 -0.6736
vn 0.1467 -0.2832 -0.9478
vn 0.3101 -0.2593 -0.9146
vn 0.2708 -0.4942 -0.8261
vn 0.2389 -0.7116 -0.6607
vn 0.4423 -0.4437 -0.7794
vn 0.3909 -0.6646 -0.6368
vn 0.4932 -0.2285 -0.8394
vn 0.6597 -0.2088 -0.7219
vn 0.6178 -0.3958 -0.6794
vn 0.5473 -0.5832 -0.6003
vn 0.1609 -0.0724 -0.9843
vn 0.1647 0.0728 -0.9836
vn 0.3402 0.0710 -0.9377
vn 0.3336 -0.0623 -0.9406
vn 0.5152 -0.0540 -0.8553
vn 0.5194 0.0678 -0.8518
vn 0.6732 0.0628 -0.7368
vn 0.6734 -0.0555 -0.7372
vn 0.1597 0.1989 -0.9669
vn 0.1474 0.3440 -0.9273
vn 0.3199 0.3243 -0.8902
vn 0.3352 0.1874 -0.9233
vn 0.5159 0.1786 -0.8378
vn 0.5051 0.3074 -0.8065
vn 0.6575 0.3149 -0.6845
vn 0.6683 0.1805 -0.7216
vn 0.1335 0.5145 -0.8470
vn 0.1278 0.7145 -0.6879
vn 0.2861 0.6917 -0.6630
vn 0.2991 0.4920 -0.8176
vn 0.4820 0.4584 -0.7466
vn 0.4606 0.6417 -0.6132
vn 0.5951 0.5810 -0.5551
vn 0.6348 0.4517 -0.6269
vn 0.7382 -0.4073 -0.5377
vn 0.5979 -0.6487 -0.4708
vn 0.7824 -0.2123 -0.5855
vn 0.8812 -0.2282 -0.4140
vn 0.8131 -0.4461 -0.3740
vn 0.6376 -0.7006 -0.3202
vn 0.8616 -0.4740 -0.1818
vn 0.6599 -0.7348 -0.1570
vn 0.9489 -0.2415 -0.2029
vn 0.9692 -0.2462 0.0000
vn 0.8753 -0.4836 0.0000
vn 0.6654 -0.7465 0.0000
vn 0.8616 -0.4740 0.1817
vn 0.6599 -0.7348 0.1570
vn 0.9490 -0.2414 0.2028
vn 0.8810 -0.2276 0.4147
vn 0.8130 -0.4461 0.3742
vn 0.6375 -0.7006 0.3203
vn 0.7354 -0.4051 0.5432
vn 0.5962 -0.6475 0.4745
vn 0.7766 -0.2086 0.5943
vn 0.6304 -0.1940 0.7516
vn 0.6008 -0.3841 0.7010
vn 0.5387 -0.5765 0.6143
vn 0.7949 -0.0635 -0.6034
vn 0.7947 0.0608 -0.6039
vn 0.9010 0.0660 -0.4288
vn 0.9001 -0.0698 -0.4299
vn 0.9745 -0.0722 -0.2125
vn 0.9745 0.0738 -0.2117
vn 0.9970 0.0771 0.0000
vn 0.9973 -0.0727 0.0000
vn 0.9744 -0.0718 0.2128
vn 0.9741 0.0748 0.2131
vn 0.8970 0.0733 0.4359
vn 0.8991 -0.0670 0.4325
vn 0.7851 -0.0533 0.6171
vn 0.7762 0.0844 0.6247
vn 0.6193 0.1088 0.7775
vn 0.6323 -0.0309 0.7741
vn 0.7863 0.1955 -0.5860
vn 0.7632 0.3492 -0.5436
vn 0.8424 0.3887 -0.3731
vn 0.8854 0.2182 -0.4104
vn 0.9506 0.2369 -0.2007
vn 0.8918 0.4148 -0.1805
vn 0.9062 0.4228 0.0002
vn 0.9699 0.2434 0.0001
vn 0.9496 0.2380 0.2038
vn 0.8907 0.4150 0.1852
vn 0.8308 0.3922 0.3948
vn 0.8766 0.2269 0.4245
vn 0.7548 0.2242 0.6164
vn 0.7236 0.3635 0.5867
vn 0.5832 0.3456 0.7351
vn 0.6008 0.2352 0.7640
vn 0.7212 0.4978 -0.4817
vn 0.6278 0.6498 -0.4285
vn 0.6489 0.7037 -0.2892
vn 0.7694 0.5489 -0.3265
vn 0.8004 0.5781 -0.1585
vn 0.6623 0.7353 -0.1436
vn 0.6667 0.7453 0.0005
vn 0.8100 0.5864 0.0003
vn 0.7990 0.5783 0.1644
vn 0.6589 0.7369 0.1507
vn 0.6345 0.7044 0.3181
vn 0.7578 0.5484 0.3535
vn 0.6828 0.4960 0.5365
vn 0.5901 0.6437 0.4872
vn 0.5322 0.5656 0.6299
vn 0.5643 0.4509 0.6915
vn 0.4093 -0.4126 0.8138
vn 0.3790 -0.6512 0.6575
vn 0.4363 -0.1920 0.8791
vn 0.2630 -0.2003 0.9438
vn 0.2454 -0.4436 0.8619
vn 0.2307 -0.6892 0.6868
vn 0.1186 -0.4596 0.8802
vn 0.1114 -0.7026 0.7028
vn 0.1306 -0.2111 0.9687
vn 0.4393 -0.0114 0.8982
vn 0.4321 0.1300 0.8924
vn 0.2703 0.1383 0.9528
vn 0.2705 -0.0049 0.9627
vn 0.1382 -0.0071 0.9904
vn 0.1392 0.1406 0.9802
vn 0.4244 0.2470 0.8711
vn 0.4172 0.3444 0.8410
vn 0.2597 0.3540 0.8984
vn 0.2670 0.2532 0.9298
vn 0.1351 0.2590 0.9564
vn 0.1268 0.3661 0.9219
vn 0.4034 0.4524 0.7954
vn 0.3988 0.6183 0.6772
vn 0.2470 0.6556 0.7135
vn 0.2486 0.4756 0.8438
vn 0.1173 0.4916 0.8628
vn 0.1153 0.6715 0.7320
vn 0.1122 -0.8685 0.4828
vn 0.1134 -0.9488 0.2947
vn 0.2381 -0.9272 0.2891
vn 0.2311 -0.8534 0.4672
vn 0.3864 -0.8054 0.4493
vn 0.4072 -0.8667 0.2880
vn 0.1089 -0.9843 0.1387
vn 0.1053 -0.9944 0.0000
vn 0.2378 -0.9713 0.0000
vn 0.2391 -0.9605 0.1420
vn 0.4153 -0.8983 0.1437
vn 0.4171 -0.9088 0.0000
vn 0.1089 -0.9843 -0.1387
vn 0.1134 -0.9490 -0.2940
vn 0.2382 -0.9274 -0.2885
vn 0.2391 -0.9605 -0.1421
vn 0.4153 -0.8983 -0.1437
vn 0.4074 -0.8668 -0.2876
vn 0.1125 -0.8735 -0.4736
vn 0.2324 -0.8572 -0.4595
vn 0.3885 -0.8073 -0.4442
vn 0.1316 0.8705 -0.4742
vn 0.1397 0.9438 -0.2993
vn 0.2909 0.9132 -0.2851
vn 0.2858 0.8440 -0.4539
vn 0.4631 0.7767 -0.4269
vn 0.4716 0.8373 -0.2766
vn 0.1463 0.9767 -0.1569
vn 0.1487 0.9889 0.0016
vn 0.2977 0.9546 0.0012
vn 0.2959 0.9437 -0.1479
vn 0.4748 0.8687 -0.1408
vn 0.4759 0.8795 0.0009
vn 0.1448 0.9747 0.1703
vn 0.1354 0.9322 0.3356
vn 0.2785 0.9059 0.3189
vn 0.2916 0.9432 0.1593
vn 0.4694 0.8701 0.1499
vn 0.4541 0.8362 0.3076
vn 0.1236 0.8400 0.5283
vn 0.2611 0.8202 0.5090
vn 0.4255 0.7639 0.4851
usemtl Mikey
s 1
f 49/1/1 115/2/2 339/3/3 116/4/4
f 115/2/2 1/5/5 171/6/6 339/3/3
f 339/3/3 171/6/6 2/7/7 117/8/8
f 116/4/4 339/3/3 117/8/8 51/9/9
f 1/5/5 174/10/10 340/11/11 171/6/6
f 174/10/10 5/12/12 124/13/13 340/11/11
f 340/11/11 124/13/13 9/14/14 176/15/15
f 171/6/6 340/11/11 176/15/15 2/7/7
f 51/9/9 117/8/8 341/16/16 118/17/17
f 117/8/8 2/7/7 172/18/18 341/16/16
f 341/16/16 172/18/18 3/19/19 119/20/20
f 118/17/17 341/16/16 119/20/20 53/21/21
f 2/7/7 176/15/15 342/22/22 172/18/18
f 176/15/15 9/14/14 128/23/23 342/22/22
f 342/22/22 128/23/23 13/24/24 180/25/25
f 172/18/18 342/22/22 180/25/25 3/19/19
f 53/21/21 119/20/20 343/26/26 120/27/27
f 119/20/20 3/19/19 173/28/28 343/26/26
f 343/26/26 173/28/28 4/29/29 121/30/30
f 120/27/27 343/26/26 121/30/30 55/31/31
f 3/19/19 180/25/25 344/32/32 173/28/28
f 180/25/25 13/24/24 132/33/33 344/32/32
f 344/32/32 132/33/33 17/34/34 184/35/35
f 173/28/28 344/32/32 184/35/35 4/29/29
f 55/31/31 121/30/30 345/36/36 150/37/37
f 121/30/30 4/29/29 201/38/38 345/36/36
f 345/36/36 201/38/38 32/39/39 166/40/40
f 150/37/37 345/36/36 166/40/40 91/41/41
f 4/29/29 184/35/35 346/42/42 201/38/38
f 184/35/35 17/34/34 151/43/43 346/42/42
f 346/42/42 151/43/43 33/44/44 217/45/45
f 201/38/38 346/42/42 217/45/45 32/39/39
f 5/12/12 122/46/46 347/47/47 124/13/13
f 122/46/46 6/48/48 177/49/49 347/47/47
f 347/47/47 177/49/49 10/50/50 125/51/51
f 124/13/13 347/47/47 125/51/51 9/14/14
f 6/48/48 175/52/52 348/53/53 177/49/49
f 175/52/52 7/54/54 126/55/55 348/53/53
f 348/53/53 126/55/55 11/56/56 178/57/57
f 177/49/49 348/53/53 178/57/57 10/50/50
f 7/58/54 123/59/58 349/60/59 126/61/55
f 123/59/58 8/62/60 179/63/61 349/60/59
f 349/60/59 179/63/61 12/64/62 127/65/63
f 126/61/55 349/60/59 127/65/63 11/66/56
f 43/67/64 188/68/65 350/69/66 235/70/67
f 188/68/65 21/71/68 137/72/69 350/69/66
f 350/69/66 137/72/69 23/73/70 190/74/71
f 235/70/67 350/69/66 190/74/71 44/75/72
f 9/14/14 125/51/51 351/76/73 128/23/23
f 125/51/51 10/50/50 181/77/74 351/76/73
f 351/76/73 181/77/74 14/78/75 129/79/76
f 128/23/23 351/76/73 129/79/76 13/24/24
f 10/50/50 178/57/57 352/80/77 181/77/74
f 178/57/57 11/56/56 130/81/78 352/80/77
f 352/80/77 130/81/78 15/82/79 182/83/80
f 181/77/74 352/80/77 182/83/80 14/78/75
f 11/66/56 127/65/63 353/84/81 130/85/78
f 127/65/63 12/64/62 183/86/82 353/84/81
f 353/84/81 183/86/82 16/87/83 131/88/84
f 130/85/78 353/84/81 131/88/84 15/89/79
f 44/75/72 190/74/71 354/90/85 234/91/86
f 190/74/71 23/73/70 140/92/87 354/90/85
f 354/90/85 140/92/87 25/93/88 193/94/89
f 234/91/86 354/90/85 193/94/89 45/95/90
f 13/24/24 129/79/76 355/96/91 132/33/33
f 129/79/76 14/78/75 185/97/92 355/96/91
f 355/96/91 185/97/92 18/98/93 133/99/94
f 132/33/33 355/96/91 133/99/94 17/34/34
f 14/78/75 182/83/80 356/100/95 185/97/92
f 182/83/80 15/82/79 134/101/96 356/100/95
f 356/100/95 134/101/96 19/102/97 186/103/98
f 185/97/92 356/100/95 186/103/98 18/98/93
f 15/89/79 131/88/84 357/104/99 134/105/96
f 131/88/84 16/87/83 187/106/100 357/104/99
f 357/104/99 187/106/100 20/107/101 135/108/102
f 134/105/96 357/104/99 135/108/102 19/109/97
f 45/95/90 193/94/89 358/110/103 233/111/104
f 193/94/89 25/93/88 143/112/105 358/110/103
f 358/110/103 143/112/105 27/113/106 196/114/107
f 233/111/104 358/110/103 196/114/107 46/115/108
f 17/34/34 133/99/94 359/116/109 151/43/43
f 133/99/94 18/98/93 203/117/110 359/116/109
f 359/116/109 203/117/110 35/118/111 197/119/112
f 151/43/43 359/116/109 197/119/112 33/44/44
f 18/98/93 186/103/98 360/120/113 203/117/110
f 186/103/98 19/102/97 154/121/114 360/120/113
f 360/120/113 154/121/114 37/122/115 148/123/116
f 203/117/110 360/120/113 148/123/116 35/118/111
f 19/109/97 135/108/102 361/124/117 154/125/114
f 135/108/102 20/107/101 207/126/118 361/124/117
f 361/124/117 207/126/118 39/127/119 211/128/120
f 154/125/114 361/124/117 211/128/120 37/129/115
f 46/115/108 196/114/107 362/130/121 232/131/122
f 196/114/107 27/113/106 157/132/123 362/130/121
f 362/130/121 157/132/123 41/133/124 165/134/125
f 232/131/122 362/130/121 165/134/125 42/135/126
f 21/71/68 136/136/127 363/137/128 137/72/69
f 136/136/127 22/138/129 191/139/130 363/137/128
f 363/137/128 191/139/130 24/140/131 138/141/132
f 137/72/69 363/137/128 138/141/132 23/73/70
f 22/138/129 189/142/133 364/143/134 191/139/130
f 189/142/133 75/144/135 139/145/136 364/143/134
f 364/143/134 139/145/136 78/146/137 192/147/138
f 191/139/130 364/143/134 192/147/138 24/140/131
f 23/73/70 138/141/132 365/148/139 140/92/87
f 138/141/132 24/140/131 194/149/140 365/148/139
f 365/148/139 194/149/140 26/150/141 141/151/142
f 140/92/87 365/148/139 141/151/142 25/93/88
f 24/140/131 192/147/138 366/152/143 194/149/140
f 192/147/138 78/146/137 142/153/144 366/152/143
f 366/152/143 142/153/144 81/154/145 195/155/146
f 194/149/140 366/152/143 195/155/146 26/150/141
f 25/93/88 141/151/142 367/156/147 143/112/105
f 141/151/142 26/150/141 216/157/148 367/156/147
f 367/156/147 216/157/148 28/158/149 144/159/150
f 143/112/105 367/156/147 144/159/150 27/113/106
f 26/150/141 195/155/146 368/160/151 216/157/148
f 195/155/146 81/154/145 145/161/152 368/160/151
f 368/160/151 145/161/152 84/162/153 198/163/154
f 216/157/148 368/160/151 198/163/154 28/158/149
f 27/113/106 144/159/150 369/164/155 157/132/123
f 144/159/150 28/158/149 208/165/156 369/164/155
f 369/164/155 208/165/156 40/166/157 168/167/158
f 157/132/123 369/164/155 168/167/158 41/133/124
f 28/158/149 198/163/154 370/168/159 208/165/156
f 198/163/154 84/162/153 156/169/160 370/168/159
f 370/168/159 156/169/160 103/170/161 215/171/162
f 208/165/156 370/168/159 215/171/162 40/166/157
f 106/172/163 231/173/164 371/174/165 146/175/166
f 231/173/164 47/176/167 199/177/168 371/174/165
f 371/174/165 199/177/168 29/178/169 153/179/170
f 146/175/166 371/174/165 153/179/170 85/180/171
f 47/176/167 230/181/172 372/182/173 199/177/168
f 230/181/172 43/183/64 222/184/174 372/182/173
f 372/182/173 222/184/174 8/62/60 167/185/175
f 199/177/168 372/182/173 167/185/175 29/178/169
f 85/180/171 153/179/170 373/186/176 200/187/177
f 153/179/170 29/178/169 147/188/178 373/186/176
f 373/186/176 147/188/178 30/189/179 210/190/180
f 200/187/177 373/186/176 210/190/180 87/191/181
f 29/178/169 167/185/175 374/192/182 147/188/178
f 167/185/175 8/62/60 123/59/58 374/192/182
f 374/192/182 123/59/58 7/58/54 218/193/183
f 147/188/178 374/192/182 218/193/183 30/189/179
f 87/194/181 210/195/180 375/196/184 149/197/185
f 210/195/180 30/198/179 161/199/186 375/196/184
f 375/196/184 161/199/186 31/200/187 163/201/188
f 149/197/185 375/196/184 163/201/188 89/202/189
f 30/198/179 218/203/183 376/204/190 161/199/186
f 218/203/183 7/54/54 175/52/52 376/204/190
f 376/204/190 175/52/52 6/48/48 170/205/191
f 161/199/186 376/204/190 170/205/191 31/200/187
f 89/202/189 163/201/188 377/206/192 209/207/193
f 163/201/188 31/200/187 159/208/194 377/206/192
f 377/206/192 159/208/194 1/5/5 115/2/2
f 209/207/193 377/206/192 115/2/2 49/1/1
f 31/200/187 170/205/191 378/209/195 159/208/194
f 170/205/191 6/48/48 122/46/46 378/209/195
f 378/209/195 122/46/46 5/12/12 174/10/10
f 159/208/194 378/209/195 174/10/10 1/5/5
f 91/41/41 166/40/40 379/210/196 202/211/197
f 166/40/40 32/39/39 152/212/198 379/210/196
f 379/210/196 152/212/198 34/213/199 160/214/200
f 202/211/197 379/210/196 160/214/200 94/215/201
f 32/39/39 217/45/45 380/216/202 152/212/198
f 217/45/45 33/44/44 197/119/112 380/216/202
f 380/216/202 197/119/112 35/118/111 214/217/203
f 152/212/198 380/216/202 214/217/203 34/213/199
f 94/215/201 160/214/200 381/218/204 169/219/205
f 160/214/200 34/213/199 204/220/206 381/218/204
f 381/218/204 204/220/206 36/221/207 205/222/208
f 169/219/205 381/218/204 205/222/208 97/223/209
f 34/213/199 214/217/203 382/224/210 204/220/206
f 214/217/203 35/118/111 148/123/116 382/224/210
f 382/224/210 148/123/116 37/122/115 158/225/211
f 204/220/206 382/224/210 158/225/211 36/221/207
f 97/226/209 205/227/208 383/228/212 206/229/213
f 205/227/208 36/230/207 155/231/214 383/228/212
f 383/228/212 155/231/214 38/232/215 162/233/216
f 206/229/213 383/228/212 162/233/216 100/234/217
f 36/230/207 158/235/211 384/236/218 155/231/214
f 158/235/211 37/129/115 211/128/120 384/236/218
f 384/236/218 211/128/120 39/127/119 212/237/219
f 155/231/214 384/236/218 212/237/219 38/232/215
f 107/238/220 229/239/221 385/240/222 164/241/223
f 229/239/221 48/242/224 213/243/225 385/240/222
f 385/240/222 213/243/225 40/166/157 215/171/162
f 164/241/223 385/240/222 215/171/162 103/170/161
f 48/242/224 228/244/226 386/245/227 213/243/225
f 228/244/226 42/135/126 165/134/125 386/245/227
f 386/245/227 165/134/125 41/133/124 168/167/158
f 213/243/225 386/245/227 168/167/158 40/166/157
f 38/232/215 212/237/219 387/246/228 227/247/229
f 212/237/219 39/127/119 221/248/230 387/246/228
f 387/246/228 221/248/230 42/249/126 228/250/226
f 227/247/229 387/246/228 228/250/226 48/251/224
f 100/234/217 162/233/216 388/252/231 220/253/232
f 162/233/216 38/232/215 227/247/229 388/252/231
f 388/252/231 227/247/229 48/251/224 229/254/221
f 220/253/232 388/252/231 229/254/221 107/255/220
f 22/138/129 136/136/127 389/256/233 226/257/234
f 136/136/127 21/71/68 188/68/65 389/256/233
f 389/256/233 188/68/65 43/67/64 230/258/172
f 226/257/234 389/256/233 230/258/172 47/259/167
f 75/144/135 189/142/133 390/260/235 219/261/236
f 189/142/133 22/138/129 226/257/234 390/260/235
f 390/260/235 226/257/234 47/259/167 231/262/164
f 219/261/236 390/260/235 231/262/164 106/263/163
f 20/107/101 225/264/237 391/265/238 207/126/118
f 225/264/237 46/266/108 232/267/122 391/265/238
f 391/265/238 232/267/122 42/249/126 221/248/230
f 207/126/118 391/265/238 221/248/230 39/127/119
f 16/87/83 224/268/239 392/269/240 187/106/100
f 224/268/239 45/270/90 233/271/104 392/269/240
f 392/269/240 233/271/104 46/266/108 225/264/237
f 187/106/100 392/269/240 225/264/237 20/107/101
f 12/64/62 223/272/241 393/273/242 183/86/82
f 223/272/241 44/274/72 234/275/86 393/273/242
f 393/273/242 234/275/86 45/270/90 224/268/239
f 183/86/82 393/273/242 224/268/239 16/87/83
f 8/62/60 222/184/174 394/276/243 179/63/61
f 222/184/174 43/183/64 235/277/67 394/276/243
f 394/276/243 235/277/67 44/274/72 223/272/241
f 179/63/61 394/276/243 223/272/241 12/64/62
f 49/1/1 116/4/4 395/278/244 236/279/245
f 116/4/4 51/9/9 237/280/246 395/278/244
f 395/278/244 237/280/246 52/281/247 280/282/248
f 236/279/245 395/278/244 280/282/248 50/283/249
f 50/283/249 280/282/248 396/284/250 283/285/251
f 280/282/248 52/281/247 285/286/252 396/284/250
f 396/284/250 285/286/252 61/287/253 242/288/254
f 283/285/251 396/284/250 242/288/254 57/289/255
f 51/9/9 118/17/17 397/290/256 237/280/246
f 118/17/17 53/21/21 238/291/257 397/290/256
f 397/290/256 238/291/257 54/292/258 281/293/259
f 237/280/246 397/290/256 281/293/259 52/281/247
f 52/281/247 281/293/259 398/294/260 285/286/252
f 281/293/259 54/292/258 289/295/261 398/294/260
f 398/294/260 289/295/261 65/296/262 246/297/263
f 285/286/252 398/294/260 246/297/263 61/287/253
f 53/21/21 120/27/27 399/298/264 238/291/257
f 120/27/27 55/31/31 239/299/265 399/298/264
f 399/298/264 239/299/265 56/300/266 282/301/267
f 238/291/257 399/298/264 282/301/267 54/292/258
f 54/292/258 282/301/267 400/302/268 289/295/261
f 282/301/267 56/300/266 293/303/269 400/302/268
f 400/302/268 293/303/269 69/304/270 250/305/271
f 289/295/261 400/302/268 250/305/271 65/296/262
f 55/31/31 150/37/37 401/306/272 239/299/265
f 150/37/37 91/41/41 276/307/273 401/306/272
f 401/306/272 276/307/273 92/308/274 309/309/275
f 239/299/265 401/306/272 309/309/275 56/300/266
f 56/300/266 309/309/275 402/310/276 293/303/269
f 309/309/275 92/308/274 322/311/277 402/310/276
f 402/310/276 322/311/277 93/312/278 263/313/279
f 293/303/269 402/310/276 263/313/279 69/304/270
f 57/289/255 242/288/254 403/314/280 240/315/281
f 242/288/254 61/287/253 243/316/282 403/314/280
f 403/314/280 243/316/282 62/317/283 286/318/284
f 240/315/281 403/314/280 286/318/284 58/319/285
f 58/319/285 286/318/284 404/320/286 284/321/287
f 286/318/284 62/317/283 287/322/288 404/320/286
f 404/320/286 287/322/288 63/323/289 244/324/290
f 284/321/287 404/320/286 244/324/290 59/325/291
f 59/326/291 244/327/290 405/328/292 241/329/293
f 244/327/290 63/330/289 245/331/294 405/328/292
f 405/328/292 245/331/294 64/332/295 288/333/296
f 241/329/293 405/328/292 288/333/296 60/334/297
f 109/335/298 338/336/299 406/337/300 297/338/301
f 338/336/299 110/339/302 299/340/303 406/337/300
f 406/337/300 299/340/303 76/341/304 255/342/305
f 297/338/301 406/337/300 255/342/305 73/343/306
f 61/287/253 246/297/263 407/344/307 243/316/282
f 246/297/263 65/296/262 247/345/308 407/344/307
f 407/344/307 247/345/308 66/346/309 290/347/310
f 243/316/282 407/344/307 290/347/310 62/317/283
f 62/317/283 290/347/310 408/348/311 287/322/288
f 290/347/310 66/346/309 291/349/312 408/348/311
f 408/348/311 291/349/312 67/350/313 248/351/314
f 287/322/288 408/348/311 248/351/314 63/323/289
f 63/330/289 248/352/314 409/353/315 245/331/294
f 248/352/314 67/354/313 249/355/316 409/353/315
f 409/353/315 249/355/316 68/356/317 292/357/318
f 245/331/294 409/353/315 292/357/318 64/332/295
f 110/339/302 337/358/319 410/359/320 299/340/303
f 337/358/319 111/360/321 302/361/322 410/359/320
f 410/359/320 302/361/322 79/362/323 257/363/324
f 299/340/303 410/359/320 257/363/324 76/341/304
f 65/296/262 250/305/271 411/364/325 247/345/308
f 250/305/271 69/304/270 251/365/326 411/364/325
f 411/364/325 251/365/326 70/366/327 294/367/328
f 247/345/308 411/364/325 294/367/328 66/346/309
f 66/346/309 294/367/328 412/368/329 291/349/312
f 294/367/328 70/366/327 295/369/330 412/368/329
f 412/368/329 295/369/330 71/370/331 252/371/332
f 291/349/312 412/368/329 252/371/332 67/350/313
f 67/354/313 252/372/332 413/373/333 249/355/316
f 252/372/332 71/374/331 253/375/334 413/373/333
f 413/373/333 253/375/334 72/376/335 296/377/336
f 249/355/316 413/373/333 296/377/336 68/356/317
f 111/360/321 336/378/337 414/379/338 302/361/322
f 336/378/337 112/380/339 305/381/340 414/379/338
f 414/379/338 305/381/340 82/382/341 259/383/342
f 302/361/322 414/379/338 259/383/342 79/362/323
f 69/304/270 263/313/279 415/384/343 251/365/326
f 263/313/279 93/312/278 306/385/344 415/384/343
f 415/384/343 306/385/344 96/386/345 310/387/346
f 251/365/326 415/384/343 310/387/346 70/366/327
f 70/366/327 310/387/346 416/388/347 295/369/330
f 310/387/346 96/386/345 262/389/348 416/388/347
f 416/388/347 262/389/348 99/390/349 266/391/350
f 295/369/330 416/388/347 266/391/350 71/370/331
f 71/374/331 266/392/350 417/393/351 253/375/334
f 266/392/350 99/394/349 316/395/352 417/393/351
f 417/393/351 316/395/352 102/396/353 313/397/354
f 253/375/334 417/393/351 313/397/354 72/376/335
f 112/380/339 335/398/355 418/399/356 305/381/340
f 335/398/355 108/400/357 275/401/358 418/399/356
f 418/399/356 275/401/358 105/402/359 268/403/360
f 305/381/340 418/399/356 268/403/360 82/382/341
f 73/343/306 255/342/305 419/404/361 254/405/362
f 255/342/305 76/341/304 256/406/363 419/404/361
f 419/404/361 256/406/363 77/407/364 300/408/365
f 254/405/362 419/404/361 300/408/365 74/409/366
f 74/409/366 300/408/365 420/410/367 298/411/368
f 300/408/365 77/407/364 301/412/369 420/410/367
f 420/410/367 301/412/369 78/146/137 139/145/136
f 298/411/368 420/410/367 139/145/136 75/144/135
f 76/341/304 257/363/324 421/413/370 256/406/363
f 257/363/324 79/362/323 258/414/371 421/413/370
f 421/413/370 258/414/371 80/415/372 303/416/373
f 256/406/363 421/413/370 303/416/373 77/407/364
f 77/407/364 303/416/373 422/417/374 301/412/369
f 303/416/373 80/415/372 304/418/375 422/417/374
f 422/417/374 304/418/375 81/154/145 142/153/144
f 301/412/369 422/417/374 142/153/144 78/146/137
f 79/362/323 259/383/342 423/419/376 258/414/371
f 259/383/342 82/382/341 260/420/377 423/419/376
f 423/419/376 260/420/377 83/421/378 321/422/379
f 258/414/371 423/419/376 321/422/379 80/415/372
f 80/415/372 321/422/379 424/423/380 304/418/375
f 321/422/379 83/421/378 307/424/381 424/423/380
f 424/423/380 307/424/381 84/162/153 145/161/152
f 304/418/375 424/423/380 145/161/152 81/154/145
f 82/382/341 268/403/360 425/425/382 260/420/377
f 268/403/360 105/402/359 278/426/383 425/425/382
f 425/425/382 278/426/383 104/427/384 314/428/385
f 260/420/377 425/425/382 314/428/385 83/421/378
f 83/421/378 314/428/385 426/429/386 307/424/381
f 314/428/385 104/427/384 320/430/387 426/429/386
f 426/429/386 320/430/387 103/170/161 156/169/160
f 307/424/381 426/429/386 156/169/160 84/162/153
f 106/172/163 146/175/166 427/431/388 334/432/389
f 146/175/166 85/180/171 265/433/390 427/431/388
f 427/431/388 265/433/390 86/434/391 308/435/392
f 334/432/389 427/431/388 308/435/392 113/436/393
f 113/436/393 308/435/392 428/437/394 333/438/395
f 308/435/392 86/434/391 277/439/396 428/437/394
f 428/437/394 277/439/396 60/334/297 325/440/397
f 333/438/395 428/437/394 325/440/397 109/441/298
f 85/180/171 200/187/177 429/442/398 265/433/390
f 200/187/177 87/191/181 315/443/399 429/442/398
f 429/442/398 315/443/399 88/444/400 261/445/401
f 265/433/390 429/442/398 261/445/401 86/434/391
f 86/434/391 261/445/401 430/446/402 277/439/396
f 261/445/401 88/444/400 323/447/403 430/446/402
f 430/446/402 323/447/403 59/326/291 241/329/293
f 277/439/396 430/446/402 241/329/293 60/334/297
f 87/194/181 149/197/185 431/448/404 315/449/399
f 149/197/185 89/202/189 274/450/405 431/448/404
f 431/448/404 274/450/405 90/451/406 272/452/407
f 315/449/399 431/448/404 272/452/407 88/453/400
f 88/453/400 272/452/407 432/454/408 323/455/403
f 272/452/407 90/451/406 279/456/409 432/454/408
f 432/454/408 279/456/409 58/319/285 284/321/287
f 323/455/403 432/454/408 284/321/287 59/325/291
f 89/202/189 209/207/193 433/457/410 274/450/405
f 209/207/193 49/1/1 236/279/245 433/457/410
f 433/457/410 236/279/245 50/283/249 270/458/411
f 274/450/405 433/457/410 270/458/411 90/451/406
f 90/451/406 270/458/411 434/459/412 279/456/409
f 270/458/411 50/283/249 283/285/251 434/459/412
f 434/459/412 283/285/251 57/289/255 240/315/281
f 279/456/409 434/459/412 240/315/281 58/319/285
f 91/41/41 202/211/197 435/460/413 276/307/273
f 202/211/197 94/215/201 271/461/414 435/460/413
f 435/460/413 271/461/414 95/462/415 264/463/416
f 276/307/273 435/460/413 264/463/416 92/308/274
f 92/308/274 264/463/416 436/464/417 322/311/277
f 264/463/416 95/462/415 319/465/418 436/464/417
f 436/464/417 319/465/418 96/386/345 306/385/344
f 322/311/277 436/464/417 306/385/344 93/312/278
f 94/215/201 169/219/205 437/466/419 271/461/414
f 169/219/205 97/223/209 312/467/420 437/466/419
f 437/466/419 312/467/420 98/468/421 311/469/422
f 271/461/414 437/466/419 311/469/422 95/462/415
f 95/462/415 311/469/422 438/470/423 319/465/418
f 311/469/422 98/468/421 269/471/424 438/470/423
f 438/470/423 269/471/424 99/390/349 262/389/348
f 319/465/418 438/470/423 262/389/348 96/386/345
f 97/226/209 206/229/213 439/472/425 312/473/420
f 206/229/213 100/234/217 273/474/426 439/472/425
f 439/472/425 273/474/426 101/475/427 267/476/428
f 312/473/420 439/472/425 267/476/428 98/477/421
f 98/477/421 267/476/428 440/478/429 269/479/424
f 267/476/428 101/475/427 317/480/430 440/478/429
f 440/478/429 317/480/430 102/396/353 316/395/352
f 269/479/424 440/478/429 316/395/352 99/394/349
f 107/238/220 164/241/223 441/481/431 332/482/432
f 164/241/223 103/170/161 320/430/387 441/481/431
f 441/481/431 320/430/387 104/427/384 318/483/433
f 332/482/432 441/481/431 318/483/433 114/484/434
f 114/484/434 318/483/433 442/485/435 331/486/436
f 318/483/433 104/427/384 278/426/383 442/485/435
f 442/485/435 278/426/383 105/402/359 275/401/358
f 331/486/436 442/485/435 275/401/358 108/400/357
f 101/475/427 330/487/437 443/488/438 317/480/430
f 330/487/437 114/489/434 331/490/436 443/488/438
f 443/488/438 331/490/436 108/491/357 324/492/439
f 317/480/430 443/488/438 324/492/439 102/396/353
f 100/234/217 220/253/232 444/493/440 273/474/426
f 220/253/232 107/255/220 332/494/432 444/493/440
f 444/493/440 332/494/432 114/489/434 330/487/437
f 273/474/426 444/493/440 330/487/437 101/475/427
f 74/409/366 329/495/441 445/496/442 254/405/362
f 329/495/441 113/497/393 333/498/395 445/496/442
f 445/496/442 333/498/395 109/335/298 297/338/301
f 254/405/362 445/496/442 297/338/301 73/343/306
f 75/144/135 219/261/236 446/499/443 298/411/368
f 219/261/236 106/263/163 334/500/389 446/499/443
f 446/499/443 334/500/389 113/497/393 329/495/441
f 298/411/368 446/499/443 329/495/441 74/409/366
f 72/376/335 313/397/354 447/501/444 328/502/445
f 313/397/354 102/396/353 324/492/439 447/501/444
f 447/501/444 324/492/439 108/491/357 335/503/355
f 328/502/445 447/501/444 335/503/355 112/504/339
f 68/356/317 296/377/336 448/505/446 327/506/447
f 296/377/336 72/376/335 328/502/445 448/505/446
f 448/505/446 328/502/445 112/504/339 336/507/337
f 327/506/447 448/505/446 336/507/337 111/508/321
f 64/332/295 292/357/318 449/509/448 326/510/449
f 292/357/318 68/356/317 327/506/447 449/509/448
f 449/509/448 327/506/447 111/508/321 337/511/319
f 326/510/449 449/509/448 337/511/319 110/512/302
f 60/334/297 288/333/296 450/513/450 325/440/397
f 288/333/296 64/332/295 326/510/449 450/513/450
f 450/513/450 326/510/449 110/512/302 338/514/299
f 325/440/397 450/513/450 338/514/299 109/441/298
f 492/515/451 549/516/452 741/517/453 550/518/454
f 549/516/452 451/519/455 605/520/456 741/517/453
f 741/517/453 605/520/456 452/521/457 551/522/458
f 550/518/454 741/517/453 551/522/458 494/523/459
f 451/519/455 608/524/460 742/525/461 605/520/456
f 608/524/460 455/526/462 558/527/463 742/525/461
f 742/525/461 558/527/463 459/528/464 610/529/465
f 605/520/456 742/525/461 610/529/465 452/521/457
f 494/523/459 551/522/458 743/530/466 552/531/467
f 551/522/458 452/521/457 606/532/468 743/530/466
f 743/530/466 606/532/468 453/533/469 553/534/470
f 552/531/467 743/530/466 553/534/470 496/535/471
f 452/521/457 610/529/465 744/536/472 606/532/468
f 610/529/465 459/528/464 562/537/473 744/536/472
f 744/536/472 562/537/473 463/538/474 614/539/475
f 606/532/468 744/536/472 614/539/475 453/533/469
f 496/535/471 553/534/470 745/540/476 554/541/477
f 553/534/470 453/533/469 607/542/478 745/540/476
f 745/540/476 607/542/478 454/543/479 555/544/480
f 554/541/477 745/540/476 555/544/480 498/545/481
f 453/533/469 614/539/475 746/546/482 607/542/478
f 614/539/475 463/538/474 566/547/483 746/546/482
f 746/546/482 566/547/483 467/548/484 618/549/485
f 607/542/478 746/546/482 618/549/485 454/543/479
f 498/545/481 555/544/480 747/550/486 584/551/487
f 555/544/480 454/543/479 635/552/488 747/550/486
f 747/550/486 635/552/488 482/553/489 600/554/490
f 584/551/487 747/550/486 600/554/490 534/555/491
f 454/543/479 618/549/485 748/556/492 635/552/488
f 618/549/485 467/548/484 585/557/493 748/556/492
f 748/556/492 585/557/493 483/558/494 651/559/495
f 635/552/488 748/556/492 651/559/495 482/553/489
f 455/526/462 556/560/496 749/561/497 558/527/463
f 556/560/496 456/562/498 611/563/499 749/561/497
f 749/561/497 611/563/499 460/564/500 559/565/501
f 558/527/463 749/561/497 559/565/501 459/528/464
f 456/562/498 609/566/502 750/567/503 611/563/499
f 609/566/502 457/568/504 560/569/505 750/567/503
f 750/567/503 560/569/505 461/570/506 612/571/507
f 611/563/499 750/567/503 612/571/507 460/564/500
f 457/572/504 557/573/508 751/574/509 560/575/505
f 557/573/508 458/576/510 613/577/511 751/574/509
f 751/574/509 613/577/511 462/578/512 561/579/513
f 560/575/505 751/574/509 561/579/513 461/580/506
f 458/576/510 622/581/514 752/582/515 613/577/511
f 622/581/514 471/583/516 571/584/517 752/582/515
f 752/582/515 571/584/517 473/585/518 624/586/519
f 613/577/511 752/582/515 624/586/519 462/578/512
f 459/528/464 559/565/501 753/587/520 562/537/473
f 559/565/501 460/564/500 615/588/521 753/587/520
f 753/587/520 615/588/521 464/589/522 563/590/523
f 562/537/473 753/587/520 563/590/523 463/538/474
f 460/564/500 612/571/507 754/591/524 615/588/521
f 612/571/507 461/570/506 564/592/525 754/591/524
f 754/591/524 564/592/525 465/593/526 616/594/527
f 615/588/521 754/591/524 616/594/527 464/589/522
f 461/580/506 561/579/513 755/595/528 564/596/525
f 561/579/513 462/578/512 617/597/529 755/595/528
f 755/595/528 617/597/529 466/598/530 565/599/531
f 564/596/525 755/595/528 565/599/531 465/600/526
f 462/578/512 624/586/519 756/601/532 617/597/529
f 624/586/519 473/585/518 574/602/533 756/601/532
f 756/601/532 574/602/533 475/603/534 627/604/535
f 617/597/529 756/601/532 627/604/535 466/598/530
f 463/538/474 563/590/523 757/605/536 566/547/483
f 563/590/523 464/589/522 619/606/537 757/605/536
f 757/605/536 619/606/537 468/607/538 567/608/539
f 566/547/483 757/605/536 567/608/539 467/548/484
f 464/589/522 616/594/527 758/609/540 619/606/537
f 616/594/527 465/593/526 568/610/541 758/609/540
f 758/609/540 568/610/541 469/611/542 620/612/543
f 619/606/537 758/609/540 620/612/543 468/607/538
f 465/600/526 565/599/531 759/613/544 568/614/541
f 565/599/531 466/598/530 621/615/545 759/613/544
f 759/613/544 621/615/545 470/616/546 569/617/547
f 568/614/541 759/613/544 569/617/547 469/618/542
f 466/598/530 627/604/535 760/619/548 621/615/545
f 627/604/535 475/603/534 577/620/549 760/619/548
f 760/619/548 577/620/549 477/621/550 630/622/551
f 621/615/545 760/619/548 630/622/551 470/616/546
f 467/548/484 567/608/539 761/623/552 585/557/493
f 567/608/539 468/607/538 637/624/553 761/623/552
f 761/623/552 637/624/553 485/625/554 631/626/555
f 585/557/493 761/623/552 631/626/555 483/558/494
f 468/607/538 620/612/543 762/627/556 637/624/553
f 620/612/543 469/611/542 588/628/557 762/627/556
f 762/627/556 588/628/557 487/629/558 582/630/559
f 637/624/553 762/627/556 582/630/559 485/625/554
f 469/618/542 569/617/547 763/631/560 588/632/557
f 569/617/547 470/616/546 641/633/561 763/631/560
f 763/631/560 641/633/561 489/634/562 645/635/563
f 588/632/557 763/631/560 645/635/563 487/636/558
f 470/616/546 630/622/551 764/637/564 641/633/561
f 630/622/551 477/621/550 591/638/565 764/637/564
f 764/637/564 591/638/565 491/639/566 599/640/567
f 641/633/561 764/637/564 599/640/567 489/634/562
f 471/583/516 570/641/568 765/642/569 571/584/517
f 570/641/568 472/643/570 625/644/571 765/642/569
f 765/642/569 625/644/571 474/645/572 572/646/573
f 571/584/517 765/642/569 572/646/573 473/585/518
f 472/643/570 623/647/574 766/648/575 625/644/571
f 623/647/574 518/649/576 573/650/577 766/648/575
f 766/648/575 573/650/577 521/651/578 626/652/579
f 625/644/571 766/648/575 626/652/579 474/645/572
f 473/585/518 572/646/573 767/653/580 574/602/533
f 572/646/573 474/645/572 628/654/581 767/653/580
f 767/653/580 628/654/581 476/655/582 575/656/583
f 574/602/533 767/653/580 575/656/583 475/603/534
f 474/645/572 626/652/579 768/657/584 628/654/581
f 626/652/579 521/651/578 576/658/585 768/657/584
f 768/657/584 576/658/585 524/659/586 629/660/587
f 628/654/581 768/657/584 629/660/587 476/655/582
f 475/603/534 575/656/583 769/661/588 577/620/549
f 575/656/583 476/655/582 650/662/589 769/661/588
f 769/661/588 650/662/589 478/663/590 578/664/591
f 577/620/549 769/661/588 578/664/591 477/621/550
f 476/655/582 629/660/587 770/665/592 650/662/589
f 629/660/587 524/659/586 579/666/593 770/665/592
f 770/665/592 579/666/593 527/667/594 632/668/595
f 650/662/589 770/665/592 632/668/595 478/663/590
f 477/621/550 578/664/591 771/669/596 591/638/565
f 578/664/591 478/663/590 642/670/597 771/669/596
f 771/669/596 642/670/597 490/671/598 602/672/599
f 591/638/565 771/669/596 602/672/599 491/639/566
f 478/663/590 632/668/595 772/673/600 642/670/597
f 632/668/595 527/667/594 590/674/601 772/673/600
f 772/673/600 590/674/601 546/675/602 649/676/603
f 642/670/597 772/673/600 649/676/603 490/671/598
f 518/649/576 623/647/574 773/677/604 580/678/605
f 623/647/574 472/643/570 633/679/606 773/677/604
f 773/677/604 633/679/606 479/680/607 587/681/608
f 580/678/605 773/677/604 587/681/608 528/682/609
f 472/643/570 570/641/568 774/683/610 633/679/606
f 570/641/568 471/583/516 622/581/514 774/683/610
f 774/683/610 622/581/514 458/576/510 601/684/611
f 633/679/606 774/683/610 601/684/611 479/680/607
f 528/682/609 587/681/608 775/685/612 634/686/613
f 587/681/608 479/680/607 581/687/614 775/685/612
f 775/685/612 581/687/614 480/688/615 644/689/616
f 634/686/613 775/685/612 644/689/616 530/690/617
f 479/680/607 601/684/611 776/691/618 581/687/614
f 601/684/611 458/576/510 557/573/508 776/691/618
f 776/691/618 557/573/508 457/572/504 652/692/619
f 581/687/614 776/691/618 652/692/619 480/688/615
f 530/693/617 644/694/616 777/695/620 583/696/621
f 644/694/616 480/697/615 595/698/622 777/695/620
f 777/695/620 595/698/622 481/699/623 597/700/624
f 583/696/621 777/695/620 597/700/624 532/701/625
f 480/697/615 652/702/619 778/703/626 595/698/622
f 652/702/619 457/568/504 609/566/502 778/703/626
f 778/703/626 609/566/502 456/562/498 604/704/627
f 595/698/622 778/703/626 604/704/627 481/699/623
f 532/701/625 597/700/624 779/705/628 643/706/629
f 597/700/624 481/699/623 593/707/630 779/705/628
f 779/705/628 593/707/630 451/519/455 549/516/452
f 643/706/629 779/705/628 549/516/452 492/515/451
f 481/699/623 604/704/627 780/708/631 593/707/630
f 604/704/627 456/562/498 556/560/496 780/708/631
f 780/708/631 556/560/496 455/526/462 608/524/460
f 593/707/630 780/708/631 608/524/460 451/519/455
f 534/555/491 600/554/490 781/709/632 636/710/633
f 600/554/490 482/553/489 586/711/634 781/709/632
f 781/709/632 586/711/634 484/712/635 594/713/636
f 636/710/633 781/709/632 594/713/636 537/714/637
f 482/553/489 651/559/495 782/715/638 586/711/634
f 651/559/495 483/558/494 631/626/555 782/715/638
f 782/715/638 631/626/555 485/625/554 648/716/639
f 586/711/634 782/715/638 648/716/639 484/712/635
f 537/714/637 594/713/636 783/717/640 603/718/641
f 594/713/636 484/712/635 638/719/642 783/717/640
f 783/717/640 638/719/642 486/720/643 639/721/644
f 603/718/641 783/717/640 639/721/644 540/722/645
f 484/712/635 648/716/639 784/723/646 638/719/642
f 648/716/639 485/625/554 582/630/559 784/723/646
f 784/723/646 582/630/559 487/629/558 592/724/647
f 638/719/642 784/723/646 592/724/647 486/720/643
f 540/725/645 639/726/644 785/727/648 640/728/649
f 639/726/644 486/729/643 589/730/650 785/727/648
f 785/727/648 589/730/650 488/731/651 596/732/652
f 640/728/649 785/727/648 596/732/652 543/733/653
f 486/729/643 592/734/647 786/735/654 589/730/650
f 592/734/647 487/636/558 645/635/563 786/735/654
f 786/735/654 645/635/563 489/634/562 646/736/655
f 589/730/650 786/735/654 646/736/655 488/731/651
f 543/733/653 596/732/652 787/737/656 598/738/657
f 596/732/652 488/731/651 647/739/658 787/737/656
f 787/737/656 647/739/658 490/671/598 649/676/603
f 598/738/657 787/737/656 649/676/603 546/675/602
f 488/731/651 646/736/655 788/740/659 647/739/658
f 646/736/655 489/634/562 599/640/567 788/740/659
f 788/740/659 599/640/567 491/639/566 602/672/599
f 647/739/658 788/740/659 602/672/599 490/671/598
f 492/515/451 550/518/454 789/741/660 653/742/661
f 550/518/454 494/523/459 654/743/662 789/741/660
f 789/741/660 654/743/662 495/744/663 697/745/664
f 653/742/661 789/741/660 697/745/664 493/746/665
f 493/746/665 697/745/664 790/747/666 700/748/667
f 697/745/664 495/744/663 702/749/668 790/747/666
f 790/747/666 702/749/668 504/750/669 659/751/670
f 700/748/667 790/747/666 659/751/670 500/752/671
f 494/523/459 552/531/467 791/753/672 654/743/662
f 552/531/467 496/535/471 655/754/673 791/753/672
f 791/753/672 655/754/673 497/755/674 698/756/675
f 654/743/662 791/753/672 698/756/675 495/744/663
f 495/744/663 698/756/675 792/757/676 702/749/668
f 698/756/675 497/755/674 706/758/677 792/757/676
f 792/757/676 706/758/677 508/759/678 663/760/679
f 702/749/668 792/757/676 663/760/679 504/750/669
f 496/535/471 554/541/477 793/761/680 655/754/673
f 554/541/477 498/545/481 656/762/681 793/761/680
f 793/761/680 656/762/681 499/763/682 699/764/683
f 655/754/673 793/761/680 699/764/683 497/755/674
f 497/755/674 699/764/683 794/765/684 706/758/677
f 699/764/683 499/763/682 710/766/685 794/765/684
f 794/765/684 710/766/685 512/767/686 667/768/687
f 706/758/677 794/765/684 667/768/687 508/759/678
f 498/545/481 584/551/487 795/769/688 656/762/681
f 584/551/487 534/555/491 693/770/689 795/769/688
f 795/769/688 693/770/689 535/771/690 726/772/691
f 656/762/681 795/769/688 726/772/691 499/763/682
f 499/763/682 726/772/691 796/773/692 710/766/685
f 726/772/691 535/771/690 739/774/693 796/773/692
f 796/773/692 739/774/693 536/775/694 680/776/695
f 710/766/685 796/773/692 680/776/695 512/767/686
f 500/752/671 659/751/670 797/777/696 657/778/697
f 659/751/670 504/750/669 660/779/698 797/777/696
f 797/777/696 660/779/698 505/780/699 703/781/700
f 657/778/697 797/777/696 703/781/700 501/782/701
f 501/782/701 703/781/700 798/783/702 701/784/703
f 703/781/700 505/780/699 704/785/704 798/783/702
f 798/783/702 704/785/704 506/786/705 661/787/706
f 701/784/703 798/783/702 661/787/706 502/788/707
f 502/789/707 661/790/706 799/791/708 658/792/709
f 661/790/706 506/793/705 662/794/710 799/791/708
f 799/791/708 662/794/710 507/795/711 705/796/712
f 658/792/709 799/791/708 705/796/712 503/797/713
f 503/797/713 705/796/712 800/798/714 714/799/715
f 705/796/712 507/795/711 716/800/716 800/798/714
f 800/798/714 716/800/716 519/801/717 672/802/718
f 714/799/715 800/798/714 672/802/718 516/803/719
f 504/750/669 663/760/679 801/804/720 660/779/698
f 663/760/679 508/759/678 664/805/721 801/804/720
f 801/804/720 664/805/721 509/806/722 707/807/723
f 660/779/698 801/804/720 707/807/723 505/780/699
f 505/780/699 707/807/723 802/808/724 704/785/704
f 707/807/723 509/806/722 708/809/725 802/808/724
f 802/808/724 708/809/725 510/810/726 665/811/727
f 704/785/704 802/808/724 665/811/727 506/786/705
f 506/793/705 665/812/727 803/813/728 662/794/710
f 665/812/727 510/814/726 666/815/729 803/813/728
f 803/813/728 666/815/729 511/816/730 709/817/731
f 662/794/710 803/813/728 709/817/731 507/795/711
f 507/795/711 709/817/731 804/818/732 716/800/716
f 709/817/731 511/816/730 719/819/733 804/818/732
f 804/818/732 719/819/733 522/820/734 674/821/735
f 716/800/716 804/818/732 674/821/735 519/801/717
f 508/759/678 667/768/687 805/822/736 664/805/721
f 667/768/687 512/767/686 668/823/737 805/822/736
f 805/822/736 668/823/737 513/824/738 711/825/739
f 664/805/721 805/822/736 711/825/739 509/806/722
f 509/806/722 711/825/739 806/826/740 708/809/725
f 711/825/739 513/824/738 712/827/741 806/826/740
f 806/826/740 712/827/741 514/828/742 669/829/743
f 708/809/725 806/826/740 669/829/743 510/810/726
f 510/814/726 669/830/743 807/831/744 666/815/729
f 669/830/743 514/832/742 670/833/745 807/831/744
f 807/831/744 670/833/745 515/834/746 713/835/747
f 666/815/729 807/831/744 713/835/747 511/816/730
f 511/816/730 713/835/747 808/836/748 719/819/733
f 713/835/747 515/834/746 722/837/749 808/836/748
f 808/836/748 722/837/749 525/838/750 676/839/751
f 719/819/733 808/836/748 676/839/751 522/820/734
f 512/767/686 680/776/695 809/840/752 668/823/737
f 680/776/695 536/775/694 723/841/753 809/840/752
f 809/840/752 723/841/753 539/842/754 727/843/755
f 668/823/737 809/840/752 727/843/755 513/824/738
f 513/824/738 727/843/755 810/844/756 712/827/741
f 727/843/755 539/842/754 679/845/757 810/844/756
f 810/844/756 679/845/757 542/846/758 683/847/759
f 712/827/741 810/844/756 683/847/759 514/828/742
f 514/832/742 683/848/759 811/849/760 670/833/745
f 683/848/759 542/850/758 733/851/761 811/849/760
f 811/849/760 733/851/761 545/852/762 730/853/763
f 670/833/745 811/849/760 730/853/763 515/834/746
f 515/834/746 730/853/763 812/854/764 722/837/749
f 730/853/763 545/852/762 692/855/765 812/854/764
f 812/854/764 692/855/765 548/856/766 685/857/767
f 722/837/749 812/854/764 685/857/767 525/838/750
f 516/803/719 672/802/718 813/858/768 671/859/769
f 672/802/718 519/801/717 673/860/770 813/858/768
f 813/858/768 673/860/770 520/861/771 717/862/772
f 671/859/769 813/858/768 717/862/772 517/863/773
f 517/863/773 717/862/772 814/864/774 715/865/775
f 717/862/772 520/861/771 718/866/776 814/864/774
f 814/864/774 718/866/776 521/651/578 573/650/577
f 715/865/775 814/864/774 573/650/577 518/649/576
f 519/801/717 674/821/735 815/867/777 673/860/770
f 674/821/735 522/820/734 675/868/778 815/867/777
f 815/867/777 675/868/778 523/869/779 720/870/780
f 673/860/770 815/867/777 720/870/780 520/861/771
f 520/861/771 720/870/780 816/871/781 718/866/776
f 720/870/780 523/869/779 721/872/782 816/871/781
f 816/871/781 721/872/782 524/659/586 576/658/585
f 718/866/776 816/871/781 576/658/585 521/651/578
f 522/820/734 676/839/751 817/873/783 675/868/778
f 676/839/751 525/838/750 677/874/784 817/873/783
f 817/873/783 677/874/784 526/875/785 738/876/786
f 675/868/778 817/873/783 738/876/786 523/869/779
f 523/869/779 738/876/786 818/877/787 721/872/782
f 738/876/786 526/875/785 724/878/788 818/877/787
f 818/877/787 724/878/788 527/667/594 579/666/593
f 721/872/782 818/877/787 579/666/593 524/659/586
f 525/838/750 685/857/767 819/879/789 677/874/784
f 685/857/767 548/856/766 695/880/790 819/879/789
f 819/879/789 695/880/790 547/881/791 731/882/792
f 677/874/784 819/879/789 731/882/792 526/875/785
f 526/875/785 731/882/792 820/883/793 724/878/788
f 731/882/792 547/881/791 737/884/794 820/883/793
f 820/883/793 737/884/794 546/675/602 590/674/601
f 724/878/788 820/883/793 590/674/601 527/667/594
f 518/649/576 580/678/605 821/885/795 715/865/775
f 580/678/605 528/682/609 682/886/796 821/885/795
f 821/885/795 682/886/796 529/887/797 725/888/798
f 715/865/775 821/885/795 725/888/798 517/863/773
f 517/863/773 725/888/798 822/889/799 671/859/769
f 725/888/798 529/887/797 694/890/800 822/889/799
f 822/889/799 694/890/800 503/797/713 714/799/715
f 671/859/769 822/889/799 714/799/715 516/803/719
f 528/682/609 634/686/613 823/891/801 682/886/796
f 634/686/613 530/690/617 732/892/802 823/891/801
f 823/891/801 732/892/802 531/893/803 678/894/804
f 682/886/796 823/891/801 678/894/804 529/887/797
f 529/887/797 678/894/804 824/895/805 694/890/800
f 678/894/804 531/893/803 740/896/806 824/895/805
f 824/895/805 740/896/806 502/789/707 658/792/709
f 694/890/800 824/895/805 658/792/709 503/797/713
f 530/693/617 583/696/621 825/897/807 732/898/802
f 583/696/621 532/701/625 691/899/808 825/897/807
f 825/897/807 691/899/808 533/900/809 689/901/810
f 732/898/802 825/897/807 689/901/810 531/902/803
f 531/902/803 689/901/810 826/903/811 740/904/806
f 689/901/810 533/900/809 696/905/812 826/903/811
f 826/903/811 696/905/812 501/782/701 701/784/703
f 740/904/806 826/903/811 701/784/703 502/788/707
f 532/701/625 643/706/629 827/906/813 691/899/808
f 643/706/629 492/515/451 653/742/661 827/906/813
f 827/906/813 653/742/661 493/746/665 687/907/814
f 691/899/808 827/906/813 687/907/814 533/900/809
f 533/900/809 687/907/814 828/908/815 696/905/812
f 687/907/814 493/746/665 700/748/667 828/908/815
f 828/908/815 700/748/667 500/752/671 657/778/697
f 696/905/812 828/908/815 657/778/697 501/782/701
f 534/555/491 636/710/633 829/909/816 693/770/689
f 636/710/633 537/714/637 688/910/817 829/909/816
f 829/909/816 688/910/817 538/911/818 681/912/819
f 693/770/689 829/909/816 681/912/819 535/771/690
f 535/771/690 681/912/819 830/913/820 739/774/693
f 681/912/819 538/911/818 736/914/821 830/913/820
f 830/913/820 736/914/821 539/842/754 723/841/753
f 739/774/693 830/913/820 723/841/753 536/775/694
f 537/714/637 603/718/641 831/915/822 688/910/817
f 603/718/641 540/722/645 729/916/823 831/915/822
f 831/915/822 729/916/823 541/917/824 728/918/825
f 688/910/817 831/915/822 728/918/825 538/911/818
f 538/911/818 728/918/825 832/919/826 736/914/821
f 728/918/825 541/917/824 686/920/827 832/919/826
f 832/919/826 686/920/827 542/846/758 679/845/757
f 736/914/821 832/919/826 679/845/757 539/842/754
f 540/725/645 640/728/649 833/921/828 729/922/823
f 640/728/649 543/733/653 690/923/829 833/921/828
f 833/921/828 690/923/829 544/924/830 684/925/831
f 729/922/823 833/921/828 684/925/831 541/926/824
f 541/926/824 684/925/831 834/927/832 686/928/827
f 684/925/831 544/924/830 734/929/833 834/927/832
f 834/927/832 734/929/833 545/852/762 733/851/761
f 686/928/827 834/927/832 733/851/761 542/850/758
f 543/733/653 598/738/657 835/930/834 690/923/829
f 598/738/657 546/675/602 737/884/794 835/930/834
f 835/930/834 737/884/794 547/881/791 735/931/835
f 690/923/829 835/930/834 735/931/835 544/924/830
f 544/924/830 735/931/835 836/932/836 734/929/833
f 735/931/835 547/881/791 695/880/790 836/932/836
f 836/932/836 695/880/790 548/856/766 692/855/765
f 734/929/833 836/932/836 692/855/765 545/852/762
o Right_Arm.002_Roundcube.004
v -0.428003 0.422880 -0.021400
v -0.475659 0.450653 -0.031217
v -0.280623 0.540755 -0.042263
v -0.334596 0.595355 -0.068176
v -0.503030 0.499100 -0.021400
v -0.518335 0.495705 0.032496
v -0.395128 0.651941 -0.042263
v -0.414562 0.672002 0.032496
v -0.503030 0.499100 0.086392
v -0.475659 0.450653 0.096210
v -0.395128 0.651941 0.107255
v -0.334596 0.595355 0.133168
v -0.428003 0.422880 0.086392
v -0.431398 0.405601 0.032496
v -0.280623 0.540755 0.107255
v -0.261654 0.523077 0.032496
v -0.497975 0.427548 0.032496
v -0.235870 0.603596 -0.029473
v -0.270114 0.657570 -0.041259
v -0.325814 0.693281 -0.029473
v -0.217654 0.605144 0.032496
v -0.247202 0.679901 0.032496
v -0.323804 0.711088 0.032496
v -0.235870 0.603596 0.094465
v -0.270114 0.657570 0.106251
v -0.325814 0.693281 0.094465
v -0.356236 0.472893 -0.036782
v -0.407923 0.521601 -0.060242
v -0.464948 0.572233 -0.036782
v -0.484237 0.588542 0.032496
v -0.464948 0.572233 0.101775
v -0.407923 0.521601 0.125235
v -0.356236 0.472893 0.101775
v -0.340199 0.455752 0.032496
v -0.450635 0.430653 -0.028195
v -0.316256 0.506249 -0.041466
v -0.370907 0.559345 -0.067017
v -0.494546 0.476369 -0.028195
v -0.513695 0.496427 0.000170
v -0.432670 0.614772 -0.041466
v -0.453088 0.633636 0.032496
v -0.513695 0.496427 0.064823
v -0.494546 0.476369 0.093188
v -0.432670 0.614772 0.106458
v -0.370907 0.559345 0.132009
v -0.450635 0.430653 0.093188
v -0.430677 0.410596 0.064823
v -0.316256 0.506249 0.106458
v -0.298177 0.488193 0.032496
v -0.492901 0.432720 0.067437
v -0.251292 0.576551 -0.037691
v -0.299198 0.629640 -0.060709
v -0.355406 0.679829 -0.037691
v -0.232342 0.562949 0.032496
v -0.252735 0.674441 -0.008239
v -0.369853 0.699472 0.032496
v -0.251292 0.576551 0.102684
v -0.299198 0.629640 0.125702
v -0.355406 0.679829 0.102684
v -0.304232 0.564926 0.126993
v -0.304232 0.564926 -0.062001
v -0.252735 0.674441 0.073231
v -0.324297 0.705645 -0.004808
v -0.367581 0.626367 0.126993
v -0.324297 0.705645 0.069800
v -0.246430 0.627990 0.102637
v -0.367581 0.626367 -0.062001
v -0.223892 0.645603 0.032496
v -0.469479 0.408014 0.032496
v -0.266344 0.527121 0.073721
v -0.300213 0.681658 0.102637
v -0.430677 0.410596 0.000170
v -0.410299 0.667177 -0.008728
v -0.492901 0.432720 -0.002444
v -0.266344 0.527121 -0.008728
v -0.281731 0.703416 0.032496
v -0.246430 0.627990 -0.037644
v -0.223173 0.604737 0.069800
v -0.410299 0.667177 0.073721
v -0.223173 0.604737 -0.004808
v -0.300213 0.681658 -0.037644
v -0.514940 0.457427 0.032496
v -0.397917 0.441324 -0.029632
v -0.445141 0.482757 -0.049486
v -0.489983 0.529357 -0.029632
v -0.507109 0.540898 0.032496
v -0.489983 0.529357 0.094624
v -0.445141 0.482757 0.114479
v -0.397917 0.441324 0.094625
v -0.386410 0.424752 0.032496
v -0.343816 0.459921 -0.005795
v -0.343816 0.459921 0.070788
v -0.378692 0.494562 0.119730
v -0.439018 0.549499 0.119730
v -0.479800 0.584892 0.070788
v -0.479800 0.584892 -0.005795
v -0.439018 0.549499 -0.054737
v -0.378692 0.494562 -0.054737
v -0.339995 0.529803 -0.060941
v -0.404488 0.589758 -0.060941
v -0.271826 0.600057 -0.055275
v -0.330020 0.657775 -0.055275
v -0.448503 0.629236 -0.008303
v -0.448503 0.629236 0.073295
v -0.367096 0.694377 -0.006704
v -0.367096 0.694377 0.071696
v -0.404488 0.589758 0.125934
v -0.339995 0.529803 0.125934
v -0.330020 0.657775 0.120268
v -0.271826 0.600057 0.120268
v -0.302479 0.492484 0.073295
v -0.302479 0.492484 -0.008303
v -0.237362 0.565614 0.071696
v -0.237362 0.565614 -0.006704
v -0.465840 0.413451 0.066174
v -0.509792 0.461078 0.066174
v -0.465840 0.413452 -0.001181
v -0.509792 0.461078 -0.001181
v -0.229757 0.641905 -0.006712
v -0.285536 0.697647 -0.006712
v -0.229757 0.641905 0.071705
v -0.285536 0.697647 0.071705
v -0.388600 0.429080 -0.002258
v -0.388600 0.429080 0.067250
v -0.418832 0.459221 0.109870
v -0.470259 0.508469 0.109870
v -0.502745 0.538704 0.067250
v -0.502745 0.538704 -0.002258
v -0.470259 0.508469 -0.044877
v -0.418832 0.459221 -0.044877
vt 0.201450 0.816621
vt 0.190783 0.821415
vt 0.184471 0.808862
vt 0.195411 0.802861
vt 0.180806 0.827047
vt 0.174061 0.814959
vt 0.167618 0.803326
vt 0.177772 0.797260
vt 0.188046 0.790529
vt 0.170877 0.833545
vt 0.163426 0.821667
vt 0.161131 0.841060
vt 0.152302 0.828857
vt 0.145498 0.815554
vt 0.157032 0.809570
vt 0.170899 0.786398
vt 0.179782 0.779956
vt 0.161333 0.791953
vt 0.154974 0.780496
vt 0.165006 0.775636
vt 0.173084 0.772913
vt 0.151511 0.797668
vt 0.141060 0.802320
vt 0.138856 0.792503
vt 0.145574 0.786761
vt 0.151648 0.849873
vt 0.140494 0.836366
vt 0.140959 0.861574
vt 0.127854 0.844344
vt 0.114749 0.827114
vt 0.132341 0.820876
vt 0.026521 0.765361
vt 0.037210 0.777063
vt 0.026056 0.790569
vt 0.013416 0.782591
vt 0.046693 0.785875
vt 0.037864 0.798078
vt 0.031060 0.811382
vt 0.017903 0.806060
vt 0.000311 0.799821
vt 0.128932 0.804237
vt 0.114984 0.804754
vt 0.115220 0.782393
vt 0.130151 0.788951
vt 0.014494 0.822698
vt 0.000546 0.822182
vt 0.026622 0.824616
vt 0.024418 0.834433
vt 0.015713 0.837985
vt 0.000782 0.844543
vt 0.056439 0.793390
vt 0.048988 0.805269
vt 0.066368 0.799888
vt 0.059623 0.811977
vt 0.053180 0.823609
vt 0.042594 0.817366
vt 0.076345 0.805521
vt 0.070032 0.818074
vt 0.087012 0.810315
vt 0.080973 0.824075
vt 0.073608 0.836407
vt 0.063334 0.829675
vt 0.037073 0.829268
vt 0.046895 0.834983
vt 0.040536 0.846440
vt 0.031136 0.840175
vt 0.056461 0.840538
vt 0.065344 0.846980
vt 0.058646 0.854023
vt 0.050568 0.851300
vt 0.099144 0.814465
vt 0.093186 0.830571
vt 0.114127 0.819445
vt 0.106606 0.837660
vt 0.099085 0.855875
vt 0.084708 0.844798
vt 0.228565 0.807491
vt 0.213582 0.812471
vt 0.207624 0.796364
vt 0.221044 0.789276
vt 0.199146 0.782138
vt 0.213523 0.771061
vt 0.073166 0.856232
vt 0.080996 0.867710
vt 0.062906 0.879544
vt 0.060276 0.863296
vt 0.187604 0.770703
vt 0.195434 0.759226
vt 0.174714 0.763640
vt 0.177344 0.747392
vt 0.094006 0.785492
vt 0.088324 0.780367
vt 0.095458 0.770939
vt 0.101509 0.781512
vt 0.080163 0.775250
vt 0.086279 0.763938
vt 0.093151 0.750473
vt 0.103639 0.762246
vt 0.114127 0.774020
vt 0.071413 0.771300
vt 0.075452 0.760489
vt 0.064110 0.769035
vt 0.063562 0.760878
vt 0.063248 0.747392
vt 0.078200 0.748932
vt 0.228565 0.852916
vt 0.218077 0.864689
vt 0.209896 0.855997
vt 0.215947 0.845424
vt 0.207589 0.876463
vt 0.200717 0.862998
vt 0.194601 0.851685
vt 0.202762 0.846569
vt 0.208444 0.841444
vt 0.192638 0.878003
vt 0.189889 0.866446
vt 0.177686 0.879544
vt 0.178000 0.866058
vt 0.178548 0.857901
vt 0.185851 0.855636
vt 0.161219 0.763609
vt 0.148164 0.768330
vt 0.139231 0.752486
vt 0.158288 0.749939
vt 0.137349 0.777135
vt 0.127226 0.767440
vt 0.043850 0.876997
vt 0.046781 0.863327
vt 0.024793 0.874450
vt 0.033725 0.858605
vt 0.012788 0.859496
vt 0.022911 0.849801
vt 0.216590 0.829920
vt 0.228565 0.830204
vt 0.205995 0.830968
vt 0.102152 0.797016
vt 0.091557 0.795968
vt 0.114127 0.796732
vt 0.082306 0.792298
vt 0.073401 0.787378
vt 0.064549 0.782035
vt 0.056571 0.775657
vt 0.050403 0.766931
vt 0.044884 0.756377
vt 0.164841 0.860005
vt 0.171009 0.851279
vt 0.159322 0.870559
vt 0.178987 0.844901
vt 0.187839 0.839558
vt 0.196744 0.834638
vn 0.3800 -0.6060 -0.6988
vn 0.1167 -0.3403 -0.9330
vn 0.1796 -0.2841 -0.9418
vn 0.4447 -0.5509 -0.7062
vn -0.1079 -0.1197 -0.9869
vn -0.0478 -0.0559 -0.9973
vn 0.0468 0.0435 -0.9980
vn 0.2741 -0.1888 -0.9430
vn 0.5398 -0.4570 -0.7070
vn -0.3322 0.0813 -0.9397
vn -0.2654 0.1587 -0.9510
vn -0.6193 0.3142 -0.7194
vn -0.5343 0.4176 -0.7349
vn -0.4165 0.5419 -0.7299
vn -0.1672 0.2665 -0.9492
vn 0.4133 -0.0244 -0.9102
vn 0.6647 -0.3004 -0.6841
vn 0.2086 0.2072 -0.9558
vn 0.4563 0.4550 -0.7647
vn 0.6522 0.2143 -0.7271
vn 0.7884 -0.0737 -0.6107
vn -0.0035 0.4126 -0.9109
vn -0.2456 0.6772 -0.6936
vn -0.0249 0.7909 -0.6114
vn 0.2308 0.6509 -0.7232
vn -0.8156 0.4685 -0.3394
vn -0.7205 0.5973 -0.3522
vn -0.8634 0.5045 0.0000
vn -0.7665 0.6422 0.0000
vn -0.6201 0.7845 0.0000
vn -0.5815 0.7349 -0.3489
vn -0.8156 0.4685 0.3394
vn -0.7205 0.5973 0.3522
vn -0.6193 0.3142 0.7194
vn -0.5343 0.4176 0.7349
vn -0.4165 0.5419 0.7299
vn -0.5815 0.7349 0.3489
vn -0.3746 0.8697 -0.3212
vn -0.3918 0.9200 0.0000
vn -0.0283 0.9996 0.0000
vn -0.0242 0.9505 -0.3098
vn -0.3746 0.8697 0.3212
vn -0.2456 0.6772 0.6936
vn -0.0249 0.7909 0.6114
vn -0.0242 0.9505 0.3098
vn -0.3322 0.0813 0.9397
vn -0.2654 0.1587 0.9510
vn -0.1079 -0.1197 0.9869
vn -0.0478 -0.0559 0.9973
vn 0.0468 0.0435 0.9980
vn -0.1672 0.2665 0.9492
vn 0.1167 -0.3403 0.9330
vn 0.1796 -0.2841 0.9418
vn 0.3800 -0.6060 0.6988
vn 0.4447 -0.5509 0.7062
vn 0.5398 -0.4570 0.7070
vn 0.2741 -0.1888 0.9430
vn -0.0035 0.4126 0.9109
vn 0.2086 0.2072 0.9558
vn 0.4563 0.4550 0.7647
vn 0.2308 0.6509 0.7232
vn 0.4133 -0.0244 0.9102
vn 0.6647 -0.3004 0.6841
vn 0.7884 -0.0737 0.6107
vn 0.6522 0.2143 0.7271
vn 0.5469 -0.7716 0.3248
vn 0.6124 -0.7176 0.3315
vn 0.5858 -0.8104 0.0000
vn 0.6527 -0.7576 0.0000
vn 0.7503 -0.6610 0.0000
vn 0.7086 -0.6227 0.3316
vn 0.5469 -0.7716 -0.3248
vn 0.6124 -0.7176 -0.3315
vn 0.7086 -0.6227 -0.3316
vn 0.8378 -0.4475 0.3128
vn 0.8836 -0.4682 0.0000
vn 0.9963 -0.0854 0.0000
vn 0.9470 -0.0796 0.3112
vn 0.8378 -0.4475 -0.3128
vn 0.9470 -0.0796 -0.3112
vn 0.1345 -0.7617 0.6338
vn -0.1676 -0.6239 0.7633
vn -0.3132 -0.8631 0.3962
vn 0.1466 -0.9340 0.3258
vn -0.4296 -0.4125 0.8033
vn -0.6615 -0.6157 0.4281
vn -0.7349 -0.6782 0.0000
vn -0.3382 -0.9411 0.0000
vn 0.1603 -0.9870 0.0000
vn -0.6431 -0.1843 0.7432
vn -0.8764 -0.2978 0.3784
vn -0.7888 0.0524 0.6124
vn -0.9494 0.0599 0.3081
vn -0.9975 0.0709 0.0000
vn -0.9503 -0.3113 0.0000
vn -0.3132 -0.8631 -0.3962
vn 0.1466 -0.9340 -0.3258
vn -0.6615 -0.6157 -0.4281
vn -0.4296 -0.4125 -0.8033
vn -0.1676 -0.6239 -0.7633
vn 0.1345 -0.7617 -0.6338
vn -0.8764 -0.2978 -0.3784
vn -0.9494 0.0599 -0.3081
vn -0.7888 0.0524 -0.6124
vn -0.6431 -0.1843 -0.7432
vn 0.8628 0.3557 -0.3593
vn 0.6518 0.6507 -0.3894
vn 0.7075 0.7067 0.0000
vn 0.9267 0.3758 0.0000
vn 0.3693 0.8580 -0.3569
vn 0.3890 0.9212 0.0000
vn 0.8628 0.3557 0.3593
vn 0.6518 0.6507 0.3894
vn 0.3693 0.8580 0.3569
vn 0.4521 -0.8370 -0.3082
vn 0.4778 -0.8784 0.0000
vn 0.2972 -0.6675 -0.6827
vn 0.4521 -0.8370 0.3082
vn 0.2972 -0.6675 0.6827
vn 0.0251 -0.4103 0.9116
vn -0.2025 -0.2094 0.9566
vn -0.4202 -0.0149 0.9073
vn -0.7017 0.2039 0.6826
vn -0.8939 0.3236 0.3101
vn -0.9400 0.3410 0.0000
vn -0.8939 0.3236 -0.3101
vn -0.7017 0.2039 -0.6826
vn -0.4202 -0.0149 -0.9073
vn -0.2025 -0.2094 -0.9566
vn 0.0251 -0.4103 -0.9116
usemtl Mikey
s 1
f 863/933/837 934/934/838 935/935/839 872/936/840
f 934/934/838 864/937/841 873/938/842 935/935/839
f 935/935/839 873/938/842 840/939/843 897/940/844
f 872/936/840 935/935/839 897/940/844 839/941/845
f 864/937/841 933/942/846 936/943/847 873/938/842
f 933/942/846 865/944/848 876/945/849 936/943/847
f 936/943/847 876/945/849 843/946/850 903/947/851
f 873/938/842 936/943/847 903/947/851 840/939/843
f 839/941/845 897/940/844 937/948/852 887/949/853
f 897/940/844 840/939/843 888/950/854 937/948/852
f 937/948/852 888/950/854 855/951/855 913/952/856
f 887/949/853 937/948/852 913/952/856 854/953/857
f 840/939/843 903/947/851 938/954/858 888/950/854
f 903/947/851 843/946/850 889/955/859 938/954/858
f 938/954/858 889/955/859 856/956/860 917/957/861
f 888/950/854 938/954/858 917/957/861 855/951/855
f 865/944/848 932/958/862 939/959/863 876/945/849
f 932/958/862 866/960/864 877/961/865 939/959/863
f 939/959/863 877/961/865 844/962/866 909/963/867
f 876/945/849 939/959/863 909/963/867 843/946/850
f 866/964/864 931/965/868 940/966/869 877/967/865
f 931/965/868 867/968/870 880/969/871 940/966/869
f 940/966/869 880/969/871 847/970/872 915/971/873
f 877/967/865 940/966/869 915/971/873 844/972/866
f 843/946/850 909/963/867 941/973/874 889/955/859
f 909/963/867 844/962/866 892/974/875 941/973/874
f 941/973/874 892/974/875 859/975/876 899/976/877
f 889/955/859 941/973/874 899/976/877 856/956/860
f 844/972/866 915/971/873 942/977/878 892/978/875
f 915/971/873 847/970/872 895/979/879 942/977/878
f 942/977/878 895/979/879 862/980/880 901/981/881
f 892/978/875 942/977/878 901/981/881 859/982/876
f 867/968/870 930/983/882 943/984/883 880/969/871
f 930/983/882 868/985/884 881/986/885 943/984/883
f 943/984/883 881/986/885 848/987/886 900/988/887
f 880/969/871 943/984/883 900/988/887 847/970/872
f 868/985/884 929/989/888 944/990/889 881/986/885
f 929/989/888 869/991/890 884/992/891 944/990/889
f 944/990/889 884/992/891 851/993/892 896/994/893
f 881/986/885 944/990/889 896/994/893 848/987/886
f 847/970/872 900/988/887 945/995/894 895/979/879
f 900/988/887 848/987/886 894/996/895 945/995/894
f 945/995/894 894/996/895 861/997/896 907/998/897
f 895/979/879 945/995/894 907/998/897 862/980/880
f 848/987/886 896/994/893 946/999/898 894/996/895
f 896/994/893 851/993/892 893/1000/899 946/999/898
f 946/999/898 893/1000/899 860/1001/900 902/1002/901
f 894/996/895 946/999/898 902/1002/901 861/997/896
f 869/991/890 928/1003/902 947/1004/903 884/992/891
f 928/1003/902 870/1005/904 885/1006/905 947/1004/903
f 947/1004/903 885/1006/905 852/1007/906 906/1008/907
f 884/992/891 947/1004/903 906/1008/907 851/993/892
f 870/1009/904 927/1010/908 948/1011/909 885/1012/905
f 927/1010/908 863/933/837 872/936/840 948/1011/909
f 948/1011/909 872/936/840 839/941/845 911/1013/910
f 885/1012/905 948/1011/909 911/1013/910 852/1014/906
f 851/993/892 906/1008/907 949/1015/911 893/1000/899
f 906/1008/907 852/1007/906 890/1016/912 949/1015/911
f 949/1015/911 890/1016/912 857/1017/913 914/1018/914
f 893/1000/899 949/1015/911 914/1018/914 860/1001/900
f 852/1014/906 911/1013/910 950/1019/915 890/1020/912
f 911/1013/910 839/941/845 887/949/853 950/1019/915
f 950/1019/915 887/949/853 854/953/857 916/1021/916
f 890/1020/912 950/1019/915 916/1021/916 857/1022/913
f 849/1023/917 882/1024/918 951/1025/919 883/1026/920
f 882/1024/918 846/1027/921 886/1028/922 951/1025/919
f 951/1025/919 886/1028/922 853/1029/923 905/1030/924
f 883/1026/920 951/1025/919 905/1030/924 850/1031/925
f 846/1027/921 879/1032/926 952/1033/927 886/1028/922
f 879/1032/926 845/1034/928 878/1035/929 952/1033/927
f 952/1033/927 878/1035/929 842/1036/930 918/1037/931
f 886/1028/922 952/1033/927 918/1037/931 853/1029/923
f 850/1038/925 905/1039/924 953/1040/932 908/1041/933
f 905/1039/924 853/1042/923 910/1043/934 953/1040/932
f 953/1040/932 910/1043/934 838/1044/935 871/1045/936
f 908/1041/933 953/1040/932 871/1045/936 837/1046/937
f 853/1042/923 918/1047/931 954/1048/938 910/1043/934
f 918/1047/931 842/1049/930 875/1050/939 954/1048/938
f 954/1048/938 875/1050/939 841/1051/940 874/1052/941
f 910/1043/934 954/1048/938 874/1052/941 838/1044/935
f 854/953/857 913/952/856 955/1053/942 916/1021/916
f 913/952/856 855/951/855 891/1054/943 955/1053/942
f 955/1053/942 891/1054/943 858/1055/944 904/1056/945
f 916/1021/916 955/1053/942 904/1056/945 857/1022/913
f 855/951/855 917/957/861 956/1057/946 891/1054/943
f 917/957/861 856/956/860 899/976/877 956/1057/946
f 956/1057/946 899/976/877 859/975/876 912/1058/947
f 891/1054/943 956/1057/946 912/1058/947 858/1055/944
f 857/1017/913 904/1059/945 957/1060/948 914/1018/914
f 904/1059/945 858/1061/944 898/1062/949 957/1060/948
f 957/1060/948 898/1062/949 861/997/896 902/1002/901
f 914/1018/914 957/1060/948 902/1002/901 860/1001/900
f 858/1061/944 912/1063/947 958/1064/950 898/1062/949
f 912/1063/947 859/982/876 901/981/881 958/1064/950
f 958/1064/950 901/981/881 862/980/880 907/998/897
f 898/1062/949 958/1064/950 907/998/897 861/997/896
f 850/1038/925 908/1041/933 959/1065/951 926/1066/952
f 908/1041/933 837/1046/937 919/1067/953 959/1065/951
f 959/1065/951 919/1067/953 863/933/837 927/1010/908
f 926/1066/952 959/1065/951 927/1010/908 870/1009/904
f 849/1023/917 883/1026/920 960/1068/954 925/1069/955
f 883/1026/920 850/1031/925 926/1070/952 960/1068/954
f 960/1068/954 926/1070/952 870/1005/904 928/1003/902
f 925/1069/955 960/1068/954 928/1003/902 869/991/890
f 846/1027/921 882/1024/918 961/1071/956 924/1072/957
f 882/1024/918 849/1023/917 925/1069/955 961/1071/956
f 961/1071/956 925/1069/955 869/991/890 929/989/888
f 924/1072/957 961/1071/956 929/989/888 868/985/884
f 845/1034/928 879/1032/926 962/1073/958 923/1074/959
f 879/1032/926 846/1027/921 924/1072/957 962/1073/958
f 962/1073/958 924/1072/957 868/985/884 930/983/882
f 923/1074/959 962/1073/958 930/983/882 867/968/870
f 842/1036/930 878/1035/929 963/1075/960 922/1076/961
f 878/1035/929 845/1034/928 923/1074/959 963/1075/960
f 963/1075/960 923/1074/959 867/968/870 931/965/868
f 922/1076/961 963/1075/960 931/965/868 866/964/864
f 841/1051/940 875/1050/939 964/1077/962 921/1078/963
f 875/1050/939 842/1049/930 922/1079/961 964/1077/962
f 964/1077/962 922/1079/961 866/960/864 932/958/862
f 921/1078/963 964/1077/962 932/958/862 865/944/848
f 838/1044/935 874/1052/941 965/1080/964 920/1081/965
f 874/1052/941 841/1051/940 921/1078/963 965/1080/964
f 965/1080/964 921/1078/963 865/944/848 933/942/846
f 920/1081/965 965/1080/964 933/942/846 864/937/841
f 837/1046/937 871/1045/936 966/1082/966 919/1067/953
f 871/1045/936 838/1044/935 920/1081/965 966/1082/966
f 966/1082/966 920/1081/965 864/937/841 934/934/838
f 919/1067/953 966/1082/966 934/934/838 863/933/837
o Left_Arm.002_Roundcube.005
v 0.408247 0.422880 -0.021400
v 0.455903 0.450653 -0.031217
v 0.260867 0.540755 -0.042263
v 0.314840 0.595355 -0.068176
v 0.483274 0.499100 -0.021400
v 0.498579 0.495705 0.032496
v 0.375372 0.651941 -0.042263
v 0.394806 0.672002 0.032496
v 0.483274 0.499100 0.086392
v 0.455903 0.450653 0.096210
v 0.375372 0.651941 0.107255
v 0.314840 0.595355 0.133168
v 0.408247 0.422880 0.086392
v 0.411642 0.405601 0.032496
v 0.260867 0.540755 0.107255
v 0.241898 0.523077 0.032496
v 0.478219 0.427548 0.032496
v 0.216114 0.603596 -0.029473
v 0.250358 0.657570 -0.041259
v 0.306058 0.693281 -0.029473
v 0.197897 0.605144 0.032496
v 0.227446 0.679901 0.032496
v 0.304048 0.711088 0.032496
v 0.216114 0.603596 0.094465
v 0.250358 0.657570 0.106251
v 0.306058 0.693281 0.094465
v 0.336480 0.472893 -0.036782
v 0.388167 0.521601 -0.060243
v 0.445192 0.572233 -0.036782
v 0.464481 0.588542 0.032496
v 0.445192 0.572233 0.101775
v 0.388167 0.521601 0.125235
v 0.336480 0.472893 0.101775
v 0.320443 0.455752 0.032496
v 0.430879 0.430653 -0.028195
v 0.296500 0.506249 -0.041466
v 0.351151 0.559345 -0.067017
v 0.474790 0.476369 -0.028195
v 0.493939 0.496427 0.000170
v 0.412913 0.614772 -0.041466
v 0.433332 0.633636 0.032496
v 0.493939 0.496427 0.064823
v 0.474790 0.476369 0.093188
v 0.412913 0.614772 0.106458
v 0.351151 0.559345 0.132009
v 0.430879 0.430653 0.093188
v 0.410921 0.410596 0.064823
v 0.296500 0.506249 0.106458
v 0.278421 0.488193 0.032496
v 0.473145 0.432720 0.067437
v 0.231536 0.576551 -0.037691
v 0.279442 0.629640 -0.060709
v 0.335650 0.679829 -0.037691
v 0.212585 0.562949 0.032496
v 0.232979 0.674441 -0.008239
v 0.350097 0.699472 0.032496
v 0.231536 0.576551 0.102684
v 0.279442 0.629640 0.125702
v 0.335650 0.679829 0.102684
v 0.284476 0.564926 0.126993
v 0.284476 0.564926 -0.062001
v 0.232979 0.674441 0.073231
v 0.304541 0.705645 -0.004808
v 0.347825 0.626367 0.126993
v 0.304541 0.705645 0.069800
v 0.226674 0.627990 0.102637
v 0.347825 0.626367 -0.062001
v 0.204136 0.645603 0.032496
v 0.449723 0.408014 0.032496
v 0.246588 0.527121 0.073721
v 0.280457 0.681658 0.102637
v 0.410921 0.410596 0.000170
v 0.390543 0.667177 -0.008728
v 0.473145 0.432720 -0.002444
v 0.246588 0.527121 -0.008728
v 0.261975 0.703416 0.032496
v 0.226674 0.627990 -0.037644
v 0.203417 0.604737 0.069800
v 0.390543 0.667177 0.073721
v 0.203417 0.604737 -0.004808
v 0.280457 0.681658 -0.037644
v 0.495184 0.457427 0.032496
v 0.378161 0.441324 -0.029632
v 0.425384 0.482757 -0.049486
v 0.470227 0.529357 -0.029632
v 0.487353 0.540898 0.032496
v 0.470227 0.529357 0.094624
v 0.425384 0.482757 0.114479
v 0.378161 0.441324 0.094624
v 0.366654 0.424752 0.032496
v 0.324060 0.459921 -0.005795
v 0.324060 0.459921 0.070788
v 0.358935 0.494562 0.119730
v 0.419262 0.549499 0.119730
v 0.460044 0.584892 0.070788
v 0.460044 0.584892 -0.005795
v 0.419262 0.549499 -0.054737
v 0.358935 0.494562 -0.054737
v 0.320239 0.529803 -0.060941
v 0.384732 0.589758 -0.060941
v 0.252070 0.600057 -0.055275
v 0.310264 0.657775 -0.055275
v 0.428746 0.629236 -0.008303
v 0.428746 0.629236 0.073295
v 0.347340 0.694377 -0.006704
v 0.347340 0.694377 0.071696
v 0.384732 0.589758 0.125934
v 0.320239 0.529803 0.125934
v 0.310264 0.657775 0.120268
v 0.252070 0.600057 0.120268
v 0.282723 0.492484 0.073295
v 0.282723 0.492484 -0.008303
v 0.217606 0.565614 0.071696
v 0.217606 0.565614 -0.006704
v 0.446083 0.413451 0.066174
v 0.490036 0.461078 0.066174
v 0.446083 0.413451 -0.001181
v 0.490036 0.461078 -0.001181
v 0.210001 0.641905 -0.006712
v 0.265780 0.697647 -0.006712
v 0.210001 0.641905 0.071705
v 0.265780 0.697647 0.071705
v 0.368844 0.429080 -0.002258
v 0.368844 0.429080 0.067250
v 0.399076 0.459221 0.109870
v 0.450503 0.508469 0.109870
v 0.482989 0.538704 0.067250
v 0.482989 0.538704 -0.002258
v 0.450503 0.508469 -0.044877
v 0.399076 0.459221 -0.044877
vt 0.315888 0.810315
vt 0.309849 0.824075
vt 0.298909 0.818074
vt 0.305221 0.805521
vt 0.302484 0.836407
vt 0.292210 0.829675
vt 0.282056 0.823609
vt 0.288499 0.811977
vt 0.295244 0.799888
vt 0.277864 0.805269
vt 0.285315 0.793390
vt 0.271470 0.817366
vt 0.259935 0.811382
vt 0.266740 0.798079
vt 0.275569 0.785875
vt 0.294220 0.846980
vt 0.285337 0.840538
vt 0.287522 0.854023
vt 0.279444 0.851300
vt 0.269412 0.846440
vt 0.275771 0.834982
vt 0.265949 0.829268
vt 0.260012 0.840175
vt 0.253294 0.834433
vt 0.255498 0.824616
vt 0.254932 0.790569
vt 0.266086 0.777063
vt 0.246778 0.806060
vt 0.229187 0.799821
vt 0.242292 0.782591
vt 0.255397 0.765361
vt 0.857514 0.114494
vt 0.844409 0.097264
vt 0.857050 0.089286
vt 0.868204 0.102792
vt 0.831304 0.080034
vt 0.848896 0.073795
vt 0.862053 0.068473
vt 0.868858 0.081776
vt 0.877686 0.093980
vt 0.243370 0.822699
vt 0.244589 0.837985
vt 0.229658 0.844543
vt 0.229422 0.822182
vt 0.831540 0.057673
vt 0.845488 0.057157
vt 0.831775 0.035312
vt 0.846706 0.041870
vt 0.855411 0.045422
vt 0.857615 0.055239
vt 0.879982 0.074586
vt 0.887433 0.086465
vt 0.873588 0.062489
vt 0.884173 0.056246
vt 0.890616 0.067878
vt 0.897361 0.079967
vt 0.901026 0.061781
vt 0.907339 0.074335
vt 0.894327 0.050180
vt 0.904602 0.043448
vt 0.911967 0.055780
vt 0.918006 0.069540
vt 0.868066 0.050587
vt 0.862129 0.039680
vt 0.871530 0.033415
vt 0.877888 0.044873
vt 0.887454 0.039317
vt 0.881562 0.028555
vt 0.889639 0.025832
vt 0.896338 0.032875
vt 0.924179 0.049284
vt 0.930138 0.065390
vt 0.915702 0.035057
vt 0.930079 0.023980
vt 0.937600 0.042195
vt 0.945120 0.060410
vt 0.343003 0.819445
vt 0.335482 0.837660
vt 0.322062 0.830571
vt 0.328020 0.814465
vt 0.327961 0.855875
vt 0.313584 0.844798
vt 0.904159 0.023623
vt 0.891270 0.016559
vt 0.893899 0.000311
vt 0.911989 0.012146
vt 0.309872 0.867710
vt 0.302042 0.856232
vt 0.291782 0.879544
vt 0.289152 0.863296
vt 0.924999 0.094364
vt 0.932503 0.098343
vt 0.926451 0.108916
vt 0.919318 0.099488
vt 0.945120 0.105835
vt 0.934633 0.117609
vt 0.924145 0.129382
vt 0.917272 0.115917
vt 0.911156 0.104605
vt 0.906445 0.119366
vt 0.902406 0.108555
vt 0.909193 0.130923
vt 0.894241 0.132464
vt 0.894555 0.118977
vt 0.895103 0.110820
vt 0.343003 0.774020
vt 0.330385 0.781512
vt 0.324334 0.770939
vt 0.332515 0.762246
vt 0.322882 0.785492
vt 0.317200 0.780367
vt 0.309038 0.775250
vt 0.315154 0.763938
vt 0.322027 0.750473
vt 0.304327 0.760489
vt 0.307076 0.748932
vt 0.300289 0.771300
vt 0.292986 0.769035
vt 0.292438 0.760878
vt 0.292124 0.747392
vt 0.275657 0.863327
vt 0.272725 0.876997
vt 0.253669 0.874449
vt 0.262601 0.858605
vt 0.251787 0.849801
vt 0.241664 0.859496
vt 0.877775 0.016528
vt 0.874843 0.002858
vt 0.864719 0.021250
vt 0.855787 0.005406
vt 0.853904 0.030054
vt 0.843781 0.020359
vt 0.343003 0.796732
vt 0.331028 0.797016
vt 0.320432 0.795968
vt 0.922550 0.083887
vt 0.933145 0.082839
vt 0.945120 0.083123
vt 0.904394 0.092477
vt 0.913299 0.087557
vt 0.887565 0.104198
vt 0.895542 0.097820
vt 0.875878 0.123479
vt 0.881396 0.112924
vt 0.285447 0.775657
vt 0.279279 0.766931
vt 0.273760 0.756377
vt 0.302277 0.787378
vt 0.293425 0.782035
vt 0.311182 0.792298
vn -0.3800 -0.6060 -0.6988
vn -0.4447 -0.5509 -0.7062
vn -0.1796 -0.2841 -0.9418
vn -0.1167 -0.3403 -0.9330
vn -0.5398 -0.4570 -0.7070
vn -0.2741 -0.1888 -0.9430
vn -0.0468 0.0435 -0.9980
vn 0.0478 -0.0559 -0.9973
vn 0.1079 -0.1197 -0.9869
vn 0.2654 0.1587 -0.9510
vn 0.3322 0.0813 -0.9397
vn 0.1672 0.2665 -0.9492
vn 0.4165 0.5419 -0.7299
vn 0.5343 0.4176 -0.7349
vn 0.6193 0.3142 -0.7194
vn -0.6647 -0.3004 -0.6841
vn -0.4133 -0.0244 -0.9102
vn -0.7884 -0.0737 -0.6107
vn -0.6522 0.2143 -0.7271
vn -0.4563 0.4550 -0.7647
vn -0.2086 0.2072 -0.9558
vn 0.0035 0.4126 -0.9109
vn -0.2308 0.6509 -0.7232
vn 0.0249 0.7909 -0.6114
vn 0.2456 0.6772 -0.6936
vn 0.7205 0.5973 -0.3522
vn 0.8156 0.4685 -0.3394
vn 0.5815 0.7349 -0.3489
vn 0.6201 0.7845 0.0000
vn 0.7665 0.6422 0.0000
vn 0.8634 0.5045 0.0000
vn 0.7205 0.5973 0.3522
vn 0.8156 0.4685 0.3394
vn 0.5815 0.7349 0.3489
vn 0.4165 0.5419 0.7299
vn 0.5343 0.4176 0.7349
vn 0.6193 0.3142 0.7194
vn 0.3746 0.8697 -0.3212
vn 0.0242 0.9505 -0.3098
vn 0.0283 0.9996 0.0000
vn 0.3918 0.9200 0.0000
vn 0.3746 0.8697 0.3212
vn 0.0242 0.9505 0.3098
vn 0.0249 0.7909 0.6114
vn 0.2456 0.6772 0.6936
vn 0.2654 0.1587 0.9510
vn 0.3322 0.0813 0.9397
vn 0.1672 0.2665 0.9492
vn -0.0468 0.0435 0.9980
vn 0.0478 -0.0559 0.9973
vn 0.1079 -0.1197 0.9869
vn -0.1796 -0.2841 0.9418
vn -0.1167 -0.3403 0.9330
vn -0.2741 -0.1888 0.9430
vn -0.5398 -0.4570 0.7070
vn -0.4447 -0.5509 0.7062
vn -0.3800 -0.6060 0.6988
vn 0.0035 0.4126 0.9109
vn -0.2308 0.6509 0.7232
vn -0.4563 0.4550 0.7647
vn -0.2086 0.2072 0.9558
vn -0.4133 -0.0244 0.9102
vn -0.6522 0.2143 0.7271
vn -0.7884 -0.0737 0.6107
vn -0.6647 -0.3004 0.6841
vn -0.6124 -0.7176 0.3315
vn -0.5469 -0.7716 0.3248
vn -0.7086 -0.6227 0.3316
vn -0.7503 -0.6610 0.0000
vn -0.6527 -0.7576 0.0000
vn -0.5858 -0.8104 0.0000
vn -0.6124 -0.7176 -0.3315
vn -0.5469 -0.7716 -0.3248
vn -0.7086 -0.6227 -0.3316
vn -0.8378 -0.4475 0.3128
vn -0.9470 -0.0796 0.3112
vn -0.9963 -0.0854 0.0000
vn -0.8836 -0.4682 0.0000
vn -0.8378 -0.4475 -0.3128
vn -0.9470 -0.0796 -0.3112
vn -0.1345 -0.7617 0.6338
vn -0.1466 -0.9340 0.3258
vn 0.3132 -0.8631 0.3962
vn 0.1676 -0.6239 0.7633
vn -0.1603 -0.9871 0.0000
vn 0.3382 -0.9411 0.0000
vn 0.7349 -0.6782 0.0000
vn 0.6615 -0.6157 0.4281
vn 0.4296 -0.4125 0.8033
vn 0.8764 -0.2978 0.3784
vn 0.6431 -0.1843 0.7432
vn 0.9503 -0.3113 0.0000
vn 0.9975 0.0709 0.0000
vn 0.9494 0.0599 0.3081
vn 0.7888 0.0524 0.6124
vn -0.1466 -0.9340 -0.3258
vn 0.3132 -0.8631 -0.3962
vn -0.1345 -0.7617 -0.6338
vn 0.1676 -0.6239 -0.7633
vn 0.4296 -0.4125 -0.8033
vn 0.6615 -0.6157 -0.4281
vn 0.8764 -0.2978 -0.3784
vn 0.6431 -0.1843 -0.7432
vn 0.7888 0.0524 -0.6124
vn 0.9494 0.0599 -0.3081
vn -0.8628 0.3557 -0.3593
vn -0.9267 0.3758 0.0000
vn -0.7075 0.7067 0.0000
vn -0.6518 0.6507 -0.3894
vn -0.3693 0.8580 -0.3569
vn -0.3890 0.9212 0.0000
vn -0.8628 0.3557 0.3593
vn -0.6518 0.6507 0.3894
vn -0.3693 0.8580 0.3569
vn -0.4778 -0.8784 0.0000
vn -0.4521 -0.8370 -0.3082
vn -0.2972 -0.6675 -0.6827
vn -0.2972 -0.6675 0.6827
vn -0.4521 -0.8370 0.3082
vn 0.2025 -0.2094 0.9566
vn -0.0251 -0.4103 0.9116
vn 0.7017 0.2039 0.6826
vn 0.4202 -0.0149 0.9073
vn 0.9400 0.3410 0.0000
vn 0.8939 0.3236 0.3101
vn 0.7017 0.2039 -0.6826
vn 0.8939 0.3236 -0.3101
vn 0.2025 -0.2094 -0.9566
vn 0.4202 -0.0149 -0.9073
vn -0.0251 -0.4103 -0.9116
usemtl Mikey
s 1
f 993/1083/967 1002/1084/968 1065/1085/969 1064/1086/970
f 1002/1084/968 969/1087/971 1027/1088/972 1065/1085/969
f 1065/1085/969 1027/1088/972 970/1089/973 1003/1090/974
f 1064/1086/970 1065/1085/969 1003/1090/974 994/1091/975
f 994/1091/975 1003/1090/974 1066/1092/976 1063/1093/977
f 1003/1090/974 970/1089/973 1033/1094/978 1066/1092/976
f 1066/1092/976 1033/1094/978 973/1095/979 1006/1096/980
f 1063/1093/977 1066/1092/976 1006/1096/980 995/1097/981
f 969/1087/971 1017/1098/982 1067/1099/983 1027/1088/972
f 1017/1098/982 984/1100/984 1043/1101/985 1067/1099/983
f 1067/1099/983 1043/1101/985 985/1102/986 1018/1103/987
f 1027/1088/972 1067/1099/983 1018/1103/987 970/1089/973
f 970/1089/973 1018/1103/987 1068/1104/988 1033/1094/978
f 1018/1103/987 985/1102/986 1047/1105/989 1068/1104/988
f 1068/1104/988 1047/1105/989 986/1106/990 1019/1107/991
f 1033/1094/978 1068/1104/988 1019/1107/991 973/1095/979
f 995/1097/981 1006/1096/980 1069/1108/992 1062/1109/993
f 1006/1096/980 973/1095/979 1039/1110/994 1069/1108/992
f 1069/1108/992 1039/1110/994 974/1111/995 1007/1112/996
f 1062/1109/993 1069/1108/992 1007/1112/996 996/1113/997
f 996/1114/997 1007/1115/996 1070/1116/998 1061/1117/999
f 1007/1115/996 974/1118/995 1045/1119/1000 1070/1116/998
f 1070/1116/998 1045/1119/1000 977/1120/1001 1010/1121/1002
f 1061/1117/999 1070/1116/998 1010/1121/1002 997/1122/1003
f 973/1095/979 1019/1107/991 1071/1123/1004 1039/1110/994
f 1019/1107/991 986/1106/990 1029/1124/1005 1071/1123/1004
f 1071/1123/1004 1029/1124/1005 989/1125/1006 1022/1126/1007
f 1039/1110/994 1071/1123/1004 1022/1126/1007 974/1111/995
f 974/1118/995 1022/1127/1007 1072/1128/1008 1045/1119/1000
f 1022/1127/1007 989/1129/1006 1031/1130/1009 1072/1128/1008
f 1072/1128/1008 1031/1130/1009 992/1131/1010 1025/1132/1011
f 1045/1119/1000 1072/1128/1008 1025/1132/1011 977/1120/1001
f 997/1122/1003 1010/1121/1002 1073/1133/1012 1060/1134/1013
f 1010/1121/1002 977/1120/1001 1030/1135/1014 1073/1133/1012
f 1073/1133/1012 1030/1135/1014 978/1136/1015 1011/1137/1016
f 1060/1134/1013 1073/1133/1012 1011/1137/1016 998/1138/1017
f 998/1138/1017 1011/1137/1016 1074/1139/1018 1059/1140/1019
f 1011/1137/1016 978/1136/1015 1026/1141/1020 1074/1139/1018
f 1074/1139/1018 1026/1141/1020 981/1142/1021 1014/1143/1022
f 1059/1140/1019 1074/1139/1018 1014/1143/1022 999/1144/1023
f 977/1120/1001 1025/1132/1011 1075/1145/1024 1030/1135/1014
f 1025/1132/1011 992/1131/1010 1037/1146/1025 1075/1145/1024
f 1075/1145/1024 1037/1146/1025 991/1147/1026 1024/1148/1027
f 1030/1135/1014 1075/1145/1024 1024/1148/1027 978/1136/1015
f 978/1136/1015 1024/1148/1027 1076/1149/1028 1026/1141/1020
f 1024/1148/1027 991/1147/1026 1032/1150/1029 1076/1149/1028
f 1076/1149/1028 1032/1150/1029 990/1151/1030 1023/1152/1031
f 1026/1141/1020 1076/1149/1028 1023/1152/1031 981/1142/1021
f 999/1144/1023 1014/1143/1022 1077/1153/1032 1058/1154/1033
f 1014/1143/1022 981/1142/1021 1036/1155/1034 1077/1153/1032
f 1077/1153/1032 1036/1155/1034 982/1156/1035 1015/1157/1036
f 1058/1154/1033 1077/1153/1032 1015/1157/1036 1000/1158/1037
f 1000/1159/1037 1015/1160/1036 1078/1161/1038 1057/1162/1039
f 1015/1160/1036 982/1163/1035 1041/1164/1040 1078/1161/1038
f 1078/1161/1038 1041/1164/1040 969/1087/971 1002/1084/968
f 1057/1162/1039 1078/1161/1038 1002/1084/968 993/1083/967
f 981/1142/1021 1023/1152/1031 1079/1165/1041 1036/1155/1034
f 1023/1152/1031 990/1151/1030 1044/1166/1042 1079/1165/1041
f 1079/1165/1041 1044/1166/1042 987/1167/1043 1020/1168/1044
f 1036/1155/1034 1079/1165/1041 1020/1168/1044 982/1156/1035
f 982/1163/1035 1020/1169/1044 1080/1170/1045 1041/1164/1040
f 1020/1169/1044 987/1171/1043 1046/1172/1046 1080/1170/1045
f 1080/1170/1045 1046/1172/1046 984/1100/984 1017/1098/982
f 1041/1164/1040 1080/1170/1045 1017/1098/982 969/1087/971
f 979/1173/1047 1013/1174/1048 1081/1175/1049 1012/1176/1050
f 1013/1174/1048 980/1177/1051 1035/1178/1052 1081/1175/1049
f 1081/1175/1049 1035/1178/1052 983/1179/1053 1016/1180/1054
f 1012/1176/1050 1081/1175/1049 1016/1180/1054 976/1181/1055
f 976/1181/1055 1016/1180/1054 1082/1182/1056 1009/1183/1057
f 1016/1180/1054 983/1179/1053 1048/1184/1058 1082/1182/1056
f 1082/1182/1056 1048/1184/1058 972/1185/1059 1008/1186/1060
f 1009/1183/1057 1082/1182/1056 1008/1186/1060 975/1187/1061
f 980/1188/1051 1038/1189/1062 1083/1190/1063 1035/1191/1052
f 1038/1189/1062 967/1192/1064 1001/1193/1065 1083/1190/1063
f 1083/1190/1063 1001/1193/1065 968/1194/1066 1040/1195/1067
f 1035/1191/1052 1083/1190/1063 1040/1195/1067 983/1196/1053
f 983/1196/1053 1040/1195/1067 1084/1197/1068 1048/1198/1058
f 1040/1195/1067 968/1194/1066 1004/1199/1069 1084/1197/1068
f 1084/1197/1068 1004/1199/1069 971/1200/1070 1005/1201/1071
f 1048/1198/1058 1084/1197/1068 1005/1201/1071 972/1202/1059
f 984/1100/984 1046/1172/1046 1085/1203/1072 1043/1101/985
f 1046/1172/1046 987/1171/1043 1034/1204/1073 1085/1203/1072
f 1085/1203/1072 1034/1204/1073 988/1205/1074 1021/1206/1075
f 1043/1101/985 1085/1203/1072 1021/1206/1075 985/1102/986
f 985/1102/986 1021/1206/1075 1086/1207/1076 1047/1105/989
f 1021/1206/1075 988/1205/1074 1042/1208/1077 1086/1207/1076
f 1086/1207/1076 1042/1208/1077 989/1125/1006 1029/1124/1005
f 1047/1105/989 1086/1207/1076 1029/1124/1005 986/1106/990
f 987/1167/1043 1044/1166/1042 1087/1209/1078 1034/1210/1073
f 1044/1166/1042 990/1151/1030 1032/1150/1029 1087/1209/1078
f 1087/1209/1078 1032/1150/1029 991/1147/1026 1028/1211/1079
f 1034/1210/1073 1087/1209/1078 1028/1211/1079 988/1212/1074
f 988/1212/1074 1028/1211/1079 1088/1213/1080 1042/1214/1077
f 1028/1211/1079 991/1147/1026 1037/1146/1025 1088/1213/1080
f 1088/1213/1080 1037/1146/1025 992/1131/1010 1031/1130/1009
f 1042/1214/1077 1088/1213/1080 1031/1130/1009 989/1129/1006
f 980/1188/1051 1056/1215/1081 1089/1216/1082 1038/1189/1062
f 1056/1215/1081 1000/1159/1037 1057/1162/1039 1089/1216/1082
f 1089/1216/1082 1057/1162/1039 993/1083/967 1049/1217/1083
f 1038/1189/1062 1089/1216/1082 1049/1217/1083 967/1192/1064
f 979/1173/1047 1055/1218/1084 1090/1219/1085 1013/1174/1048
f 1055/1218/1084 999/1144/1023 1058/1154/1033 1090/1219/1085
f 1090/1219/1085 1058/1154/1033 1000/1158/1037 1056/1220/1081
f 1013/1174/1048 1090/1219/1085 1056/1220/1081 980/1177/1051
f 976/1181/1055 1054/1221/1086 1091/1222/1087 1012/1176/1050
f 1054/1221/1086 998/1138/1017 1059/1140/1019 1091/1222/1087
f 1091/1222/1087 1059/1140/1019 999/1144/1023 1055/1218/1084
f 1012/1176/1050 1091/1222/1087 1055/1218/1084 979/1173/1047
f 975/1187/1061 1053/1223/1088 1092/1224/1089 1009/1183/1057
f 1053/1223/1088 997/1122/1003 1060/1134/1013 1092/1224/1089
f 1092/1224/1089 1060/1134/1013 998/1138/1017 1054/1221/1086
f 1009/1183/1057 1092/1224/1089 1054/1221/1086 976/1181/1055
f 972/1185/1059 1052/1225/1090 1093/1226/1091 1008/1186/1060
f 1052/1225/1090 996/1114/997 1061/1117/999 1093/1226/1091
f 1093/1226/1091 1061/1117/999 997/1122/1003 1053/1223/1088
f 1008/1186/1060 1093/1226/1091 1053/1223/1088 975/1187/1061
f 971/1200/1070 1051/1227/1092 1094/1228/1093 1005/1201/1071
f 1051/1227/1092 995/1097/981 1062/1109/993 1094/1228/1093
f 1094/1228/1093 1062/1109/993 996/1113/997 1052/1229/1090
f 1005/1201/1071 1094/1228/1093 1052/1229/1090 972/1202/1059
f 968/1194/1066 1050/1230/1094 1095/1231/1095 1004/1199/1069
f 1050/1230/1094 994/1091/975 1063/1093/977 1095/1231/1095
f 1095/1231/1095 1063/1093/977 995/1097/981 1051/1227/1092
f 1004/1199/1069 1095/1231/1095 1051/1227/1092 971/1200/1070
f 967/1192/1064 1049/1217/1083 1096/1232/1096 1001/1193/1065
f 1049/1217/1083 993/1083/967 1064/1086/970 1096/1232/1096
f 1096/1232/1096 1064/1086/970 994/1091/975 1050/1230/1094
f 1001/1193/1065 1096/1232/1096 1050/1230/1094 968/1194/1066
o Right_Leg.002_Roundcube.006
v -0.208855 0.024282 -0.007092
v -0.270822 0.040609 -0.020279
v -0.094451 0.168960 -0.031086
v -0.179293 0.208682 -0.066802
v -0.315123 0.075636 -0.007092
v -0.328059 0.067229 0.053823
v -0.264976 0.248338 -0.031086
v -0.291154 0.262293 0.053823
v -0.315123 0.075636 0.114522
v -0.270822 0.040609 0.127351
v -0.264976 0.248338 0.140342
v -0.179293 0.208682 0.180890
v -0.208855 0.024282 0.114522
v -0.208745 0.007977 0.053823
v -0.094451 0.168960 0.140342
v -0.067317 0.156882 0.053823
v -0.286250 0.013741 0.053823
v -0.093933 0.229822 -0.015132
v -0.149859 0.268067 -0.029038
v -0.215267 0.288989 -0.015132
v -0.079173 0.234738 0.053823
v -0.137837 0.291247 0.053823
v -0.219560 0.304024 0.053823
v -0.093933 0.229822 0.123436
v -0.149859 0.268067 0.138438
v -0.215267 0.288989 0.123436
v -0.137187 0.081957 -0.026780
v -0.223981 0.121763 -0.065025
v -0.306986 0.156356 -0.026780
v -0.331950 0.165581 0.053823
v -0.306986 0.156356 0.134291
v -0.223981 0.121763 0.172131
v -0.137187 0.081957 0.134291
v -0.111626 0.068194 0.053823
v -0.237615 0.027915 -0.015932
v -0.109155 0.125657 -0.031565
v -0.199973 0.167323 -0.070958
v -0.298531 0.058074 -0.015932
v -0.323978 0.069448 0.017910
v -0.289543 0.206241 -0.031565
v -0.316594 0.218258 0.053823
v -0.323978 0.069448 0.089702
v -0.298531 0.058074 0.123158
v -0.289543 0.206241 0.140059
v -0.199973 0.167323 0.181998
v -0.237615 0.027915 0.123158
v -0.209189 0.012752 0.089702
v -0.109155 0.125657 0.140059
v -0.081436 0.112067 0.053823
v -0.282787 0.019942 0.092798
v -0.090737 0.205699 -0.024832
v -0.162609 0.242482 -0.053663
v -0.237463 0.276114 -0.024832
v -0.066790 0.197947 0.053823
v -0.141132 0.285028 0.008669
v -0.258111 0.290765 0.053823
v -0.090737 0.205699 0.133742
v -0.162609 0.242482 0.166280
v -0.237463 0.276114 0.133742
v -0.132026 0.186576 0.169596
v -0.132026 0.186576 -0.057319
v -0.141132 0.285028 0.099195
v -0.218289 0.299116 0.012552
v -0.226991 0.230585 0.169596
v -0.218289 0.299116 0.095198
v -0.115626 0.247775 0.133590
v -0.226991 0.230585 -0.057319
v -0.103747 0.266981 0.053823
v -0.252151 0.003392 0.053823
v -0.073455 0.159485 0.099836
v -0.187184 0.282761 0.133590
v -0.209189 0.012752 0.017910
v -0.285483 0.258921 0.008011
v -0.282787 0.019942 0.014776
v -0.073455 0.159485 0.008011
v -0.177987 0.303947 0.053823
v -0.115626 0.247775 -0.024663
v -0.083947 0.233069 0.095198
v -0.285483 0.258921 0.099836
v -0.083947 0.233069 0.012552
v -0.187184 0.282761 -0.024663
v -0.311546 0.034586 0.053823
v -0.176777 0.045035 -0.017562
v -0.249499 0.076839 -0.047672
v -0.314742 0.107866 -0.017562
v -0.335391 0.112747 0.053823
v -0.314742 0.107866 0.124844
v -0.249499 0.076839 0.153889
v -0.176777 0.045035 0.124844
v -0.157919 0.031215 0.053823
v -0.116946 0.071394 0.011032
v -0.116946 0.071394 0.096597
v -0.175754 0.100179 0.161576
v -0.270725 0.141655 0.161576
v -0.326517 0.163736 0.096597
v -0.326517 0.163736 0.011032
v -0.270725 0.141655 -0.054319
v -0.175754 0.100179 -0.054319
v -0.149391 0.144433 -0.060057
v -0.250111 0.189244 -0.060057
v -0.122202 0.221980 -0.046380
v -0.204408 0.261298 -0.046380
v -0.310745 0.215577 0.008311
v -0.310745 0.215577 0.099440
v -0.253854 0.286730 0.010395
v -0.253854 0.286730 0.097411
v -0.250111 0.189244 0.170142
v -0.149391 0.144433 0.170142
v -0.204408 0.261298 0.157604
v -0.122202 0.221980 0.157604
v -0.087439 0.115129 0.099440
v -0.087439 0.115129 0.008311
v -0.072549 0.199112 0.097411
v -0.072549 0.199112 0.010395
v -0.249858 0.009328 0.091301
v -0.307798 0.039516 0.091301
v -0.249858 0.009328 0.016291
v -0.307798 0.039516 0.016291
v -0.107729 0.262270 0.010400
v -0.179693 0.297950 0.010400
v -0.107729 0.262270 0.097408
v -0.179693 0.297950 0.097408
v -0.161595 0.034860 0.015097
v -0.161595 0.034860 0.092502
v -0.209331 0.059261 0.146124
v -0.286693 0.094501 0.146124
v -0.330549 0.112251 0.092502
v -0.330549 0.112251 0.015097
v -0.286693 0.094501 -0.039507
v -0.209331 0.059261 -0.039507
vt 0.027757 0.946779
vt 0.038517 0.939593
vt 0.045308 0.949090
vt 0.034934 0.957659
vt 0.048423 0.931584
vt 0.055296 0.940684
vt 0.061570 0.948648
vt 0.052361 0.956595
vt 0.043399 0.965634
vt 0.057415 0.923055
vt 0.064942 0.932115
vt 0.065647 0.913818
vt 0.074797 0.923407
vt 0.081546 0.933818
vt 0.071027 0.940960
vt 0.058990 0.962947
vt 0.051683 0.971275
vt 0.067327 0.955878
vt 0.073632 0.963857
vt 0.064940 0.970246
vt 0.058090 0.974959
vt 0.075978 0.949084
vt 0.085671 0.943593
vt 0.087912 0.950978
vt 0.081795 0.956730
vt 0.073463 0.903380
vt 0.085486 0.914564
vt 0.082244 0.889207
vt 0.097156 0.905347
vt 0.112068 0.921487
vt 0.094216 0.927564
vt 0.862251 0.262340
vt 0.870886 0.276627
vt 0.858691 0.287706
vt 0.847028 0.278330
vt 0.878650 0.287134
vt 0.869388 0.296646
vt 0.862489 0.307043
vt 0.849745 0.300675
vt 0.831805 0.294320
vt 0.097735 0.940640
vt 0.112068 0.938989
vt 0.112068 0.956491
vt 0.096864 0.953012
vt 0.846018 0.313854
vt 0.831555 0.312052
vt 0.858191 0.316899
vt 0.855825 0.324374
vt 0.846743 0.326386
vt 0.831304 0.329784
vt 0.878650 0.287134
vt 0.886856 0.296393
vt 0.879265 0.305373
vt 0.895816 0.304943
vt 0.888913 0.313962
vt 0.882569 0.321908
vt 0.873077 0.314201
vt 0.905666 0.313012
vt 0.898860 0.322458
vt 0.916380 0.320270
vt 0.909197 0.331144
vt 0.900701 0.339152
vt 0.891759 0.329963
vt 0.867967 0.322423
vt 0.876669 0.329253
vt 0.870189 0.337404
vt 0.861971 0.330198
vt 0.885018 0.336428
vt 0.892330 0.344891
vt 0.885837 0.348663
vt 0.878937 0.343887
vt 0.928184 0.326664
vt 0.919992 0.340400
vt 0.943835 0.334740
vt 0.931425 0.350487
vt 0.919015 0.366233
vt 0.909421 0.350484
vt 0.000315 0.961221
vt 0.015952 0.953131
vt 0.024155 0.966830
vt 0.012777 0.976861
vt 0.034710 0.976843
vt 0.025239 0.992500
vt 0.897874 0.356211
vt 0.902777 0.369970
vt 0.886539 0.373707
vt 0.886012 0.357984
vt 0.046166 0.982463
vt 0.041319 0.996095
vt 0.057900 0.984160
vt 0.057399 0.999689
vt 0.923456 0.296645
vt 0.917893 0.290658
vt 0.925749 0.282006
vt 0.931149 0.293359
vt 0.910544 0.284324
vt 0.917892 0.273986
vt 0.926145 0.261573
vt 0.934990 0.274047
vt 0.943835 0.286520
vt 0.903250 0.278898
vt 0.908857 0.268904
vt 0.897180 0.275145
vt 0.898281 0.266955
vt 0.901053 0.253707
vt 0.913599 0.257640
vt 0.000311 0.912948
vt 0.009256 0.900435
vt 0.018499 0.908467
vt 0.013031 0.919829
vt 0.018202 0.887923
vt 0.026438 0.900442
vt 0.033763 0.910850
vt 0.026345 0.917173
vt 0.020732 0.923144
vt 0.030847 0.884045
vt 0.035547 0.895376
vt 0.043492 0.880166
vt 0.046167 0.893478
vt 0.047217 0.901691
vt 0.041114 0.905430
vt 0.070046 0.980846
vt 0.081648 0.974129
vt 0.092848 0.988561
vt 0.075123 0.994125
vt 0.090860 0.964314
vt 0.102458 0.972526
vt 0.868575 0.368060
vt 0.873731 0.354636
vt 0.850612 0.362413
vt 0.862011 0.347816
vt 0.840958 0.346099
vt 0.852734 0.337854
vt 0.012390 0.936001
vt 0.000313 0.937084
vt 0.023072 0.933521
vt 0.931755 0.309526
vt 0.921087 0.307015
vt 0.943835 0.310630
vt 0.911707 0.301601
vt 0.903130 0.294812
vt 0.895458 0.287706
vt 0.889180 0.279761
vt 0.884969 0.269786
vt 0.881652 0.258023
vt 0.059463 0.896414
vt 0.055187 0.906363
vt 0.062868 0.884687
vt 0.048864 0.914296
vt 0.041143 0.921391
vt 0.032502 0.928147
vn 0.5129 -0.5390 -0.6681
vn 0.2312 -0.3716 -0.8991
vn 0.3268 -0.1876 -0.9263
vn 0.6394 -0.3349 -0.6921
vn -0.0901 -0.1961 -0.9764
vn -0.0074 -0.0176 -0.9998
vn 0.0851 0.1805 -0.9799
vn 0.4086 0.0284 -0.9122
vn 0.7293 -0.0956 -0.6775
vn -0.4336 -0.0287 -0.9006
vn -0.3530 0.1445 -0.9243
vn -0.7493 0.0984 -0.6549
vn -0.6736 0.2845 -0.6821
vn -0.5460 0.4931 -0.6772
vn -0.2387 0.3334 -0.9120
vn 0.4850 0.3028 -0.8204
vn 0.7730 0.1801 -0.6082
vn 0.2122 0.4415 -0.8718
vn 0.3460 0.7077 -0.6159
vn 0.5711 0.5798 -0.5810
vn 0.7569 0.4353 -0.4874
vn -0.0667 0.5632 -0.8236
vn -0.3439 0.7103 -0.6141
vn -0.1210 0.8608 -0.4943
vn 0.1070 0.8039 -0.5850
vn -0.9378 0.1631 -0.3065
vn -0.8699 0.3720 -0.3239
vn -0.9843 0.1767 0.0000
vn -0.9188 0.3948 -0.0001
vn -0.7715 0.6362 -0.0002
vn -0.7291 0.6047 -0.3206
vn -0.9382 0.1616 0.3060
vn -0.8719 0.3705 0.3203
vn -0.7530 0.0887 0.6519
vn -0.6890 0.2747 0.6706
vn -0.5630 0.4981 0.6594
vn -0.7311 0.6053 0.3148
vn -0.4826 0.8289 -0.2828
vn -0.5017 0.8650 -0.0002
vn -0.1594 0.9872 -0.0002
vn -0.1503 0.9567 -0.2493
vn -0.4828 0.8307 0.2771
vn -0.3507 0.7263 0.5911
vn -0.1228 0.8718 0.4741
vn -0.1504 0.9579 0.2447
vn -0.4448 -0.0543 0.8940
vn -0.3864 0.1132 0.9153
vn -0.1058 -0.2309 0.9672
vn -0.0320 -0.0714 0.9969
vn 0.0801 0.1690 0.9823
vn -0.2695 0.3389 0.9014
vn 0.2195 -0.3969 0.8912
vn 0.3246 -0.2344 0.9163
vn 0.5081 -0.5482 0.6643
vn 0.6418 -0.3537 0.6804
vn 0.7439 -0.1062 0.6597
vn 0.4327 0.0073 0.9015
vn -0.0761 0.5997 0.7966
vn 0.2276 0.4736 0.8508
vn 0.3550 0.7262 0.5887
vn 0.1062 0.8223 0.5591
vn 0.5193 0.3183 0.7931
vn 0.7897 0.1848 0.5850
vn 0.7665 0.4405 0.4673
vn 0.5859 0.5904 0.5550
vn 0.6889 -0.6501 0.3206
vn 0.8443 -0.4217 0.3306
vn 0.7343 -0.6788 0.0000
vn 0.8986 -0.4387 -0.0002
vn 0.9868 -0.1622 -0.0002
vn 0.9362 -0.1546 0.3154
vn 0.6898 -0.6488 -0.3211
vn 0.8442 -0.4190 -0.3342
vn 0.9345 -0.1533 -0.3213
vn 0.9508 0.1462 0.2732
vn 0.9885 0.1514 -0.0002
vn 0.8807 0.4736 -0.0002
vn 0.8515 0.4653 0.2416
vn 0.9492 0.1452 -0.2789
vn 0.8506 0.4646 -0.2462
vn 0.2105 -0.8039 0.5562
vn -0.0367 -0.7420 0.6694
vn -0.1053 -0.9348 0.3390
vn 0.2402 -0.9284 0.2833
vn -0.3139 -0.6185 0.7203
vn -0.4331 -0.8205 0.3730
vn -0.4711 -0.8821 0.0001
vn -0.1060 -0.9944 0.0001
vn 0.2579 -0.9662 0.0001
vn -0.5889 -0.4570 0.6665
vn -0.7197 -0.6092 0.3331
vn -0.7967 -0.2764 0.5374
vn -0.9098 -0.3126 0.2729
vn -0.9488 -0.3158 0.0001
vn -0.7720 -0.6356 0.0001
vn -0.1050 -0.9358 -0.3365
vn 0.2405 -0.9289 -0.2815
vn -0.4336 -0.8215 -0.3703
vn -0.3169 -0.6243 -0.7139
vn -0.0357 -0.7482 -0.6625
vn 0.2120 -0.8078 -0.5500
vn -0.7206 -0.6094 -0.3306
vn -0.9103 -0.3126 -0.2712
vn -0.8006 -0.2772 -0.5312
vn -0.5945 -0.4596 -0.6597
vn 0.6532 0.7060 -0.2736
vn 0.4237 0.8551 -0.2987
vn 0.4457 0.8952 -0.0003
vn 0.6881 0.7255 -0.0002
vn 0.1647 0.9470 -0.2758
vn 0.1625 0.9867 -0.0002
vn 0.6550 0.7065 0.2678
vn 0.4246 0.8570 0.2919
vn 0.1641 0.9488 0.2700
vn 0.5019 -0.8153 -0.2885
vn 0.5263 -0.8503 0.0000
vn 0.3657 -0.6955 -0.6184
vn 0.5015 -0.8151 0.2898
vn 0.3622 -0.6940 0.6222
vn 0.1018 -0.5333 0.8397
vn -0.1855 -0.3875 0.9030
vn -0.4889 -0.2261 0.8425
vn -0.7864 -0.0914 0.6109
vn -0.9598 -0.0449 0.2768
vn -0.9990 -0.0454 0.0000
vn -0.9602 -0.0446 -0.2756
vn -0.7898 -0.0891 -0.6068
vn -0.4950 -0.2226 -0.8399
vn -0.1856 -0.3868 -0.9033
vn 0.1076 -0.5361 -0.8373
usemtl Mikey
s 1
f 1123/1233/1097 1194/1234/1098 1195/1235/1099 1132/1236/1100
f 1194/1234/1098 1124/1237/1101 1133/1238/1102 1195/1235/1099
f 1195/1235/1099 1133/1238/1102 1100/1239/1103 1157/1240/1104
f 1132/1236/1100 1195/1235/1099 1157/1240/1104 1099/1241/1105
f 1124/1237/1101 1193/1242/1106 1196/1243/1107 1133/1238/1102
f 1193/1242/1106 1125/1244/1108 1136/1245/1109 1196/1243/1107
f 1196/1243/1107 1136/1245/1109 1103/1246/1110 1163/1247/1111
f 1133/1238/1102 1196/1243/1107 1163/1247/1111 1100/1239/1103
f 1099/1241/1105 1157/1240/1104 1197/1248/1112 1147/1249/1113
f 1157/1240/1104 1100/1239/1103 1148/1250/1114 1197/1248/1112
f 1197/1248/1112 1148/1250/1114 1115/1251/1115 1173/1252/1116
f 1147/1249/1113 1197/1248/1112 1173/1252/1116 1114/1253/1117
f 1100/1239/1103 1163/1247/1111 1198/1254/1118 1148/1250/1114
f 1163/1247/1111 1103/1246/1110 1149/1255/1119 1198/1254/1118
f 1198/1254/1118 1149/1255/1119 1116/1256/1120 1177/1257/1121
f 1148/1250/1114 1198/1254/1118 1177/1257/1121 1115/1251/1115
f 1125/1244/1108 1192/1258/1122 1199/1259/1123 1136/1245/1109
f 1192/1258/1122 1126/1260/1124 1137/1261/1125 1199/1259/1123
f 1199/1259/1123 1137/1261/1125 1104/1262/1126 1169/1263/1127
f 1136/1245/1109 1199/1259/1123 1169/1263/1127 1103/1246/1110
f 1126/1264/1124 1191/1265/1128 1200/1266/1129 1137/1267/1125
f 1191/1265/1128 1127/1268/1130 1140/1269/1131 1200/1266/1129
f 1200/1266/1129 1140/1269/1131 1107/1270/1132 1175/1271/1133
f 1137/1267/1125 1200/1266/1129 1175/1271/1133 1104/1272/1126
f 1103/1246/1110 1169/1263/1127 1201/1273/1134 1149/1255/1119
f 1169/1263/1127 1104/1262/1126 1152/1274/1135 1201/1273/1134
f 1201/1273/1134 1152/1274/1135 1119/1275/1136 1159/1276/1137
f 1149/1255/1119 1201/1273/1134 1159/1276/1137 1116/1256/1120
f 1104/1272/1126 1175/1271/1133 1202/1277/1138 1152/1278/1135
f 1175/1271/1133 1107/1270/1132 1155/1279/1139 1202/1277/1138
f 1202/1277/1138 1155/1279/1139 1122/1280/1140 1161/1281/1141
f 1152/1278/1135 1202/1277/1138 1161/1281/1141 1119/1282/1136
f 1127/1283/1130 1190/1284/1142 1203/1285/1143 1140/1269/1131
f 1190/1284/1142 1128/1286/1144 1141/1287/1145 1203/1285/1143
f 1203/1285/1143 1141/1287/1145 1108/1288/1146 1160/1289/1147
f 1140/1269/1131 1203/1285/1143 1160/1289/1147 1107/1270/1132
f 1128/1286/1144 1189/1290/1148 1204/1291/1149 1141/1287/1145
f 1189/1290/1148 1129/1292/1150 1144/1293/1151 1204/1291/1149
f 1204/1291/1149 1144/1293/1151 1111/1294/1152 1156/1295/1153
f 1141/1287/1145 1204/1291/1149 1156/1295/1153 1108/1288/1146
f 1107/1270/1132 1160/1289/1147 1205/1296/1154 1155/1279/1139
f 1160/1289/1147 1108/1288/1146 1154/1297/1155 1205/1296/1154
f 1205/1296/1154 1154/1297/1155 1121/1298/1156 1167/1299/1157
f 1155/1279/1139 1205/1296/1154 1167/1299/1157 1122/1280/1140
f 1108/1288/1146 1156/1295/1153 1206/1300/1158 1154/1297/1155
f 1156/1295/1153 1111/1294/1152 1153/1301/1159 1206/1300/1158
f 1206/1300/1158 1153/1301/1159 1120/1302/1160 1162/1303/1161
f 1154/1297/1155 1206/1300/1158 1162/1303/1161 1121/1298/1156
f 1129/1292/1150 1188/1304/1162 1207/1305/1163 1144/1293/1151
f 1188/1304/1162 1130/1306/1164 1145/1307/1165 1207/1305/1163
f 1207/1305/1163 1145/1307/1165 1112/1308/1166 1166/1309/1167
f 1144/1293/1151 1207/1305/1163 1166/1309/1167 1111/1294/1152
f 1130/1310/1164 1187/1311/1168 1208/1312/1169 1145/1313/1165
f 1187/1311/1168 1123/1233/1097 1132/1236/1100 1208/1312/1169
f 1208/1312/1169 1132/1236/1100 1099/1241/1105 1171/1314/1170
f 1145/1313/1165 1208/1312/1169 1171/1314/1170 1112/1315/1166
f 1111/1294/1152 1166/1309/1167 1209/1316/1171 1153/1301/1159
f 1166/1309/1167 1112/1308/1166 1150/1317/1172 1209/1316/1171
f 1209/1316/1171 1150/1317/1172 1117/1318/1173 1174/1319/1174
f 1153/1301/1159 1209/1316/1171 1174/1319/1174 1120/1302/1160
f 1112/1315/1166 1171/1314/1170 1210/1320/1175 1150/1321/1172
f 1171/1314/1170 1099/1241/1105 1147/1249/1113 1210/1320/1175
f 1210/1320/1175 1147/1249/1113 1114/1253/1117 1176/1322/1176
f 1150/1321/1172 1210/1320/1175 1176/1322/1176 1117/1323/1173
f 1109/1324/1177 1142/1325/1178 1211/1326/1179 1143/1327/1180
f 1142/1325/1178 1106/1328/1181 1146/1329/1182 1211/1326/1179
f 1211/1326/1179 1146/1329/1182 1113/1330/1183 1165/1331/1184
f 1143/1327/1180 1211/1326/1179 1165/1331/1184 1110/1332/1185
f 1106/1328/1181 1139/1333/1186 1212/1334/1187 1146/1329/1182
f 1139/1333/1186 1105/1335/1188 1138/1336/1189 1212/1334/1187
f 1212/1334/1187 1138/1336/1189 1102/1337/1190 1178/1338/1191
f 1146/1329/1182 1212/1334/1187 1178/1338/1191 1113/1330/1183
f 1110/1339/1185 1165/1340/1184 1213/1341/1192 1168/1342/1193
f 1165/1340/1184 1113/1343/1183 1170/1344/1194 1213/1341/1192
f 1213/1341/1192 1170/1344/1194 1098/1345/1195 1131/1346/1196
f 1168/1342/1193 1213/1341/1192 1131/1346/1196 1097/1347/1197
f 1113/1343/1183 1178/1348/1191 1214/1349/1198 1170/1344/1194
f 1178/1348/1191 1102/1350/1190 1135/1351/1199 1214/1349/1198
f 1214/1349/1198 1135/1351/1199 1101/1352/1200 1134/1353/1201
f 1170/1344/1194 1214/1349/1198 1134/1353/1201 1098/1345/1195
f 1114/1253/1117 1173/1252/1116 1215/1354/1202 1176/1322/1176
f 1173/1252/1116 1115/1251/1115 1151/1355/1203 1215/1354/1202
f 1215/1354/1202 1151/1355/1203 1118/1356/1204 1164/1357/1205
f 1176/1322/1176 1215/1354/1202 1164/1357/1205 1117/1323/1173
f 1115/1251/1115 1177/1257/1121 1216/1358/1206 1151/1355/1203
f 1177/1257/1121 1116/1256/1120 1159/1276/1137 1216/1358/1206
f 1216/1358/1206 1159/1276/1137 1119/1275/1136 1172/1359/1207
f 1151/1355/1203 1216/1358/1206 1172/1359/1207 1118/1356/1204
f 1117/1318/1173 1164/1360/1205 1217/1361/1208 1174/1319/1174
f 1164/1360/1205 1118/1362/1204 1158/1363/1209 1217/1361/1208
f 1217/1361/1208 1158/1363/1209 1121/1298/1156 1162/1303/1161
f 1174/1319/1174 1217/1361/1208 1162/1303/1161 1120/1302/1160
f 1118/1362/1204 1172/1364/1207 1218/1365/1210 1158/1363/1209
f 1172/1364/1207 1119/1282/1136 1161/1281/1141 1218/1365/1210
f 1218/1365/1210 1161/1281/1141 1122/1280/1140 1167/1299/1157
f 1158/1363/1209 1218/1365/1210 1167/1299/1157 1121/1298/1156
f 1110/1339/1185 1168/1342/1193 1219/1366/1211 1186/1367/1212
f 1168/1342/1193 1097/1347/1197 1179/1368/1213 1219/1366/1211
f 1219/1366/1211 1179/1368/1213 1123/1233/1097 1187/1311/1168
f 1186/1367/1212 1219/1366/1211 1187/1311/1168 1130/1310/1164
f 1109/1324/1177 1143/1327/1180 1220/1369/1214 1185/1370/1215
f 1143/1327/1180 1110/1332/1185 1186/1371/1212 1220/1369/1214
f 1220/1369/1214 1186/1371/1212 1130/1306/1164 1188/1304/1162
f 1185/1370/1215 1220/1369/1214 1188/1304/1162 1129/1292/1150
f 1106/1328/1181 1142/1325/1178 1221/1372/1216 1184/1373/1217
f 1142/1325/1178 1109/1324/1177 1185/1370/1215 1221/1372/1216
f 1221/1372/1216 1185/1370/1215 1129/1292/1150 1189/1290/1148
f 1184/1373/1217 1221/1372/1216 1189/1290/1148 1128/1286/1144
f 1105/1335/1188 1139/1333/1186 1222/1374/1218 1183/1375/1219
f 1139/1333/1186 1106/1328/1181 1184/1373/1217 1222/1374/1218
f 1222/1374/1218 1184/1373/1217 1128/1286/1144 1190/1284/1142
f 1183/1375/1219 1222/1374/1218 1190/1284/1142 1127/1268/1130
f 1102/1337/1190 1138/1336/1189 1223/1376/1220 1182/1377/1221
f 1138/1336/1189 1105/1335/1188 1183/1375/1219 1223/1376/1220
f 1223/1376/1220 1183/1375/1219 1127/1268/1130 1191/1265/1128
f 1182/1377/1221 1223/1376/1220 1191/1265/1128 1126/1264/1124
f 1101/1352/1200 1135/1351/1199 1224/1378/1222 1181/1379/1223
f 1135/1351/1199 1102/1350/1190 1182/1380/1221 1224/1378/1222
f 1224/1378/1222 1182/1380/1221 1126/1260/1124 1192/1258/1122
f 1181/1379/1223 1224/1378/1222 1192/1258/1122 1125/1244/1108
f 1098/1345/1195 1134/1353/1201 1225/1381/1224 1180/1382/1225
f 1134/1353/1201 1101/1352/1200 1181/1379/1223 1225/1381/1224
f 1225/1381/1224 1181/1379/1223 1125/1244/1108 1193/1242/1106
f 1180/1382/1225 1225/1381/1224 1193/1242/1106 1124/1237/1101
f 1097/1347/1197 1131/1346/1196 1226/1383/1226 1179/1368/1213
f 1131/1346/1196 1098/1345/1195 1180/1382/1225 1226/1383/1226
f 1226/1383/1226 1180/1382/1225 1124/1237/1101 1194/1234/1098
f 1179/1368/1213 1226/1383/1226 1194/1234/1098 1123/1233/1097
o Left_Leg.002_Roundcube.007
v 0.189476 0.024282 -0.007092
v 0.251443 0.040609 -0.020279
v 0.075072 0.168960 -0.031086
v 0.159913 0.208682 -0.066802
v 0.295744 0.075636 -0.007092
v 0.308679 0.067229 0.053823
v 0.245596 0.248338 -0.031086
v 0.271775 0.262293 0.053823
v 0.295744 0.075636 0.114522
v 0.251443 0.040609 0.127351
v 0.245596 0.248338 0.140342
v 0.159913 0.208682 0.180890
v 0.189476 0.024282 0.114522
v 0.189365 0.007977 0.053823
v 0.075072 0.168960 0.140342
v 0.047937 0.156882 0.053823
v 0.266870 0.013741 0.053823
v 0.074553 0.229822 -0.015132
v 0.130480 0.268067 -0.029038
v 0.195888 0.288989 -0.015132
v 0.059793 0.234738 0.053823
v 0.118458 0.291247 0.053823
v 0.200180 0.304024 0.053823
v 0.074553 0.229822 0.123436
v 0.130480 0.268067 0.138438
v 0.195888 0.288989 0.123436
v 0.117808 0.081957 -0.026780
v 0.204602 0.121763 -0.065025
v 0.287606 0.156356 -0.026780
v 0.312571 0.165581 0.053823
v 0.287606 0.156356 0.134291
v 0.204602 0.121763 0.172131
v 0.117808 0.081957 0.134291
v 0.092247 0.068194 0.053823
v 0.218236 0.027915 -0.015932
v 0.089775 0.125657 -0.031565
v 0.180593 0.167323 -0.070958
v 0.279151 0.058074 -0.015932
v 0.304599 0.069448 0.017910
v 0.270164 0.206241 -0.031565
v 0.297215 0.218258 0.053823
v 0.304599 0.069448 0.089702
v 0.279151 0.058074 0.123158
v 0.270164 0.206241 0.140059
v 0.180593 0.167323 0.181998
v 0.218236 0.027915 0.123158
v 0.189810 0.012752 0.089702
v 0.089775 0.125657 0.140059
v 0.062056 0.112067 0.053823
v 0.263407 0.019942 0.092798
v 0.071357 0.205699 -0.024832
v 0.143229 0.242482 -0.053663
v 0.218084 0.276114 -0.024832
v 0.047410 0.197947 0.053823
v 0.121753 0.285028 0.008669
v 0.238732 0.290765 0.053823
v 0.071357 0.205699 0.133742
v 0.143229 0.242482 0.166280
v 0.218084 0.276114 0.133742
v 0.112647 0.186576 0.169596
v 0.112647 0.186576 -0.057319
v 0.121753 0.285028 0.099195
v 0.198909 0.299116 0.012552
v 0.207612 0.230585 0.169596
v 0.198909 0.299116 0.095198
v 0.096246 0.247775 0.133590
v 0.207612 0.230585 -0.057319
v 0.084367 0.266981 0.053823
v 0.232772 0.003392 0.053823
v 0.054075 0.159485 0.099836
v 0.167805 0.282761 0.133590
v 0.189810 0.012752 0.017910
v 0.266104 0.258921 0.008011
v 0.263407 0.019942 0.014776
v 0.054075 0.159485 0.008011
v 0.158608 0.303947 0.053823
v 0.096246 0.247775 -0.024663
v 0.064567 0.233069 0.095198
v 0.266104 0.258921 0.099836
v 0.064567 0.233069 0.012552
v 0.167805 0.282761 -0.024663
v 0.292166 0.034586 0.053823
v 0.157397 0.045035 -0.017562
v 0.230119 0.076839 -0.047672
v 0.295363 0.107866 -0.017562
v 0.316011 0.112747 0.053823
v 0.295363 0.107866 0.124844
v 0.230119 0.076839 0.153889
v 0.157397 0.045035 0.124844
v 0.138540 0.031215 0.053823
v 0.097567 0.071394 0.011032
v 0.097567 0.071394 0.096597
v 0.156374 0.100179 0.161576
v 0.251346 0.141655 0.161576
v 0.307138 0.163736 0.096597
v 0.307138 0.163736 0.011032
v 0.251346 0.141655 -0.054319
v 0.156374 0.100179 -0.054319
v 0.130012 0.144433 -0.060057
v 0.230731 0.189244 -0.060057
v 0.102823 0.221980 -0.046380
v 0.185028 0.261298 -0.046380
v 0.291365 0.215577 0.008311
v 0.291365 0.215577 0.099440
v 0.234474 0.286730 0.010395
v 0.234474 0.286730 0.097411
v 0.230731 0.189244 0.170142
v 0.130012 0.144433 0.170142
v 0.185028 0.261298 0.157604
v 0.102823 0.221980 0.157604
v 0.068060 0.115129 0.099440
v 0.068060 0.115129 0.008311
v 0.053169 0.199112 0.097411
v 0.053169 0.199112 0.010395
v 0.230478 0.009328 0.091301
v 0.288418 0.039516 0.091301
v 0.230478 0.009328 0.016291
v 0.288418 0.039516 0.016291
v 0.088350 0.262270 0.010400
v 0.160314 0.297950 0.010400
v 0.088350 0.262270 0.097408
v 0.160314 0.297950 0.097408
v 0.142216 0.034860 0.015097
v 0.142216 0.034860 0.092502
v 0.189951 0.059261 0.146124
v 0.267313 0.094501 0.146124
v 0.311170 0.112251 0.092502
v 0.311170 0.112251 0.015097
v 0.267313 0.094501 -0.039507
v 0.189951 0.059261 -0.039507
vt 0.140136 0.933076
vt 0.147312 0.922196
vt 0.157686 0.930765
vt 0.150896 0.940263
vt 0.155777 0.914221
vt 0.164740 0.923260
vt 0.173948 0.931207
vt 0.167674 0.939171
vt 0.160801 0.948271
vt 0.177321 0.947740
vt 0.169793 0.956801
vt 0.183405 0.938895
vt 0.193925 0.946037
vt 0.187176 0.956449
vt 0.178026 0.966037
vt 0.164061 0.908581
vt 0.171368 0.916908
vt 0.170469 0.904897
vt 0.177318 0.909609
vt 0.186011 0.915998
vt 0.179705 0.923977
vt 0.188356 0.930771
vt 0.194173 0.923125
vt 0.200291 0.928878
vt 0.198050 0.936262
vt 0.197865 0.965291
vt 0.185842 0.976475
vt 0.206595 0.952291
vt 0.224446 0.958368
vt 0.209534 0.974508
vt 0.194623 0.990648
vt 0.862251 0.244452
vt 0.847028 0.228462
vt 0.858691 0.219086
vt 0.870887 0.230165
vt 0.831805 0.212472
vt 0.849746 0.206117
vt 0.862489 0.199749
vt 0.869388 0.210146
vt 0.878650 0.219658
vt 0.210113 0.939215
vt 0.209243 0.926844
vt 0.224446 0.923365
vt 0.224446 0.940867
vt 0.831555 0.194740
vt 0.846018 0.192938
vt 0.831304 0.177008
vt 0.846744 0.180406
vt 0.855825 0.182418
vt 0.858191 0.189893
vt 0.879265 0.201419
vt 0.886856 0.210399
vt 0.873078 0.192591
vt 0.882569 0.184884
vt 0.888913 0.192831
vt 0.895816 0.201849
vt 0.898860 0.184334
vt 0.905666 0.193780
vt 0.891759 0.176829
vt 0.900701 0.167640
vt 0.909197 0.175649
vt 0.916380 0.186522
vt 0.867967 0.184369
vt 0.861971 0.176594
vt 0.870189 0.169389
vt 0.876669 0.177539
vt 0.885018 0.170364
vt 0.878937 0.162905
vt 0.885837 0.158129
vt 0.892330 0.161901
vt 0.919993 0.166392
vt 0.928184 0.180128
vt 0.909421 0.156308
vt 0.919015 0.140559
vt 0.931425 0.156305
vt 0.943835 0.172052
vt 0.112694 0.918635
vt 0.125156 0.902995
vt 0.136534 0.913025
vt 0.128331 0.926724
vt 0.137618 0.887355
vt 0.147089 0.903012
vt 0.897874 0.150581
vt 0.886012 0.148808
vt 0.886539 0.133085
vt 0.902777 0.136822
vt 0.153698 0.883760
vt 0.158544 0.897392
vt 0.169777 0.880166
vt 0.170279 0.895695
vt 0.923456 0.210147
vt 0.931149 0.213433
vt 0.925749 0.224786
vt 0.917893 0.216134
vt 0.943835 0.220272
vt 0.934990 0.232746
vt 0.926145 0.245219
vt 0.917893 0.232806
vt 0.910544 0.222468
vt 0.908858 0.237888
vt 0.903250 0.227894
vt 0.913599 0.249152
vt 0.901053 0.253085
vt 0.898281 0.239837
vt 0.897180 0.231647
vt 0.112689 0.966907
vt 0.125410 0.960027
vt 0.130877 0.971389
vt 0.121635 0.979420
vt 0.133110 0.956711
vt 0.138723 0.962683
vt 0.146141 0.969005
vt 0.138816 0.979413
vt 0.130580 0.991933
vt 0.147925 0.984479
vt 0.143226 0.995811
vt 0.153492 0.974426
vt 0.159596 0.978164
vt 0.158545 0.986377
vt 0.155871 0.999689
vt 0.182425 0.899010
vt 0.187502 0.885730
vt 0.205227 0.891294
vt 0.194027 0.905726
vt 0.203238 0.915541
vt 0.214836 0.907329
vt 0.873731 0.152156
vt 0.868575 0.138732
vt 0.862012 0.158976
vt 0.850612 0.144379
vt 0.852734 0.168938
vt 0.840958 0.160693
vt 0.112692 0.942771
vt 0.124768 0.943854
vt 0.135450 0.946335
vt 0.921087 0.199777
vt 0.931755 0.197266
vt 0.943835 0.196162
vt 0.903130 0.211980
vt 0.911707 0.205191
vt 0.889180 0.227031
vt 0.895458 0.219087
vt 0.881652 0.248769
vt 0.884969 0.237006
vt 0.167566 0.973492
vt 0.171842 0.983441
vt 0.175247 0.995168
vt 0.153522 0.958465
vt 0.161242 0.965559
vt 0.144881 0.951709
vn -0.5129 -0.5390 -0.6681
vn -0.6394 -0.3349 -0.6921
vn -0.3268 -0.1876 -0.9263
vn -0.2312 -0.3716 -0.8991
vn -0.7293 -0.0956 -0.6775
vn -0.4086 0.0284 -0.9122
vn -0.0851 0.1805 -0.9799
vn 0.0074 -0.0176 -0.9998
vn 0.0901 -0.1961 -0.9764
vn 0.3530 0.1445 -0.9243
vn 0.4336 -0.0287 -0.9006
vn 0.2387 0.3334 -0.9120
vn 0.5460 0.4931 -0.6772
vn 0.6736 0.2845 -0.6821
vn 0.7493 0.0984 -0.6549
vn -0.7730 0.1801 -0.6082
vn -0.4850 0.3028 -0.8204
vn -0.7569 0.4353 -0.4874
vn -0.5711 0.5798 -0.5810
vn -0.3460 0.7077 -0.6159
vn -0.2122 0.4415 -0.8718
vn 0.0667 0.5632 -0.8236
vn -0.1070 0.8039 -0.5850
vn 0.1210 0.8608 -0.4943
vn 0.3439 0.7103 -0.6141
vn 0.8699 0.3720 -0.3239
vn 0.9378 0.1631 -0.3065
vn 0.7291 0.6047 -0.3206
vn 0.7715 0.6362 -0.0002
vn 0.9188 0.3948 -0.0001
vn 0.9843 0.1767 0.0000
vn 0.8719 0.3705 0.3203
vn 0.9382 0.1616 0.3060
vn 0.7311 0.6053 0.3148
vn 0.5630 0.4981 0.6594
vn 0.6890 0.2747 0.6706
vn 0.7530 0.0887 0.6519
vn 0.4826 0.8289 -0.2828
vn 0.1503 0.9567 -0.2493
vn 0.1594 0.9872 -0.0002
vn 0.5017 0.8650 -0.0002
vn 0.4828 0.8307 0.2771
vn 0.1504 0.9579 0.2447
vn 0.1228 0.8718 0.4741
vn 0.3507 0.7263 0.5911
vn 0.3864 0.1132 0.9153
vn 0.4448 -0.0543 0.8940
vn 0.2695 0.3389 0.9014
vn -0.0801 0.1690 0.9823
vn 0.0320 -0.0714 0.9969
vn 0.1058 -0.2309 0.9672
vn -0.3246 -0.2344 0.9163
vn -0.2195 -0.3969 0.8912
vn -0.4327 0.0073 0.9015
vn -0.7439 -0.1062 0.6597
vn -0.6418 -0.3537 0.6804
vn -0.5081 -0.5482 0.6643
vn 0.0761 0.5997 0.7966
vn -0.1062 0.8223 0.5591
vn -0.3550 0.7262 0.5887
vn -0.2276 0.4736 0.8508
vn -0.5193 0.3183 0.7931
vn -0.5859 0.5904 0.5550
vn -0.7665 0.4405 0.4673
vn -0.7897 0.1848 0.5850
vn -0.8443 -0.4217 0.3306
vn -0.6889 -0.6501 0.3206
vn -0.9362 -0.1546 0.3154
vn -0.9868 -0.1622 -0.0002
vn -0.8986 -0.4387 -0.0002
vn -0.7343 -0.6788 0.0000
vn -0.8442 -0.4190 -0.3342
vn -0.6898 -0.6488 -0.3212
vn -0.9345 -0.1533 -0.3213
vn -0.9508 0.1462 0.2732
vn -0.8515 0.4653 0.2416
vn -0.8807 0.4736 -0.0002
vn -0.9885 0.1514 -0.0002
vn -0.9492 0.1452 -0.2789
vn -0.8506 0.4646 -0.2462
vn -0.2105 -0.8039 0.5562
vn -0.2402 -0.9284 0.2833
vn 0.1053 -0.9348 0.3390
vn 0.0367 -0.7420 0.6694
vn -0.2579 -0.9662 0.0001
vn 0.1060 -0.9944 0.0001
vn 0.4711 -0.8821 0.0001
vn 0.4331 -0.8205 0.3731
vn 0.3139 -0.6185 0.7203
vn 0.7197 -0.6092 0.3331
vn 0.5889 -0.4570 0.6665
vn 0.7720 -0.6356 0.0001
vn 0.9488 -0.3158 0.0001
vn 0.9098 -0.3126 0.2729
vn 0.7967 -0.2764 0.5374
vn -0.2405 -0.9289 -0.2815
vn 0.1050 -0.9358 -0.3365
vn -0.2120 -0.8078 -0.5500
vn 0.0357 -0.7482 -0.6625
vn 0.3169 -0.6243 -0.7139
vn 0.4336 -0.8215 -0.3703
vn 0.7206 -0.6094 -0.3306
vn 0.5945 -0.4596 -0.6597
vn 0.8006 -0.2772 -0.5312
vn 0.9103 -0.3126 -0.2712
vn -0.6532 0.7060 -0.2736
vn -0.6881 0.7255 -0.0002
vn -0.4457 0.8952 -0.0003
vn -0.4237 0.8551 -0.2987
vn -0.1647 0.9470 -0.2758
vn -0.1625 0.9867 -0.0002
vn -0.6550 0.7065 0.2678
vn -0.4246 0.8570 0.2919
vn -0.1641 0.9488 0.2700
vn -0.5263 -0.8503 0.0000
vn -0.5019 -0.8153 -0.2885
vn -0.3657 -0.6955 -0.6184
vn -0.3622 -0.6940 0.6222
vn -0.5015 -0.8151 0.2898
vn 0.1855 -0.3875 0.9030
vn -0.1018 -0.5333 0.8397
vn 0.7864 -0.0914 0.6109
vn 0.4889 -0.2261 0.8425
vn 0.9990 -0.0454 0.0000
vn 0.9598 -0.0449 0.2768
vn 0.7898 -0.0891 -0.6068
vn 0.9602 -0.0446 -0.2756
vn 0.1856 -0.3868 -0.9033
vn 0.4950 -0.2226 -0.8399
vn -0.1076 -0.5361 -0.8373
usemtl Mikey
s 1
f 1253/1384/1227 1262/1385/1228 1325/1386/1229 1324/1387/1230
f 1262/1385/1228 1229/1388/1231 1287/1389/1232 1325/1386/1229
f 1325/1386/1229 1287/1389/1232 1230/1390/1233 1263/1391/1234
f 1324/1387/1230 1325/1386/1229 1263/1391/1234 1254/1392/1235
f 1254/1392/1235 1263/1391/1234 1326/1393/1236 1323/1394/1237
f 1263/1391/1234 1230/1390/1233 1293/1395/1238 1326/1393/1236
f 1326/1393/1236 1293/1395/1238 1233/1396/1239 1266/1397/1240
f 1323/1394/1237 1326/1393/1236 1266/1397/1240 1255/1398/1241
f 1229/1388/1231 1277/1399/1242 1327/1400/1243 1287/1389/1232
f 1277/1399/1242 1244/1401/1244 1303/1402/1245 1327/1400/1243
f 1327/1400/1243 1303/1402/1245 1245/1403/1246 1278/1404/1247
f 1287/1389/1232 1327/1400/1243 1278/1404/1247 1230/1390/1233
f 1230/1390/1233 1278/1404/1247 1328/1405/1248 1293/1395/1238
f 1278/1404/1247 1245/1403/1246 1307/1406/1249 1328/1405/1248
f 1328/1405/1248 1307/1406/1249 1246/1407/1250 1279/1408/1251
f 1293/1395/1238 1328/1405/1248 1279/1408/1251 1233/1396/1239
f 1255/1398/1241 1266/1397/1240 1329/1409/1252 1322/1410/1253
f 1266/1397/1240 1233/1396/1239 1299/1411/1254 1329/1409/1252
f 1329/1409/1252 1299/1411/1254 1234/1412/1255 1267/1413/1256
f 1322/1410/1253 1329/1409/1252 1267/1413/1256 1256/1414/1257
f 1256/1415/1257 1267/1416/1256 1330/1417/1258 1321/1418/1259
f 1267/1416/1256 1234/1419/1255 1305/1420/1260 1330/1417/1258
f 1330/1417/1258 1305/1420/1260 1237/1421/1261 1270/1422/1262
f 1321/1418/1259 1330/1417/1258 1270/1422/1262 1257/1423/1263
f 1233/1396/1239 1279/1408/1251 1331/1424/1264 1299/1411/1254
f 1279/1408/1251 1246/1407/1250 1289/1425/1265 1331/1424/1264
f 1331/1424/1264 1289/1425/1265 1249/1426/1266 1282/1427/1267
f 1299/1411/1254 1331/1424/1264 1282/1427/1267 1234/1412/1255
f 1234/1419/1255 1282/1428/1267 1332/1429/1268 1305/1420/1260
f 1282/1428/1267 1249/1430/1266 1291/1431/1269 1332/1429/1268
f 1332/1429/1268 1291/1431/1269 1252/1432/1270 1285/1433/1271
f 1305/1420/1260 1332/1429/1268 1285/1433/1271 1237/1421/1261
f 1257/1423/1263 1270/1422/1262 1333/1434/1272 1320/1435/1273
f 1270/1422/1262 1237/1421/1261 1290/1436/1274 1333/1434/1272
f 1333/1434/1272 1290/1436/1274 1238/1437/1275 1271/1438/1276
f 1320/1435/1273 1333/1434/1272 1271/1438/1276 1258/1439/1277
f 1258/1439/1277 1271/1438/1276 1334/1440/1278 1319/1441/1279
f 1271/1438/1276 1238/1437/1275 1286/1442/1280 1334/1440/1278
f 1334/1440/1278 1286/1442/1280 1241/1443/1281 1274/1444/1282
f 1319/1441/1279 1334/1440/1278 1274/1444/1282 1259/1445/1283
f 1237/1421/1261 1285/1433/1271 1335/1446/1284 1290/1436/1274
f 1285/1433/1271 1252/1432/1270 1297/1447/1285 1335/1446/1284
f 1335/1446/1284 1297/1447/1285 1251/1448/1286 1284/1449/1287
f 1290/1436/1274 1335/1446/1284 1284/1449/1287 1238/1437/1275
f 1238/1437/1275 1284/1449/1287 1336/1450/1288 1286/1442/1280
f 1284/1449/1287 1251/1448/1286 1292/1451/1289 1336/1450/1288
f 1336/1450/1288 1292/1451/1289 1250/1452/1290 1283/1453/1291
f 1286/1442/1280 1336/1450/1288 1283/1453/1291 1241/1443/1281
f 1259/1445/1283 1274/1444/1282 1337/1454/1292 1318/1455/1293
f 1274/1444/1282 1241/1443/1281 1296/1456/1294 1337/1454/1292
f 1337/1454/1292 1296/1456/1294 1242/1457/1295 1275/1458/1296
f 1318/1455/1293 1337/1454/1292 1275/1458/1296 1260/1459/1297
f 1260/1460/1297 1275/1461/1296 1338/1462/1298 1317/1463/1299
f 1275/1461/1296 1242/1464/1295 1301/1465/1300 1338/1462/1298
f 1338/1462/1298 1301/1465/1300 1229/1388/1231 1262/1385/1228
f 1317/1463/1299 1338/1462/1298 1262/1385/1228 1253/1384/1227
f 1241/1443/1281 1283/1453/1291 1339/1466/1301 1296/1456/1294
f 1283/1453/1291 1250/1452/1290 1304/1467/1302 1339/1466/1301
f 1339/1466/1301 1304/1467/1302 1247/1468/1303 1280/1469/1304
f 1296/1456/1294 1339/1466/1301 1280/1469/1304 1242/1457/1295
f 1242/1464/1295 1280/1470/1304 1340/1471/1305 1301/1465/1300
f 1280/1470/1304 1247/1472/1303 1306/1473/1306 1340/1471/1305
f 1340/1471/1305 1306/1473/1306 1244/1401/1244 1277/1399/1242
f 1301/1465/1300 1340/1471/1305 1277/1399/1242 1229/1388/1231
f 1239/1474/1307 1273/1475/1308 1341/1476/1309 1272/1477/1310
f 1273/1475/1308 1240/1478/1311 1295/1479/1312 1341/1476/1309
f 1341/1476/1309 1295/1479/1312 1243/1480/1313 1276/1481/1314
f 1272/1477/1310 1341/1476/1309 1276/1481/1314 1236/1482/1315
f 1236/1482/1315 1276/1481/1314 1342/1483/1316 1269/1484/1317
f 1276/1481/1314 1243/1480/1313 1308/1485/1318 1342/1483/1316
f 1342/1483/1316 1308/1485/1318 1232/1486/1319 1268/1487/1320
f 1269/1484/1317 1342/1483/1316 1268/1487/1320 1235/1488/1321
f 1240/1489/1311 1298/1490/1322 1343/1491/1323 1295/1492/1312
f 1298/1490/1322 1227/1493/1324 1261/1494/1325 1343/1491/1323
f 1343/1491/1323 1261/1494/1325 1228/1495/1326 1300/1496/1327
f 1295/1492/1312 1343/1491/1323 1300/1496/1327 1243/1497/1313
f 1243/1497/1313 1300/1496/1327 1344/1498/1328 1308/1499/1318
f 1300/1496/1327 1228/1495/1326 1264/1500/1329 1344/1498/1328
f 1344/1498/1328 1264/1500/1329 1231/1501/1330 1265/1502/1331
f 1308/1499/1318 1344/1498/1328 1265/1502/1331 1232/1503/1319
f 1244/1401/1244 1306/1473/1306 1345/1504/1332 1303/1402/1245
f 1306/1473/1306 1247/1472/1303 1294/1505/1333 1345/1504/1332
f 1345/1504/1332 1294/1505/1333 1248/1506/1334 1281/1507/1335
f 1303/1402/1245 1345/1504/1332 1281/1507/1335 1245/1403/1246
f 1245/1403/1246 1281/1507/1335 1346/1508/1336 1307/1406/1249
f 1281/1507/1335 1248/1506/1334 1302/1509/1337 1346/1508/1336
f 1346/1508/1336 1302/1509/1337 1249/1426/1266 1289/1425/1265
f 1307/1406/1249 1346/1508/1336 1289/1425/1265 1246/1407/1250
f 1247/1468/1303 1304/1467/1302 1347/1510/1338 1294/1511/1333
f 1304/1467/1302 1250/1452/1290 1292/1451/1289 1347/1510/1338
f 1347/1510/1338 1292/1451/1289 1251/1448/1286 1288/1512/1339
f 1294/1511/1333 1347/1510/1338 1288/1512/1339 1248/1513/1334
f 1248/1513/1334 1288/1512/1339 1348/1514/1340 1302/1515/1337
f 1288/1512/1339 1251/1448/1286 1297/1447/1285 1348/1514/1340
f 1348/1514/1340 1297/1447/1285 1252/1432/1270 1291/1431/1269
f 1302/1515/1337 1348/1514/1340 1291/1431/1269 1249/1430/1266
f 1240/1489/1311 1316/1516/1341 1349/1517/1342 1298/1490/1322
f 1316/1516/1341 1260/1460/1297 1317/1463/1299 1349/1517/1342
f 1349/1517/1342 1317/1463/1299 1253/1384/1227 1309/1518/1343
f 1298/1490/1322 1349/1517/1342 1309/1518/1343 1227/1493/1324
f 1239/1474/1307 1315/1519/1344 1350/1520/1345 1273/1475/1308
f 1315/1519/1344 1259/1445/1283 1318/1455/1293 1350/1520/1345
f 1350/1520/1345 1318/1455/1293 1260/1459/1297 1316/1521/1341
f 1273/1475/1308 1350/1520/1345 1316/1521/1341 1240/1478/1311
f 1236/1482/1315 1314/1522/1346 1351/1523/1347 1272/1477/1310
f 1314/1522/1346 1258/1439/1277 1319/1441/1279 1351/1523/1347
f 1351/1523/1347 1319/1441/1279 1259/1445/1283 1315/1519/1344
f 1272/1477/1310 1351/1523/1347 1315/1519/1344 1239/1474/1307
f 1235/1488/1321 1313/1524/1348 1352/1525/1349 1269/1484/1317
f 1313/1524/1348 1257/1423/1263 1320/1435/1273 1352/1525/1349
f 1352/1525/1349 1320/1435/1273 1258/1439/1277 1314/1522/1346
f 1269/1484/1317 1352/1525/1349 1314/1522/1346 1236/1482/1315
f 1232/1486/1319 1312/1526/1350 1353/1527/1351 1268/1487/1320
f 1312/1526/1350 1256/1415/1257 1321/1418/1259 1353/1527/1351
f 1353/1527/1351 1321/1418/1259 1257/1423/1263 1313/1524/1348
f 1268/1487/1320 1353/1527/1351 1313/1524/1348 1235/1488/1321
f 1231/1501/1330 1311/1528/1352 1354/1529/1353 1265/1502/1331
f 1311/1528/1352 1255/1398/1241 1322/1410/1253 1354/1529/1353
f 1354/1529/1353 1322/1410/1253 1256/1414/1257 1312/1530/1350
f 1265/1502/1331 1354/1529/1353 1312/1530/1350 1232/1503/1319
f 1228/1495/1326 1310/1531/1354 1355/1532/1355 1264/1500/1329
f 1310/1531/1354 1254/1392/1235 1323/1394/1237 1355/1532/1355
f 1355/1532/1355 1323/1394/1237 1255/1398/1241 1311/1528/1352
f 1264/1500/1329 1355/1532/1355 1311/1528/1352 1231/1501/1330
f 1227/1493/1324 1309/1518/1343 1356/1533/1356 1261/1494/1325
f 1309/1518/1343 1253/1384/1227 1324/1387/1230 1356/1533/1356
f 1356/1533/1356 1324/1387/1230 1254/1392/1235 1310/1531/1354
f 1261/1494/1325 1356/1533/1356 1310/1531/1354 1228/1495/1326
o Head.002_Cube.002
v -0.339698 1.277519 0.423984
v -0.344078 1.293067 0.421841
v -0.335401 1.277519 0.415200
v -0.339781 1.293067 0.413057
v -0.302575 1.279095 0.440784
v -0.301548 1.290287 0.441286
v -0.299352 1.279095 0.434196
v -0.298325 1.290287 0.434698
v -0.381214 1.251118 0.394403
v -0.385512 1.251118 0.403187
v -0.397320 1.258448 0.397410
v -0.393023 1.258448 0.388626
v -0.390608 1.213895 0.394921
v -0.393831 1.213895 0.401509
v -0.403534 1.214851 0.396762
v -0.400311 1.214851 0.390174
v -0.401512 1.234092 0.386901
v -0.405809 1.234092 0.395685
v -0.392888 1.230171 0.402005
v -0.388591 1.230171 0.393222
v -0.313742 1.279967 0.425796
v -0.314238 1.295187 0.425553
v -0.318039 1.279967 0.434579
v -0.318535 1.295187 0.434337
v -0.360068 1.268026 0.403358
v -0.369075 1.280548 0.398951
v -0.373372 1.280548 0.407735
v -0.364365 1.268026 0.412141
v -0.336728 1.274604 0.419993
v -0.342694 1.285293 0.424559
v -0.342751 1.295982 0.417047
v -0.336785 1.285293 0.412482
v -0.324155 1.279656 0.420701
v -0.303780 1.293267 0.430902
v -0.297376 1.284387 0.434268
v -0.300029 1.277569 0.437947
v -0.298652 1.291205 0.438621
v -0.301305 1.284387 0.442299
v -0.308653 1.278924 0.438938
v -0.330709 1.295254 0.428381
v -0.381149 1.249743 0.399878
v -0.392221 1.254783 0.401945
v -0.397386 1.259823 0.391935
v -0.386313 1.254783 0.389868
v -0.371901 1.260350 0.398080
v -0.354346 1.288217 0.405960
v -0.386870 1.270222 0.401643
v -0.351868 1.273706 0.418058
v -0.391058 1.212594 0.398862
v -0.398928 1.213062 0.399988
v -0.402870 1.213529 0.393083
v -0.394999 1.213062 0.391957
v -0.401612 1.222158 0.387976
v -0.403354 1.246403 0.395667
v -0.393300 1.220021 0.402462
v -0.386509 1.240894 0.393021
v -0.399057 1.246403 0.386883
v -0.405725 1.222158 0.396384
v -0.390807 1.240894 0.401805
v -0.389187 1.220021 0.394054
v -0.400154 1.232131 0.400492
v -0.394246 1.232131 0.388414
v -0.388317 1.229436 0.398799
v -0.406083 1.234827 0.390108
v -0.304540 1.278924 0.430531
v -0.326412 1.295254 0.419597
v -0.328452 1.279656 0.429485
v -0.307893 1.293267 0.439310
v -0.316479 1.298040 0.429900
v -0.315798 1.277114 0.430233
v -0.319093 1.287577 0.436105
v -0.313184 1.287577 0.424027
v -0.347571 1.273706 0.409274
v -0.382573 1.270222 0.392859
v -0.358643 1.288217 0.414744
v -0.376198 1.260350 0.406864
v -0.360527 1.265678 0.408576
v -0.372913 1.282895 0.402517
v -0.369674 1.274287 0.411585
v -0.363766 1.274287 0.399507
v -0.376431 1.265286 0.393823
v -0.303277 1.286065 0.429189
v -0.297013 1.283748 0.439423
v -0.330387 1.287455 0.430580
v -0.306643 1.276198 0.434711
v -0.328984 1.298178 0.423782
v -0.405992 1.222406 0.391051
v -0.382340 1.265286 0.405900
v -0.386722 1.272073 0.396272
v -0.372049 1.258499 0.403451
v -0.396739 1.210310 0.396247
v -0.388898 1.219515 0.399413
v -0.394615 1.220960 0.389447
v -0.400275 1.220960 0.401017
v -0.397886 1.243649 0.400383
v -0.391978 1.243649 0.388305
v -0.386305 1.239862 0.398564
v -0.403558 1.247436 0.390124
v -0.305570 1.295933 0.435236
v -0.325881 1.276731 0.425300
v -0.308937 1.286065 0.440758
v -0.324478 1.287455 0.418502
v -0.348450 1.270985 0.414287
v -0.357765 1.290938 0.409730
v -0.356061 1.280962 0.418048
v -0.350153 1.280962 0.405970
v -0.219664 0.762849 -0.333635
v -0.224180 0.925327 -0.417810
v -0.225803 1.120868 -0.437328
v -0.218560 1.322219 -0.386602
v -0.373471 0.788153 -0.275171
v -0.436365 0.752311 -0.133078
v -0.456687 0.743811 0.032496
v -0.436365 0.754224 0.198071
v -0.418237 0.926373 -0.312721
v -0.546998 0.922637 -0.145654
v -0.582403 0.921359 0.032496
v -0.546998 0.923115 0.210646
v -0.426760 1.120868 -0.324411
v -0.559813 1.120868 -0.153004
v -0.598733 1.120868 0.032496
v -0.559813 1.120868 0.217997
v -0.385916 1.318113 -0.292468
v -0.492407 1.322943 -0.141949
v -0.524316 1.325823 0.032496
v -0.492407 1.322943 0.206942
v -0.373471 0.794609 0.340163
v -0.219664 0.764762 0.398627
v -0.418237 0.928286 0.377714
v -0.224180 0.925805 0.482802
v -0.426760 1.120868 0.389404
v -0.225803 1.120868 0.502321
v -0.385916 1.318113 0.357461
v -0.218560 1.322219 0.451595
v -0.228815 0.682953 0.216147
v -0.232325 0.664087 0.032496
v -0.228815 0.682475 -0.151155
v -0.209480 1.457053 -0.297390
v -0.326536 1.424798 -0.252766
v -0.213512 1.530514 -0.143570
v -0.365331 1.459922 -0.128576
v -0.216326 1.553450 0.032496
v -0.382172 1.475399 0.032496
v -0.213512 1.530514 0.208563
v -0.365331 1.459922 0.193568
v -0.209480 1.457053 0.362382
v -0.326537 1.424798 0.317759
v -0.009690 0.756781 -0.355492
v 0.200284 0.762849 -0.333635
v -0.009690 0.924265 -0.449971
v 0.204800 0.925327 -0.417810
v -0.009690 1.120868 -0.473046
v 0.206423 1.120868 -0.437328
v -0.009690 1.325038 -0.416053
v 0.199181 1.322219 -0.386602
v 0.354091 0.788153 -0.275171
v 0.416985 0.752311 -0.133078
v 0.437308 0.743811 0.032496
v 0.416985 0.754224 0.198071
v 0.398858 0.926373 -0.312721
v 0.527619 0.922637 -0.145654
v 0.563024 0.921359 0.032496
v 0.527619 0.923115 0.210646
v 0.407381 1.120868 -0.324411
v 0.540433 1.120868 -0.153004
v 0.579353 1.120868 0.032496
v 0.540433 1.120868 0.217997
v 0.366536 1.318113 -0.292468
v 0.473027 1.322943 -0.141949
v 0.504937 1.325823 0.032496
v 0.473027 1.322943 0.206942
v 0.354091 0.794609 0.340163
v 0.200284 0.764762 0.398627
v -0.009690 0.756781 0.420485
v 0.398857 0.928286 0.377714
v 0.204800 0.925805 0.482802
v -0.009690 0.924265 0.514963
v 0.407381 1.120868 0.389404
v 0.206423 1.120868 0.502320
v -0.009690 1.120868 0.538039
v 0.366536 1.318113 0.357461
v 0.199181 1.322219 0.451595
v -0.009690 1.325038 0.481045
v -0.009690 0.671699 0.225514
v 0.209435 0.682953 0.216147
v -0.009690 0.650720 0.032496
v 0.212945 0.664087 0.032496
v -0.009690 0.671699 -0.160522
v 0.209435 0.682475 -0.151155
v -0.009690 1.471759 -0.314859
v 0.190101 1.457053 -0.297390
v 0.307157 1.424798 -0.252766
v -0.009690 1.550911 -0.151947
v 0.194132 1.530514 -0.143570
v 0.345951 1.459922 -0.128576
v -0.009690 1.575733 0.032496
v 0.196947 1.553449 0.032496
v 0.362793 1.475399 0.032496
v -0.009690 1.550911 0.216940
v 0.194132 1.530514 0.208563
v 0.345951 1.459922 0.193568
v -0.009690 1.471759 0.379852
v 0.190101 1.457053 0.362382
v 0.307157 1.424798 0.317759
v -0.117242 0.758160 -0.350467
v -0.009690 0.833277 -0.414822
v -0.117806 0.924546 -0.442301
v -0.009690 1.020188 -0.470758
v -0.118009 1.120868 -0.464475
v -0.009690 1.225956 -0.452262
v -0.117104 1.324292 -0.408967
v -0.404808 0.767475 -0.216111
v -0.452715 0.745640 0.114380
v -0.396322 0.841978 -0.294641
v -0.493706 0.924712 -0.233715
v -0.534473 0.824753 0.032496
v -0.574796 0.921640 0.121448
v -0.428943 1.020452 -0.323902
v -0.504595 1.120868 -0.243115
v -0.602971 1.019825 0.032496
v -0.589909 1.120868 0.125539
v -0.411885 1.225091 -0.312071
v -0.448051 1.319876 -0.222385
v -0.572035 1.226054 0.032496
v -0.516963 1.325092 0.120985
v -0.310609 0.777766 0.369541
v -0.396322 0.847199 0.359634
v -0.326255 0.927686 0.439671
v -0.009690 0.833277 0.479815
v -0.428943 1.020691 0.388894
v -0.331175 1.120868 0.455159
v -0.009690 1.020188 0.535750
v -0.411885 1.225091 0.377064
v -0.308869 1.319447 0.412674
v -0.009690 1.225956 0.517255
v -0.009690 0.703782 0.329847
v -0.231669 0.667991 0.122135
v -0.378145 1.471528 -0.048824
v -0.009690 0.655347 -0.061486
v -0.009690 1.407471 -0.371956
v -0.352872 1.385560 -0.271631
v -0.210462 1.500476 -0.226849
v -0.118386 0.673477 0.223302
v -0.458226 1.409790 0.032496
v -0.215639 1.547873 0.121187
v -0.009690 1.407471 0.436948
v -0.352872 1.385560 0.336623
v -0.303096 1.522591 0.032496
v -0.223488 0.712373 -0.249394
v -0.116473 1.546099 -0.149904
v -0.231669 0.667931 -0.057143
v -0.116473 1.546099 0.214897
v -0.118386 0.673418 -0.158309
v -0.009690 1.518925 0.304403
v -0.344700 1.441801 0.267493
v -0.115969 1.467988 -0.310616
v -0.339530 0.706883 0.205047
v -0.280511 1.440435 0.340467
v -0.009690 1.569602 -0.060414
v -0.339529 0.705508 -0.140055
v -0.220816 0.836558 -0.387216
v -0.226125 1.020321 -0.435704
v -0.223162 1.225604 -0.418516
v -0.310609 0.772545 -0.304548
v -0.452715 0.745401 -0.049387
v -0.326255 0.926311 -0.374678
v -0.505473 0.828850 -0.136913
v -0.574795 0.921580 -0.056455
v -0.505473 0.830225 0.201906
v -0.331175 1.120868 -0.390167
v -0.564326 1.019985 -0.151665
v -0.589909 1.120868 -0.060547
v -0.564326 1.020044 0.216658
v -0.308869 1.319447 -0.347681
v -0.535402 1.225694 -0.149447
v -0.516963 1.325092 -0.055992
v -0.535402 1.225694 0.214439
v -0.404808 0.772696 0.281103
v -0.117242 0.758399 0.415459
v -0.493706 0.926087 0.298707
v -0.220816 0.837932 0.452209
v -0.117806 0.924606 0.507294
v -0.504595 1.120868 0.308108
v -0.226125 1.020381 0.500697
v -0.118009 1.120868 0.529468
v -0.448051 1.319876 0.287378
v -0.344700 1.441801 -0.202500
v -0.117104 1.324292 0.473960
v -0.223488 0.713748 0.314386
v -0.009690 0.655347 0.126479
v -0.212977 1.398938 -0.348431
v -0.009690 1.518925 -0.239411
v -0.433238 1.401015 -0.132819
v -0.215639 1.547873 -0.056195
v -0.116825 1.570483 0.032496
v -0.009690 1.569602 0.125407
v -0.433238 1.401015 0.197812
v -0.212977 1.398938 0.413424
v -0.009690 0.703782 -0.264854
v -0.118825 0.652883 0.032496
v -0.378145 1.471528 0.113817
v -0.294306 1.502405 0.199101
v -0.210462 1.500476 0.291842
v -0.294306 1.502406 -0.134108
v -0.115969 1.467988 0.375609
v -0.223162 1.225604 0.483509
v -0.280511 1.440435 -0.275474
v -0.350406 0.691645 0.032496
v 0.097862 0.758160 -0.350467
v 0.098427 0.924546 -0.442301
v 0.098630 1.120868 -0.464475
v 0.097724 1.324292 -0.408967
v 0.385429 0.767475 -0.216111
v 0.433336 0.745640 0.114380
v 0.376943 0.841978 -0.294641
v 0.474326 0.924712 -0.233715
v 0.515093 0.824753 0.032496
v 0.555416 0.921640 0.121448
v 0.409564 1.020452 -0.323902
v 0.485215 1.120868 -0.243115
v 0.583592 1.019825 0.032496
v 0.570530 1.120868 0.125539
v 0.392506 1.225091 -0.312071
v 0.428672 1.319876 -0.222385
v 0.552656 1.226054 0.032496
v 0.497584 1.325092 0.120985
v 0.291230 0.777766 0.369541
v 0.376943 0.847199 0.359634
v 0.306876 0.927686 0.439671
v 0.409563 1.020691 0.388894
v 0.311796 1.120868 0.455159
v 0.392506 1.225091 0.377064
v 0.289489 1.319447 0.412674
v 0.212290 0.667991 0.122135
v 0.358765 1.471528 -0.048824
v 0.333493 1.385560 -0.271631
v 0.191082 1.500476 -0.226849
v 0.099006 0.673477 0.223302
v 0.438847 1.409790 0.032496
v 0.196260 1.547873 0.121187
v 0.333493 1.385559 0.336623
v 0.283716 1.522591 0.032496
v 0.204109 0.712373 -0.249394
v 0.097093 1.546099 -0.149904
v 0.212290 0.667931 -0.057143
v 0.097093 1.546099 0.214897
v 0.099006 0.673418 -0.158309
v 0.325320 1.441801 0.267493
v 0.096589 1.467988 -0.310617
v 0.320150 0.706883 0.205047
v 0.261131 1.440435 0.340467
v 0.320150 0.705508 -0.140055
v 0.201437 0.836558 -0.387216
v 0.206745 1.020321 -0.435704
v 0.203783 1.225604 -0.418516
v 0.291230 0.772545 -0.304548
v 0.433336 0.745401 -0.049387
v 0.306876 0.926311 -0.374678
v 0.486093 0.828850 -0.136913
v 0.555416 0.921580 -0.056455
v 0.486093 0.830225 0.201906
v 0.311796 1.120868 -0.390167
v 0.544946 1.019985 -0.151665
v 0.570530 1.120868 -0.060547
v 0.544946 1.020044 0.216658
v 0.289489 1.319446 -0.347681
v 0.516023 1.225694 -0.149447
v 0.497584 1.325092 -0.055992
v 0.516023 1.225694 0.214439
v 0.385429 0.772696 0.281103
v 0.097862 0.758399 0.415459
v 0.474326 0.926087 0.298707
v 0.201437 0.837932 0.452209
v 0.098427 0.924606 0.507294
v 0.485215 1.120868 0.308108
v 0.206745 1.020381 0.500697
v 0.098630 1.120868 0.529468
v 0.428672 1.319876 0.287378
v 0.325320 1.441801 -0.202500
v 0.097725 1.324292 0.473960
v 0.204109 0.713748 0.314386
v 0.193597 1.398938 -0.348431
v 0.413859 1.401015 -0.132819
v 0.196260 1.547873 -0.056195
v 0.097445 1.570483 0.032496
v 0.413859 1.401015 0.197812
v 0.193597 1.398938 0.413424
v 0.099445 0.652883 0.032496
v 0.358765 1.471528 0.113817
v 0.274926 1.502406 0.199101
v 0.191082 1.500476 0.291842
v 0.274926 1.502406 -0.134108
v 0.096589 1.467988 0.375609
v 0.203783 1.225604 0.483509
v 0.261131 1.440435 -0.275474
v 0.331027 0.691645 0.032496
v -0.117386 0.834116 -0.408354
v -0.315481 0.840223 -0.349451
v -0.118050 1.020223 -0.462349
v -0.332213 1.020444 -0.389282
v -0.117679 1.225863 -0.444160
v -0.323045 1.225257 -0.374012
v -0.116406 1.405228 -0.366273
v -0.291507 1.390256 -0.317350
v -0.460178 0.835770 -0.221291
v -0.528511 0.825478 -0.051802
v -0.528511 0.825649 0.116794
v -0.460178 0.839653 0.286283
v -0.508170 1.020244 -0.242192
v -0.594393 1.019853 -0.059606
v -0.594394 1.019860 0.124598
v -0.508170 1.020416 0.307185
v -0.484039 1.225311 -0.235444
v -0.563651 1.225963 -0.059328
v -0.563651 1.225963 0.124321
v -0.484039 1.225311 0.300437
v -0.399482 1.391453 -0.208702
v -0.452380 1.407569 -0.051290
v -0.452380 1.407569 0.116283
v -0.399482 1.391453 0.273694
v -0.315481 0.844106 0.414444
v -0.117386 0.834288 0.473346
v -0.332213 1.020616 0.454275
v -0.118050 1.020231 0.527342
v -0.323045 1.225257 0.439005
v -0.117679 1.225863 0.509152
v -0.291507 1.390256 0.382342
v -0.116406 1.405228 0.431265
v -0.117720 0.705550 0.326284
v -0.322924 0.733361 0.295025
v -0.118743 0.657344 0.125429
v -0.348353 0.694580 0.117187
v -0.118743 0.657337 -0.060436
v -0.348353 0.694408 -0.052194
v -0.117720 0.705378 -0.261291
v -0.322924 0.729478 -0.230032
v -0.116092 1.514404 -0.236350
v -0.284480 1.476647 -0.212262
v -0.116739 1.564506 -0.059385
v -0.300961 1.517635 -0.051451
v -0.116739 1.564506 0.124378
v -0.300961 1.517635 0.116444
v -0.116092 1.514403 0.301342
v -0.284480 1.476647 0.277255
v 0.098006 0.834116 -0.408354
v 0.296101 0.840223 -0.349451
v 0.098670 1.020223 -0.462350
v 0.312834 1.020444 -0.389282
v 0.098300 1.225863 -0.444160
v 0.303666 1.225257 -0.374012
v 0.097027 1.405227 -0.366273
v 0.272128 1.390256 -0.317350
v 0.440798 0.835770 -0.221291
v 0.509132 0.825478 -0.051802
v 0.509132 0.825649 0.116794
v 0.440798 0.839653 0.286283
v 0.488790 1.020244 -0.242192
v 0.575014 1.019853 -0.059606
v 0.575014 1.019860 0.124598
v 0.488790 1.020416 0.307185
v 0.464659 1.225311 -0.235444
v 0.544271 1.225963 -0.059328
v 0.544271 1.225963 0.124321
v 0.464659 1.225311 0.300437
v 0.380103 1.391453 -0.208702
v 0.433000 1.407569 -0.051290
v 0.433000 1.407569 0.116283
v 0.380103 1.391453 0.273694
v 0.296101 0.844106 0.414444
v 0.098006 0.834288 0.473346
v 0.312834 1.020616 0.454275
v 0.098670 1.020231 0.527342
v 0.303666 1.225257 0.439005
v 0.098300 1.225863 0.509153
v 0.272128 1.390256 0.382342
v 0.097027 1.405227 0.431265
v 0.098341 0.705550 0.326284
v 0.303545 0.733361 0.295025
v 0.099363 0.657344 0.125429
v 0.328974 0.694580 0.117187
v 0.099363 0.657337 -0.060436
v 0.328974 0.694408 -0.052194
v 0.098341 0.705378 -0.261291
v 0.303545 0.729478 -0.230032
v 0.096712 1.514404 -0.236350
v 0.265101 1.476647 -0.212262
v 0.097359 1.564506 -0.059386
v 0.281581 1.517635 -0.051451
v 0.097359 1.564506 0.124378
v 0.281581 1.517635 0.116444
v 0.096712 1.514403 0.301342
v 0.265101 1.476647 0.277255
v -0.267565 0.962615 0.470731
v -0.287293 0.957595 0.458202
v -0.263280 0.993966 0.475872
v -0.287258 0.995459 0.462194
v -0.308312 0.964895 0.449467
v -0.316196 0.957821 0.453825
v -0.312202 0.996703 0.450341
v -0.326128 0.996091 0.453780
v -0.317853 0.962440 0.467487
v -0.298669 0.954668 0.479686
v -0.323578 0.993777 0.471825
v -0.302049 0.991654 0.490128
v -0.277106 0.960160 0.488751
v -0.267274 0.955084 0.479356
v -0.274655 0.991040 0.497356
v -0.258237 0.992293 0.489209
v -0.291561 0.941820 0.464689
v -0.268311 1.025481 0.478900
v -0.288189 1.033074 0.468010
v -0.309058 1.027761 0.457635
v -0.268169 1.030563 0.489164
v -0.292804 1.046564 0.478300
v -0.317091 1.033300 0.463633
v -0.277852 1.023026 0.496920
v -0.299564 1.030148 0.489494
v -0.318599 1.025306 0.475656
v -0.275305 0.958850 0.465164
v -0.264523 0.975181 0.473097
v -0.286999 0.974901 0.459495
v -0.299690 0.960214 0.452438
v -0.312416 0.960380 0.450000
v -0.310874 0.977774 0.448908
v -0.323468 0.975394 0.452369
v -0.318153 0.958904 0.460834
v -0.310487 0.957436 0.472831
v -0.321671 0.974996 0.469301
v -0.301058 0.971284 0.486046
v -0.286102 0.956072 0.485556
v -0.271802 0.956311 0.485023
v -0.275320 0.972403 0.493490
v -0.260409 0.971866 0.485277
v -0.295176 0.944628 0.471917
v -0.264969 1.012803 0.477986
v -0.287487 1.016024 0.464838
v -0.311320 1.015396 0.453797
v -0.260897 1.012990 0.490620
v -0.289972 1.043554 0.472551
v -0.323956 1.016518 0.457712
v -0.275767 1.010025 0.498378
v -0.301546 1.012408 0.491389
v -0.322118 1.012618 0.474189
v -0.287975 0.991100 0.495672
v -0.273916 0.994717 0.469122
v -0.296330 1.041919 0.484558
v -0.313265 1.031892 0.459292
v -0.314629 0.992591 0.481762
v -0.319002 1.030416 0.470127
v -0.286951 1.027584 0.494848
v -0.300571 0.996208 0.455212
v -0.279432 1.042092 0.484770
v -0.278278 0.944801 0.472129
v -0.264223 0.991510 0.494692
v -0.311336 1.028949 0.482123
v -0.266065 0.957787 0.474189
v -0.320925 0.996673 0.449776
v -0.288818 0.946264 0.459909
v -0.257865 0.993145 0.482684
v -0.306087 1.043583 0.470860
v -0.276153 1.030362 0.474456
v -0.272651 1.027823 0.494316
v -0.327282 0.995037 0.461783
v -0.266914 1.029299 0.483481
v -0.300538 1.031726 0.461730
v -0.304933 0.946292 0.458219
v -0.274273 0.974948 0.466441
v -0.299909 0.976382 0.453062
v -0.274742 1.014501 0.471580
v -0.300378 1.015935 0.458202
v -0.318727 0.976747 0.448539
v -0.324799 0.975185 0.460008
v -0.319196 1.016299 0.453678
v -0.325269 1.014737 0.465147
v -0.313239 0.972953 0.478238
v -0.287603 0.971519 0.491616
v -0.313708 1.012506 0.483377
v -0.288072 1.011071 0.496756
v -0.265922 0.971891 0.490734
v -0.259850 0.973453 0.479265
v -0.266391 1.011443 0.495873
v -0.260319 1.013006 0.484404
v -0.282238 0.947178 0.478728
v -0.307875 0.948612 0.465349
v -0.276166 0.948740 0.467259
v -0.301802 0.950174 0.453881
v -0.277244 1.039578 0.479062
v -0.302880 1.041012 0.465684
v -0.283316 1.038016 0.490531
v -0.308952 1.039450 0.477153
v 0.306194 0.962615 0.439775
v 0.284871 0.957595 0.449340
v 0.312845 0.993966 0.439030
v 0.288222 0.995459 0.451509
v 0.266002 0.964895 0.462071
v 0.265297 0.957821 0.471052
v 0.264589 0.996703 0.465799
v 0.259789 0.996091 0.479316
v 0.275787 0.962440 0.479960
v 0.296536 0.954668 0.470668
v 0.276254 0.993777 0.487127
v 0.303389 0.991654 0.479240
v 0.315979 0.960160 0.457665
v 0.313553 0.955084 0.444283
v 0.324510 0.991040 0.460359
v 0.326754 0.992293 0.442169
v 0.287934 0.941820 0.456475
v 0.312601 1.025481 0.444897
v 0.292563 1.033074 0.455490
v 0.272409 1.027761 0.467193
v 0.321246 1.030563 0.450433
v 0.298609 1.046564 0.465009
v 0.272990 1.033300 0.477202
v 0.322386 1.023026 0.462787
v 0.304228 1.030148 0.476818
v 0.282193 1.025306 0.485082
v 0.297284 0.958850 0.443168
v 0.309845 0.975181 0.438540
v 0.286111 0.974901 0.449807
v 0.273231 0.960214 0.456511
v 0.264186 0.960380 0.465790
v 0.264125 0.977774 0.463901
v 0.260076 0.975394 0.476319
v 0.270069 0.958904 0.476546
v 0.284304 0.957436 0.476756
v 0.275197 0.974996 0.484146
v 0.300527 0.971284 0.476165
v 0.308357 0.956072 0.463413
v 0.315789 0.956311 0.451185
v 0.320917 0.972403 0.458784
v 0.322276 0.971866 0.441815
v 0.291975 0.944628 0.463473
v 0.313679 1.012803 0.441605
v 0.290302 1.016024 0.453157
v 0.267959 1.015396 0.466967
v 0.326467 1.012990 0.445166
v 0.295371 1.043554 0.459480
v 0.264267 1.016518 0.479670
v 0.324751 1.010025 0.461849
v 0.304718 1.012408 0.479516
v 0.279032 1.012618 0.487211
v 0.315769 0.991100 0.470548
v 0.301352 0.994717 0.444190
v 0.301890 1.041919 0.471400
v 0.271474 1.031892 0.471617
v 0.289477 0.992591 0.485132
v 0.277357 1.030416 0.482373
v 0.315645 1.027584 0.469240
v 0.275061 0.996208 0.458774
v 0.311375 1.042092 0.457413
v 0.301460 0.944801 0.449487
v 0.328033 0.991510 0.450184
v 0.291592 1.028949 0.482582
v 0.309906 0.957787 0.440428
v 0.259313 0.996673 0.472768
v 0.285456 0.946264 0.451553
v 0.321513 0.993145 0.438264
v 0.285083 1.043583 0.471998
v 0.304572 1.030362 0.448995
v 0.323077 1.027823 0.457011
v 0.265832 0.995037 0.484688
v 0.317194 1.029299 0.446255
v 0.280519 1.031726 0.462338
v 0.275168 0.946292 0.464071
v 0.298919 0.974948 0.443011
v 0.273632 0.976382 0.457038
v 0.302950 1.014501 0.446233
v 0.277663 1.015935 0.460261
v 0.259491 0.976747 0.470252
v 0.265718 0.975185 0.481638
v 0.263522 1.016299 0.473475
v 0.269749 1.014737 0.484860
v 0.287301 0.972953 0.482031
v 0.312588 0.971519 0.468003
v 0.291332 1.012506 0.485253
v 0.316619 1.011071 0.471226
v 0.323794 0.971891 0.449422
v 0.317566 0.973453 0.438037
v 0.327824 1.011443 0.452645
v 0.321597 1.013006 0.441259
v 0.304786 0.947178 0.456427
v 0.279499 0.948612 0.470454
v 0.298559 0.948740 0.445042
v 0.273272 0.950174 0.459069
v 0.307816 1.039578 0.452443
v 0.282529 1.041012 0.466470
v 0.314044 1.038016 0.463828
v 0.288757 1.039450 0.477856
v 0.304537 1.302009 0.423091
v 0.308200 1.317641 0.421617
v 0.300886 1.302009 0.414019
v 0.304549 1.317641 0.412545
v 0.264292 1.295321 0.437969
v 0.258656 1.305418 0.440237
v 0.261554 1.295321 0.431165
v 0.255918 1.305418 0.433433
v 0.344066 1.273328 0.398360
v 0.347716 1.273328 0.407432
v 0.359911 1.282465 0.402524
v 0.356261 1.282465 0.393453
v 0.358378 1.236747 0.396891
v 0.361116 1.236747 0.403694
v 0.370002 1.238838 0.400119
v 0.367264 1.238838 0.393315
v 0.366134 1.258021 0.391043
v 0.369784 1.258021 0.400114
v 0.356819 1.251944 0.405332
v 0.353168 1.251944 0.396260
v 0.278537 1.302749 0.423013
v 0.274513 1.317899 0.424633
v 0.282188 1.302749 0.432085
v 0.278163 1.317899 0.433704
v 0.325382 1.292058 0.404459
v 0.334685 1.304929 0.400715
v 0.338336 1.304929 0.409786
v 0.329033 1.292058 0.413530
v 0.302025 1.299078 0.418832
v 0.307053 1.309825 0.424055
v 0.307061 1.320571 0.416805
v 0.302033 1.309825 0.411582
v 0.289421 1.303963 0.418633
v 0.261997 1.311707 0.429895
v 0.257129 1.299396 0.432080
v 0.262335 1.293321 0.434804
v 0.255262 1.305470 0.437650
v 0.260467 1.299396 0.440374
v 0.271736 1.298202 0.436065
v 0.292792 1.319753 0.427817
v 0.343604 1.271615 0.403816
v 0.354498 1.277897 0.406679
v 0.360373 1.284178 0.397068
v 0.349479 1.277897 0.394206
v 0.335888 1.283498 0.400854
v 0.320149 1.312688 0.406305
v 0.350560 1.294426 0.405490
v 0.316910 1.298122 0.418149
v 0.358963 1.235415 0.400719
v 0.365981 1.236539 0.402713
v 0.369662 1.237663 0.396413
v 0.362643 1.236539 0.394419
v 0.367596 1.246166 0.391534
v 0.366171 1.270321 0.400772
v 0.359269 1.242316 0.404974
v 0.349609 1.262613 0.396896
v 0.362521 1.270321 0.391701
v 0.371090 1.246166 0.400217
v 0.353260 1.262613 0.405968
v 0.355775 1.242316 0.396291
v 0.363986 1.254983 0.404424
v 0.358967 1.254983 0.391951
v 0.352563 1.250805 0.401774
v 0.370390 1.259161 0.394600
v 0.268241 1.298202 0.427382
v 0.289142 1.319753 0.418746
v 0.293072 1.303963 0.427705
v 0.265491 1.311707 0.438578
v 0.275583 1.320739 0.429472
v 0.281117 1.299909 0.427245
v 0.280860 1.310324 0.434595
v 0.275841 1.310324 0.422122
v 0.313260 1.298122 0.409077
v 0.346909 1.294426 0.396419
v 0.323799 1.312688 0.415376
v 0.339538 1.283498 0.409926
v 0.325463 1.289644 0.409696
v 0.338255 1.307342 0.404549
v 0.334369 1.298493 0.413359
v 0.329349 1.298493 0.400886
v 0.340714 1.288962 0.396936
v 0.264333 1.304858 0.427058
v 0.256057 1.297351 0.437330
v 0.293617 1.311858 0.429462
v 0.271056 1.295584 0.431294
v 0.290915 1.322713 0.423302
v 0.371564 1.246734 0.394993
v 0.345733 1.288962 0.409409
v 0.350801 1.296476 0.400123
v 0.335646 1.281449 0.406222
v 0.364568 1.233907 0.398695
v 0.355326 1.241502 0.401528
v 0.361040 1.244118 0.392286
v 0.365849 1.244118 0.404234
v 0.360400 1.266467 0.405071
v 0.355380 1.266467 0.392597
v 0.349014 1.261168 0.402406
v 0.366767 1.271767 0.395262
v 0.262419 1.314133 0.434770
v 0.291299 1.301003 0.423148
v 0.269141 1.304858 0.439006
v 0.288597 1.311858 0.416989
v 0.313793 1.295391 0.414133
v 0.323266 1.315419 0.410321
v 0.321039 1.305405 0.418463
v 0.316020 1.305405 0.405990
v -0.020282 0.841538 0.499106
v -0.027202 0.860597 0.504604
v -0.020282 0.848268 0.482367
v -0.027202 0.866511 0.489894
v 0.133914 0.835819 0.473009
v 0.133914 0.832944 0.483560
v -0.061474 0.851060 0.481897
v -0.061474 0.845145 0.496609
v -0.061317 0.860329 0.501615
v -0.061317 0.866240 0.486911
v -0.098499 0.860936 0.481211
v -0.098499 0.855028 0.495906
v -0.089391 0.867271 0.500531
v -0.089391 0.873177 0.485838
v -0.115619 0.885523 0.488070
v -0.115619 0.879617 0.502761
v -0.098792 0.883634 0.505487
v -0.098792 0.889540 0.490796
v 0.124863 0.915947 0.502042
v 0.124863 0.911513 0.513072
v 0.018905 0.796715 0.474130
v 0.018905 0.797404 0.463349
v 0.135007 0.891084 0.507139
v 0.135007 0.897026 0.492359
v 0.116575 0.813034 0.478809
v 0.046652 0.792619 0.471817
v 0.046652 0.793084 0.457061
v 0.116575 0.814759 0.463185
v 0.013425 0.852959 0.480487
v 0.110998 0.887990 0.488466
v 0.006714 0.865449 0.507049
v 0.103059 0.900886 0.514908
v 0.103059 0.906797 0.500206
v 0.006714 0.871353 0.492362
v 0.110998 0.879018 0.510784
v 0.013425 0.844092 0.502544
v -0.116520 0.901788 0.496396
v -0.116520 0.897358 0.507414
v -0.102749 0.898973 0.509140
v -0.102749 0.903403 0.498122
v 0.084242 0.797482 0.473357
v 0.084242 0.798499 0.457228
v 0.063275 0.865771 0.483472
v 0.054629 0.878241 0.510631
v 0.054629 0.884149 0.495935
v 0.063275 0.856766 0.505873
v 0.138261 0.858701 0.495374
v 0.001490 0.814063 0.485514
v 0.001490 0.818674 0.471020
v 0.138261 0.864290 0.480717
v 0.031868 0.820277 0.464257
v 0.116093 0.847369 0.471576
v 0.116093 0.839526 0.494864
v 0.031868 0.813083 0.486686
v 0.077293 0.819575 0.488290
v 0.077293 0.827368 0.464371
v -0.023207 0.841383 0.489414
v -0.024923 0.851967 0.505037
v -0.027935 0.866162 0.498114
v -0.024923 0.860245 0.484445
v 0.029850 0.794002 0.473300
v 0.127765 0.826448 0.468010
v 0.137859 0.875241 0.501435
v 0.010940 0.803030 0.479326
v -0.061503 0.845256 0.488314
v -0.061395 0.851629 0.501869
v -0.061287 0.866131 0.495202
v -0.061395 0.859758 0.481647
v -0.044105 0.865725 0.488419
v -0.044105 0.859811 0.503129
v -0.041143 0.844667 0.498284
v -0.041143 0.850671 0.483348
v -0.100207 0.855687 0.487691
v -0.093945 0.860042 0.500973
v -0.087683 0.872519 0.494052
v -0.093945 0.868164 0.480770
v -0.081583 0.853910 0.480740
v -0.077233 0.868535 0.485789
v -0.077233 0.862626 0.500486
v -0.081583 0.848000 0.495441
v -0.118774 0.881817 0.494904
v -0.107205 0.880518 0.506878
v -0.095637 0.887340 0.498652
v -0.107205 0.888639 0.486679
v -0.095997 0.874562 0.502355
v -0.109588 0.866580 0.498689
v -0.095997 0.880468 0.487664
v -0.109588 0.872486 0.483998
v 0.125223 0.915753 0.508056
v 0.117604 0.908867 0.515234
v -0.011172 0.868291 0.491125
v 0.134715 0.833971 0.478098
v 0.018184 0.796034 0.468446
v 0.137881 0.895149 0.499551
v 0.010940 0.805334 0.465525
v 0.129844 0.904398 0.511783
v 0.137859 0.881171 0.486589
v 0.129844 0.910063 0.497691
v 0.127765 0.823647 0.481960
v 0.065412 0.793691 0.471846
v 0.029850 0.794413 0.459487
v 0.101691 0.805231 0.459541
v -0.004309 0.850322 0.480296
v 0.089134 0.877056 0.486227
v -0.011172 0.862382 0.505822
v 0.080799 0.889448 0.512990
v 0.117604 0.914525 0.501161
v 0.029055 0.876271 0.493926
v 0.126259 0.886268 0.510780
v 0.036793 0.848818 0.503780
v 0.008670 0.864942 0.486274
v 0.106708 0.900884 0.494222
v 0.048724 0.789504 0.462973
v 0.116505 0.809834 0.469314
v 0.040660 0.804317 0.458059
v 0.116654 0.828145 0.464654
v 0.057868 0.869812 0.510996
v 0.116654 0.823287 0.487127
v 0.040660 0.800732 0.479444
v 0.006156 0.871007 0.500639
v 0.101731 0.906177 0.508435
v -0.118095 0.900501 0.502160
v -0.109699 0.898792 0.509931
v -0.101304 0.902482 0.504270
v -0.109699 0.904192 0.496499
v -0.100420 0.898554 0.494576
v -0.100420 0.892901 0.508638
v -0.117796 0.890637 0.506396
v -0.117796 0.896289 0.492334
v 0.101691 0.804061 0.475768
v 0.065412 0.794443 0.456373
v 0.036793 0.857758 0.481540
v 0.029055 0.870366 0.508614
v 0.080799 0.895358 0.498290
v 0.089134 0.868048 0.508635
v 0.053550 0.883514 0.504178
v 0.081852 0.805743 0.480967
v 0.081852 0.810053 0.457778
v 0.085003 0.794630 0.463942
v 0.057868 0.878318 0.489837
v 0.136585 0.843235 0.489091
v -0.007674 0.827845 0.492242
v -0.007674 0.833645 0.477435
v 0.136585 0.847776 0.475532
v 0.114245 0.859848 0.503232
v 0.021890 0.828610 0.494898
v 0.070444 0.838348 0.497314
v 0.114245 0.868831 0.480417
v 0.054155 0.822330 0.463435
v 0.098357 0.828508 0.491406
v 0.054155 0.814797 0.486706
v 0.129672 0.850058 0.496997
v 0.098357 0.836321 0.467533
v 0.013561 0.819596 0.466358
v 0.141171 0.864143 0.488667
v 0.129672 0.857828 0.475403
v -0.002647 0.816450 0.478794
v 0.013561 0.812895 0.487372
v -0.004309 0.841700 0.501744
v 0.106708 0.892373 0.515395
v 0.008670 0.856467 0.507356
v 0.126259 0.894831 0.489480
v 0.021890 0.837337 0.472622
v 0.070444 0.847434 0.474145
v -0.044619 0.865506 0.496667
v 0.116250 0.914414 0.509201
v 0.121736 0.899769 0.515323
v 0.022937 0.801441 0.480563
v 0.006984 0.804433 0.473028
v -0.079408 0.862330 0.480508
v -0.040863 0.844764 0.489844
v -0.042671 0.859450 0.483213
v -0.042671 0.851295 0.503499
v -0.102792 0.869464 0.503276
v -0.079408 0.854205 0.500720
v -0.076417 0.868323 0.494084
v -0.082399 0.848213 0.487144
v -0.097159 0.896264 0.502073
v -0.093449 0.879012 0.495696
v -0.112136 0.868037 0.490656
v -0.102792 0.877585 0.483076
v 0.121736 0.907922 0.495043
v 0.128921 0.839689 0.469417
v 0.127472 0.821179 0.473463
v 0.003937 0.827269 0.494797
v 0.139117 0.848300 0.483163
v -0.009051 0.861945 0.485259
v 0.084291 0.889759 0.492336
v 0.031995 0.791206 0.465020
v 0.101979 0.800951 0.466133
v 0.022937 0.804703 0.460563
v 0.100699 0.817721 0.460558
v 0.003937 0.835541 0.473676
v -0.009051 0.853502 0.506261
v 0.084291 0.881246 0.513511
v 0.128921 0.834027 0.489778
v 0.061135 0.801798 0.479411
v -0.011810 0.867938 0.499367
v 0.079573 0.894613 0.506486
v -0.109835 0.903823 0.504153
v -0.121071 0.893146 0.498987
v -0.109115 0.898594 0.490855
v -0.109115 0.890815 0.510205
v 0.028279 0.875810 0.502204
v 0.100699 0.813289 0.483790
v 0.031573 0.861587 0.508883
v 0.061135 0.805777 0.457049
v 0.066847 0.790738 0.462734
v 0.031573 0.870075 0.487768
v 0.045144 0.840810 0.472694
v 0.094214 0.848688 0.500352
v 0.045144 0.831879 0.495478
v 0.128945 0.868665 0.504225
v 0.094214 0.857763 0.477224
v 0.140840 0.879973 0.494156
v 0.128945 0.877213 0.482677
v -0.011504 0.830330 0.484978
v 0.132326 0.908492 0.504608
vt 0.803713 0.819147
vt 0.810239 0.818808
vt 0.810138 0.826587
vt 0.804780 0.828213
vt 0.815384 0.818172
vt 0.815177 0.825154
vt 0.814969 0.832135
vt 0.811309 0.833599
vt 0.805848 0.837279
vt 0.824010 0.796014
vt 0.819898 0.793604
vt 0.823609 0.789605
vt 0.827738 0.792771
vt 0.815206 0.790278
vt 0.819515 0.786285
vt 0.823824 0.782292
vt 0.827181 0.786225
vt 0.831466 0.789527
vt 0.829947 0.783460
vt 0.833815 0.787047
vt 0.826173 0.779811
vt 0.828522 0.777330
vt 0.832342 0.780948
vt 0.836163 0.784566
vt 0.856948 0.844125
vt 0.852248 0.844873
vt 0.851093 0.839049
vt 0.855976 0.838517
vt 0.847617 0.845681
vt 0.846275 0.839629
vt 0.845211 0.832822
vt 0.850187 0.832561
vt 0.855217 0.832322
vt 0.864402 0.843082
vt 0.865521 0.847837
vt 0.862100 0.848542
vt 0.860968 0.843480
vt 0.866640 0.852592
vt 0.863425 0.853420
vt 0.860211 0.854249
vt 0.858251 0.849335
vt 0.840400 0.847753
vt 0.838843 0.841092
vt 0.842297 0.840293
vt 0.843773 0.846546
vt 0.837287 0.834431
vt 0.841097 0.833265
vt 0.848070 0.790135
vt 0.844540 0.789097
vt 0.846708 0.783879
vt 0.850090 0.785046
vt 0.841357 0.788041
vt 0.843753 0.782686
vt 0.846150 0.777330
vt 0.849008 0.778610
vt 0.851867 0.779889
vt 0.854190 0.817960
vt 0.849155 0.817446
vt 0.849202 0.809538
vt 0.854110 0.810317
vt 0.844196 0.816879
vt 0.844400 0.808682
vt 0.845126 0.801310
vt 0.849745 0.802295
vt 0.854493 0.803195
vt 0.840098 0.816580
vt 0.840460 0.808063
vt 0.836215 0.816448
vt 0.837029 0.807525
vt 0.837842 0.798601
vt 0.841337 0.800398
vt 0.862047 0.818167
vt 0.858450 0.818119
vt 0.858326 0.810678
vt 0.862037 0.810721
vt 0.858598 0.803693
vt 0.862026 0.803275
vt 0.836163 0.847529
vt 0.833427 0.851701
vt 0.830512 0.849807
vt 0.833307 0.845656
vt 0.830691 0.855872
vt 0.827835 0.853999
vt 0.824978 0.852125
vt 0.827124 0.847755
vt 0.830450 0.843782
vt 0.863798 0.793450
vt 0.860585 0.792830
vt 0.862048 0.788225
vt 0.865219 0.789159
vt 0.856800 0.792006
vt 0.858483 0.787242
vt 0.860700 0.782759
vt 0.863670 0.783813
vt 0.866640 0.784867
vt 0.813645 0.846174
vt 0.818117 0.842375
vt 0.822711 0.845305
vt 0.819312 0.849150
vt 0.821861 0.839379
vt 0.826156 0.841581
vt 0.852385 0.791106
vt 0.854254 0.786174
vt 0.856283 0.781324
vt 0.850837 0.796291
vt 0.855429 0.797182
vt 0.846370 0.795319
vt 0.814207 0.838591
vt 0.809747 0.841727
vt 0.818415 0.835757
vt 0.859401 0.797872
vt 0.862912 0.798363
vt 0.842733 0.794354
vt 0.839599 0.793321
vt 0.843873 0.858673
vt 0.842136 0.853213
vt 0.845399 0.852227
vt 0.847048 0.857663
vt 0.849118 0.851259
vt 0.850223 0.856653
vt 0.863129 0.832146
vt 0.863766 0.837614
vt 0.860125 0.838029
vt 0.859453 0.832049
vt 0.855217 0.855451
vt 0.853661 0.850270
vt 0.819274 0.805543
vt 0.813913 0.804296
vt 0.816687 0.798520
vt 0.821642 0.800779
vt 0.808040 0.801813
vt 0.811623 0.796046
vt 0.858872 0.825332
vt 0.862588 0.825157
vt 0.854598 0.825410
vt 0.840355 0.825176
vt 0.844491 0.825113
vt 0.836751 0.825439
vt 0.849516 0.825269
vt 0.811698 0.811246
vt 0.805877 0.810480
vt 0.817329 0.811858
vt 0.278293 0.168529
vt 0.291426 0.189208
vt 0.271342 0.200807
vt 0.258597 0.181415
vt 0.303836 0.209699
vt 0.284251 0.219943
vt 0.266934 0.231164
vt 0.253653 0.211914
vt 0.241026 0.192910
vt 0.315023 0.229264
vt 0.297569 0.238530
vt 0.322461 0.244657
vt 0.312332 0.255960
vt 0.297320 0.270975
vt 0.281314 0.250930
vt 0.236406 0.222904
vt 0.223958 0.204076
vt 0.249614 0.242428
vt 0.231385 0.254294
vt 0.218545 0.234555
vt 0.206225 0.215678
vt 0.264068 0.263240
vt 0.279828 0.285049
vt 0.259850 0.297984
vt 0.245180 0.275514
vt 0.199691 0.247335
vt 0.187266 0.228081
vt 0.212139 0.267199
vt 0.193591 0.279611
vt 0.181286 0.260038
vt 0.168520 0.240346
vt 0.224793 0.288063
vt 0.237557 0.310027
vt 0.215458 0.319398
vt 0.205092 0.299094
vt 0.164576 0.271695
vt 0.151207 0.251672
vt 0.177296 0.290443
vt 0.162328 0.302353
vt 0.148190 0.283952
vt 0.133683 0.263137
vt 0.188276 0.307499
vt 0.196422 0.324749
vt 0.183492 0.327801
vt 0.174561 0.317261
vt 0.339013 0.249959
vt 0.330658 0.271508
vt 0.361577 0.257580
vt 0.351837 0.285984
vt 0.335268 0.310240
vt 0.315361 0.290908
vt 0.386001 0.264566
vt 0.374624 0.299190
vt 0.415494 0.273161
vt 0.398779 0.312140
vt 0.382063 0.351119
vt 0.356924 0.329021
vt 0.830682 0.157714
vt 0.801232 0.166350
vt 0.789702 0.132051
vt 0.813750 0.119006
vt 0.776671 0.173139
vt 0.766813 0.145143
vt 0.750111 0.121296
vt 0.771803 0.102492
vt 0.796818 0.080299
vt 0.753660 0.180290
vt 0.745240 0.159215
vt 0.736841 0.185460
vt 0.726652 0.174521
vt 0.711786 0.160251
vt 0.729973 0.140465
vt 0.296854 0.307393
vt 0.315120 0.329970
vt 0.291044 0.345862
vt 0.275193 0.321382
vt 0.334691 0.352735
vt 0.355602 0.376151
vt 0.329142 0.401182
vt 0.307703 0.371812
vt 0.749404 0.078896
vt 0.770224 0.055339
vt 0.729845 0.101745
vt 0.705667 0.085909
vt 0.722278 0.059874
vt 0.743630 0.030378
vt 0.711482 0.124310
vt 0.694415 0.146607
vt 0.674491 0.133834
vt 0.689807 0.110426
vt 0.250235 0.333254
vt 0.262510 0.358440
vt 0.231861 0.366534
vt 0.224412 0.341595
vt 0.274267 0.386261
vt 0.286101 0.416343
vt 0.243061 0.431505
vt 0.237892 0.395172
vt 0.688717 0.045516
vt 0.700441 0.015345
vt 0.677044 0.073411
vt 0.646327 0.065439
vt 0.652242 0.036740
vt 0.657253 0.000311
vt 0.664821 0.098650
vt 0.652213 0.121912
vt 0.630111 0.112659
vt 0.638969 0.090425
vt 0.200521 0.344880
vt 0.201978 0.368772
vt 0.174999 0.364702
vt 0.180114 0.342487
vt 0.201731 0.395863
vt 0.200335 0.425330
vt 0.157609 0.419155
vt 0.168260 0.390126
vt 0.616024 0.036226
vt 0.614478 0.006725
vt 0.616405 0.063345
vt 0.589426 0.067564
vt 0.582538 0.042152
vt 0.571702 0.013138
vt 0.615063 0.087257
vt 0.611067 0.107412
vt 0.598126 0.104431
vt 0.594666 0.089762
vt 0.729576 0.201007
vt 0.712092 0.192157
vt 0.718813 0.221103
vt 0.699206 0.211164
vt 0.681931 0.200274
vt 0.695969 0.180357
vt 0.706719 0.241891
vt 0.686607 0.230517
vt 0.693796 0.262651
vt 0.674070 0.249965
vt 0.656480 0.238652
vt 0.668910 0.219611
vt 0.678821 0.168408
vt 0.664629 0.189242
vt 0.646386 0.177541
vt 0.659971 0.156309
vt 0.651642 0.208796
vt 0.639382 0.227656
vt 0.621602 0.216221
vt 0.633742 0.197306
vt 0.639584 0.143900
vt 0.627104 0.164788
vt 0.608511 0.152515
vt 0.619866 0.132995
vt 0.614832 0.184688
vt 0.602584 0.203990
vt 0.583772 0.191891
vt 0.596366 0.172139
vt 0.603025 0.124697
vt 0.592166 0.141804
vt 0.577131 0.130000
vt 0.589261 0.115021
vt 0.579594 0.160616
vt 0.566393 0.180714
vt 0.548793 0.169395
vt 0.563133 0.148487
vt 0.730785 0.253902
vt 0.716867 0.277489
vt 0.742663 0.229304
vt 0.769443 0.236402
vt 0.757645 0.266292
vt 0.742286 0.293837
vt 0.751547 0.204145
vt 0.776793 0.204472
vt 0.785893 0.278874
vt 0.769086 0.311073
vt 0.797742 0.243468
vt 0.830682 0.252820
vt 0.815432 0.291946
vt 0.800181 0.331072
vt 0.803175 0.204750
vt 0.830682 0.205267
vt 0.384459 0.099072
vt 0.399977 0.138286
vt 0.370428 0.151551
vt 0.353379 0.119406
vt 0.415494 0.177499
vt 0.382436 0.187002
vt 0.354169 0.194156
vt 0.342210 0.164335
vt 0.326647 0.136895
vt 0.415494 0.225330
vt 0.387905 0.225894
vt 0.361616 0.226079
vt 0.315422 0.176955
vt 0.301304 0.153475
vt 0.327541 0.201335
vt 0.336707 0.226153
vt 0.130372 0.298719
vt 0.113922 0.276065
vt 0.147270 0.318198
vt 0.131215 0.337875
vt 0.110429 0.316357
vt 0.091221 0.290916
vt 0.163256 0.333141
vt 0.152086 0.354240
vt 0.088109 0.336790
vt 0.065107 0.308001
vt 0.113661 0.360869
vt 0.095195 0.389691
vt 0.064071 0.359366
vt 0.032948 0.329041
vt 0.139756 0.378344
vt 0.126402 0.404423
vt 0.447462 0.104225
vt 0.478416 0.073632
vt 0.502647 0.096061
vt 0.479839 0.125048
vt 0.509370 0.043039
vt 0.528057 0.071779
vt 0.545781 0.094677
vt 0.525135 0.116350
vt 0.506111 0.141944
vt 0.540536 0.028089
vt 0.554069 0.054118
vt 0.566559 0.078168
vt 0.545212 0.133851
vt 0.528936 0.156624
vt 0.561972 0.114256
vt 0.577861 0.099209
vt 0.245933 0.161970
vt 0.264606 0.148213
vt 0.228670 0.173729
vt 0.216353 0.153849
vt 0.233570 0.142476
vt 0.250801 0.128634
vt 0.221874 0.122828
vt 0.237355 0.110547
vt 0.204001 0.132756
vt 0.192046 0.110060
vt 0.211816 0.102320
vt 0.226231 0.097566
vt 0.211693 0.185129
vt 0.193863 0.196828
vt 0.180919 0.177157
vt 0.199094 0.165206
vt 0.185814 0.143627
vt 0.167002 0.156017
vt 0.152289 0.133575
vt 0.172143 0.120451
vt 0.174601 0.208985
vt 0.155590 0.220761
vt 0.142584 0.201645
vt 0.161386 0.189623
vt 0.147338 0.169671
vt 0.129339 0.183304
vt 0.114887 0.165673
vt 0.132325 0.149178
vt 0.138215 0.231402
vt 0.120422 0.241507
vt 0.109224 0.221182
vt 0.126132 0.212238
vt 0.114902 0.195345
vt 0.100464 0.204002
vt 0.094383 0.191596
vt 0.102360 0.180972
vt 0.204911 0.079300
vt 0.228002 0.080276
vt 0.181008 0.085546
vt 0.171268 0.059562
vt 0.200130 0.054097
vt 0.230057 0.056549
vt 0.197157 0.027927
vt 0.233439 0.031371
vt 0.162733 0.032197
vt 0.152555 0.000311
vt 0.194966 0.000608
vt 0.237377 0.000905
vt 0.655093 0.430734
vt 0.612849 0.431383
vt 0.614744 0.404091
vt 0.650735 0.400355
vt 0.570605 0.432033
vt 0.580422 0.400065
vt 0.588534 0.372528
vt 0.617161 0.377833
vt 0.646724 0.375190
vt 0.621017 0.352366
vt 0.643686 0.351286
vt 0.597624 0.346253
vt 0.608083 0.321497
vt 0.627233 0.329104
vt 0.641414 0.333838
vt 0.158490 0.095901
vt 0.136996 0.110145
vt 0.120915 0.085816
vt 0.145119 0.070120
vt 0.132099 0.043069
vt 0.103810 0.060157
vt 0.085486 0.028749
vt 0.119021 0.014530
vt 0.536862 0.418188
vt 0.549661 0.389472
vt 0.503119 0.404343
vt 0.521101 0.372680
vt 0.537900 0.346767
vt 0.562339 0.362198
vt 0.575253 0.336129
vt 0.553630 0.322165
vt 0.568576 0.298519
vt 0.588462 0.311351
vt 0.116121 0.128258
vt 0.098135 0.148578
vt 0.078268 0.131763
vt 0.097960 0.106923
vt 0.077178 0.085006
vt 0.054443 0.114766
vt 0.023223 0.095477
vt 0.054355 0.062113
vt 0.471525 0.371282
vt 0.494115 0.348099
vt 0.439931 0.338220
vt 0.471000 0.318549
vt 0.494660 0.301263
vt 0.514655 0.325906
vt 0.532550 0.304315
vt 0.514342 0.284204
vt 0.530899 0.266921
vt 0.548487 0.283193
vt 0.085555 0.169153
vt 0.079574 0.188810
vt 0.057170 0.184598
vt 0.064247 0.158248
vt 0.039326 0.147623
vt 0.031175 0.180590
vt 0.000311 0.178722
vt 0.011767 0.137099
vt 0.428024 0.296638
vt 0.455508 0.285808
vt 0.416116 0.255056
vt 0.447011 0.252880
vt 0.472990 0.248607
vt 0.480342 0.274905
vt 0.501544 0.263765
vt 0.495362 0.244167
vt 0.510145 0.241230
vt 0.518225 0.251769
vt 0.637241 0.308540
vt 0.652546 0.320779
vt 0.619816 0.298765
vt 0.632116 0.277730
vt 0.649191 0.288931
vt 0.666368 0.302649
vt 0.661574 0.269440
vt 0.680266 0.283022
vt 0.644310 0.257861
vt 0.601831 0.288118
vt 0.583003 0.275985
vt 0.596687 0.254817
vt 0.614901 0.266563
vt 0.627307 0.246635
vt 0.609427 0.235113
vt 0.563255 0.262582
vt 0.545153 0.249164
vt 0.558205 0.230734
vt 0.577084 0.242562
vt 0.590102 0.223141
vt 0.571023 0.211544
vt 0.530617 0.237282
vt 0.516104 0.228771
vt 0.524702 0.211521
vt 0.541679 0.220306
vt 0.553582 0.201062
vt 0.535717 0.191115
vt 0.701178 0.299938
vt 0.723593 0.319239
vt 0.701290 0.342372
vt 0.683723 0.320949
vt 0.664515 0.339468
vt 0.675285 0.362304
vt 0.746759 0.339722
vt 0.770906 0.361178
vt 0.741631 0.391284
vt 0.719458 0.365191
vt 0.686481 0.386194
vt 0.698362 0.411009
vt 0.330754 0.090909
vt 0.354745 0.069147
vt 0.307738 0.111643
vt 0.285203 0.088741
vt 0.303081 0.065706
vt 0.325030 0.039222
vt 0.269636 0.045117
vt 0.281203 0.020063
vt 0.258937 0.069131
vt 0.285445 0.131133
vt 0.267960 0.110264
vt 0.248891 0.091925
vt 0.099754 0.251918
vt 0.075604 0.263126
vt 0.064214 0.235461
vt 0.088674 0.228633
vt 0.081385 0.208000
vt 0.057578 0.209783
vt 0.047942 0.275394
vt 0.017628 0.288376
vt 0.002308 0.247711
vt 0.036113 0.242336
vt 0.030554 0.211426
vt 0.001310 0.213216
vt 0.462924 0.157825
vt 0.432465 0.145081
vt 0.490713 0.169871
vt 0.479557 0.197647
vt 0.451370 0.191018
vt 0.417468 0.185936
vt 0.446089 0.222013
vt 0.416792 0.220496
vt 0.473154 0.223401
vt 0.514966 0.180880
vt 0.504088 0.204258
vt 0.496987 0.224958
vt 0.808832 0.866672
vt 0.807986 0.865657
vt 0.809468 0.864995
vt 0.810138 0.866473
vt 0.807091 0.864071
vt 0.808679 0.863356
vt 0.810379 0.862591
vt 0.811145 0.864291
vt 0.811860 0.865879
vt 0.806497 0.862350
vt 0.807975 0.861679
vt 0.806298 0.861044
vt 0.807313 0.860197
vt 0.808899 0.859302
vt 0.809614 0.860890
vt 0.812783 0.863502
vt 0.813445 0.864984
vt 0.812080 0.861825
vt 0.813668 0.861110
vt 0.814261 0.862832
vt 0.814460 0.864138
vt 0.811291 0.860187
vt 0.810620 0.858709
vt 0.811926 0.858510
vt 0.812773 0.859525
vt 0.805348 0.860683
vt 0.806501 0.859051
vt 0.803713 0.860064
vt 0.805545 0.857994
vt 0.807378 0.855924
vt 0.808242 0.857845
vt 0.785476 0.857807
vt 0.787965 0.858749
vt 0.787739 0.860900
vt 0.785477 0.861090
vt 0.789354 0.859274
vt 0.789653 0.860582
vt 0.790243 0.862224
vt 0.788276 0.863111
vt 0.785476 0.864374
vt 0.810300 0.857340
vt 0.810142 0.855924
vt 0.812906 0.855924
vt 0.812287 0.857559
vt 0.789578 0.864978
vt 0.787938 0.866547
vt 0.791083 0.863753
vt 0.791866 0.864843
vt 0.791340 0.866232
vt 0.790399 0.868720
vt 0.790444 0.858492
vt 0.791239 0.859987
vt 0.791973 0.857651
vt 0.792717 0.859302
vt 0.793394 0.860803
vt 0.791893 0.861480
vt 0.793615 0.857062
vt 0.794210 0.858648
vt 0.794923 0.856763
vt 0.795705 0.857853
vt 0.796546 0.859382
vt 0.794895 0.860126
vt 0.792579 0.862958
vt 0.794071 0.862304
vt 0.794815 0.863954
vt 0.793174 0.864544
vt 0.795549 0.861618
vt 0.797135 0.861023
vt 0.797434 0.862331
vt 0.796344 0.863114
vt 0.795448 0.855374
vt 0.797210 0.856628
vt 0.796390 0.852885
vt 0.798851 0.855059
vt 0.801311 0.857232
vt 0.798512 0.858495
vt 0.807852 0.869257
vt 0.808472 0.867623
vt 0.810458 0.867842
vt 0.810616 0.869257
vt 0.812516 0.867337
vt 0.813380 0.869257
vt 0.799049 0.860706
vt 0.801311 0.860515
vt 0.801311 0.863798
vt 0.798823 0.862857
vt 0.814258 0.866131
vt 0.815213 0.867188
vt 0.815411 0.864498
vt 0.817045 0.865118
vt 0.793297 0.855147
vt 0.791086 0.855685
vt 0.789823 0.852885
vt 0.793107 0.852885
vt 0.789219 0.856986
vt 0.787650 0.855346
vt 0.805783 0.867425
vt 0.806839 0.866470
vt 0.803713 0.865592
vt 0.805633 0.864728
vt 0.803713 0.862828
vt 0.805129 0.862670
vt 0.815630 0.862512
vt 0.815125 0.860454
vt 0.817045 0.859589
vt 0.817045 0.862354
vt 0.813919 0.858712
vt 0.814976 0.857757
vt 0.799138 0.866259
vt 0.797569 0.864619
vt 0.796965 0.868720
vt 0.795702 0.865921
vt 0.793682 0.868720
vt 0.793491 0.866458
vt 0.822217 0.866672
vt 0.821370 0.865657
vt 0.822852 0.864995
vt 0.823523 0.866473
vt 0.820475 0.864071
vt 0.822063 0.863356
vt 0.823764 0.862591
vt 0.824529 0.864291
vt 0.825244 0.865879
vt 0.819881 0.862350
vt 0.821359 0.861679
vt 0.819683 0.861044
vt 0.820697 0.860197
vt 0.822283 0.859302
vt 0.822998 0.860890
vt 0.826168 0.863502
vt 0.826830 0.864984
vt 0.825464 0.861825
vt 0.827052 0.861110
vt 0.827646 0.862832
vt 0.827845 0.864138
vt 0.824675 0.860187
vt 0.824004 0.858709
vt 0.825311 0.858510
vt 0.826157 0.859525
vt 0.818732 0.860683
vt 0.819885 0.859051
vt 0.817097 0.860064
vt 0.818930 0.857994
vt 0.820762 0.855924
vt 0.821627 0.857845
vt 0.769589 0.857807
vt 0.772078 0.858749
vt 0.771852 0.860900
vt 0.769589 0.861090
vt 0.773467 0.859274
vt 0.773766 0.860582
vt 0.774356 0.862224
vt 0.772389 0.863111
vt 0.769589 0.864374
vt 0.823685 0.857340
vt 0.823527 0.855924
vt 0.826291 0.855924
vt 0.825671 0.857559
vt 0.773691 0.864978
vt 0.772051 0.866547
vt 0.775196 0.863753
vt 0.775979 0.864843
vt 0.775453 0.866232
vt 0.774512 0.868720
vt 0.774557 0.858492
vt 0.775352 0.859987
vt 0.776086 0.857651
vt 0.776830 0.859302
vt 0.777507 0.860803
vt 0.776006 0.861480
vt 0.777728 0.857062
vt 0.778323 0.858648
vt 0.779036 0.856763
vt 0.779818 0.857853
vt 0.780658 0.859382
vt 0.779008 0.860126
vt 0.776692 0.862958
vt 0.778184 0.862304
vt 0.778928 0.863954
vt 0.777287 0.864544
vt 0.779662 0.861618
vt 0.781248 0.861023
vt 0.781547 0.862331
vt 0.780457 0.863114
vt 0.779561 0.855374
vt 0.781323 0.856628
vt 0.780502 0.852885
vt 0.782964 0.855059
vt 0.785425 0.857232
vt 0.782625 0.858495
vt 0.821237 0.869257
vt 0.821856 0.867623
vt 0.823843 0.867842
vt 0.824001 0.869257
vt 0.825900 0.867337
vt 0.826765 0.869257
vt 0.783163 0.860706
vt 0.785425 0.860515
vt 0.785425 0.863798
vt 0.782936 0.862857
vt 0.827642 0.866131
vt 0.828597 0.867188
vt 0.828795 0.864498
vt 0.830430 0.865118
vt 0.777410 0.855147
vt 0.775199 0.855685
vt 0.773936 0.852885
vt 0.777219 0.852885
vt 0.773332 0.856986
vt 0.771763 0.855346
vt 0.819167 0.867425
vt 0.820224 0.866470
vt 0.817097 0.865592
vt 0.819017 0.864728
vt 0.817098 0.862828
vt 0.818513 0.862670
vt 0.829014 0.862512
vt 0.828510 0.860454
vt 0.830430 0.859589
vt 0.830430 0.862354
vt 0.827304 0.858712
vt 0.828360 0.857757
vt 0.783251 0.866259
vt 0.781682 0.864619
vt 0.781078 0.868720
vt 0.779815 0.865921
vt 0.777795 0.868720
vt 0.777604 0.866458
vt 0.769589 0.810788
vt 0.772183 0.803234
vt 0.777538 0.805182
vt 0.776166 0.812067
vt 0.774776 0.795680
vt 0.780005 0.799029
vt 0.784388 0.800952
vt 0.782618 0.806946
vt 0.780849 0.812940
vt 0.786524 0.834582
vt 0.792049 0.837454
vt 0.789039 0.841812
vt 0.783752 0.837944
vt 0.797574 0.840326
vt 0.794445 0.844675
vt 0.793145 0.850065
vt 0.785999 0.846420
vt 0.778852 0.842776
vt 0.800617 0.841711
vt 0.798312 0.846528
vt 0.803661 0.843095
vt 0.801446 0.847964
vt 0.799232 0.852833
vt 0.796188 0.851449
vt 0.758718 0.796556
vt 0.757505 0.802442
vt 0.752651 0.801598
vt 0.754027 0.795186
vt 0.756803 0.808577
vt 0.751859 0.808305
vt 0.746995 0.808027
vt 0.747900 0.800722
vt 0.749453 0.793762
vt 0.765944 0.798639
vt 0.762717 0.797573
vt 0.764417 0.791662
vt 0.767741 0.792594
vt 0.760655 0.790466
vt 0.763432 0.784557
vt 0.766485 0.785554
vt 0.769538 0.786550
vt 0.742081 0.791417
vt 0.745709 0.792600
vt 0.744012 0.799959
vt 0.740621 0.799237
vt 0.742964 0.807681
vt 0.739161 0.807057
vt 0.751662 0.848638
vt 0.753839 0.853651
vt 0.750573 0.854934
vt 0.748160 0.849756
vt 0.755988 0.858651
vt 0.753164 0.860089
vt 0.750340 0.861527
vt 0.747662 0.856269
vt 0.744984 0.851012
vt 0.756412 0.822533
vt 0.756944 0.829506
vt 0.752005 0.830213
vt 0.751419 0.823026
vt 0.757879 0.835975
vt 0.753046 0.836784
vt 0.748311 0.837671
vt 0.747162 0.830979
vt 0.746516 0.823560
vt 0.743253 0.831635
vt 0.742503 0.823956
vt 0.744502 0.838571
vt 0.741110 0.840074
vt 0.739906 0.832285
vt 0.738701 0.824496
vt 0.764039 0.822298
vt 0.764696 0.828800
vt 0.761102 0.829052
vt 0.760618 0.822288
vt 0.765352 0.835302
vt 0.761932 0.835395
vt 0.803661 0.784201
vt 0.800829 0.785978
vt 0.798630 0.782570
vt 0.801506 0.780766
vt 0.797996 0.787754
vt 0.795399 0.784600
vt 0.793687 0.780884
vt 0.796519 0.779107
vt 0.799351 0.777330
vt 0.767461 0.845660
vt 0.768500 0.849733
vt 0.765254 0.850495
vt 0.764120 0.846059
vt 0.769538 0.853807
vt 0.766389 0.854634
vt 0.763241 0.855460
vt 0.761721 0.851370
vt 0.760353 0.846806
vt 0.782606 0.786562
vt 0.788147 0.783723
vt 0.791393 0.787176
vt 0.787192 0.790292
vt 0.794688 0.790494
vt 0.791379 0.793234
vt 0.757735 0.852447
vt 0.755957 0.847663
vt 0.759614 0.857055
vt 0.759050 0.841720
vt 0.754381 0.842533
vt 0.749811 0.843445
vt 0.778691 0.791121
vt 0.783350 0.794218
vt 0.787884 0.797093
vt 0.766407 0.840481
vt 0.762984 0.841035
vt 0.746149 0.844442
vt 0.743047 0.845543
vt 0.748275 0.777330
vt 0.751210 0.778621
vt 0.748264 0.785553
vt 0.745178 0.784374
vt 0.754146 0.779912
vt 0.751794 0.786943
vt 0.764639 0.808580
vt 0.761016 0.808829
vt 0.761656 0.803097
vt 0.765292 0.803609
vt 0.756182 0.788736
vt 0.758789 0.782235
vt 0.783332 0.825633
vt 0.784928 0.830107
vt 0.780323 0.832656
vt 0.778029 0.826425
vt 0.775433 0.835440
vt 0.772014 0.828105
vt 0.764339 0.815439
vt 0.760643 0.815378
vt 0.756405 0.815390
vt 0.746500 0.815760
vt 0.742460 0.815816
vt 0.738931 0.815777
vt 0.751413 0.815565
vt 0.770802 0.819447
vt 0.776576 0.819342
vt 0.782091 0.819287
vt 0.387482 0.972009
vt 0.388362 0.964239
vt 0.399447 0.964518
vt 0.398575 0.972361
vt 0.388442 0.956568
vt 0.399827 0.956733
vt 0.411632 0.957171
vt 0.410633 0.965071
vt 0.409668 0.972712
vt 0.296182 0.979064
vt 0.289022 0.980276
vt 0.286895 0.973223
vt 0.297787 0.971263
vt 0.281863 0.981488
vt 0.279012 0.974873
vt 0.276160 0.968258
vt 0.284793 0.965826
vt 0.296211 0.963905
vt 0.385025 0.519047
vt 0.386742 0.508373
vt 0.396723 0.508344
vt 0.394727 0.519270
vt 0.386742 0.500265
vt 0.397281 0.500098
vt 0.408433 0.500845
vt 0.405854 0.508894
vt 0.403275 0.516942
vt 0.347638 0.573103
vt 0.347326 0.584598
vt 0.339153 0.578188
vt 0.338699 0.567543
vt 0.345429 0.593341
vt 0.338117 0.586232
vt 0.333270 0.581219
vt 0.332365 0.574176
vt 0.331279 0.563998
vt 0.340509 0.599223
vt 0.333675 0.591120
vt 0.332778 0.603189
vt 0.326993 0.594508
vt 0.321208 0.585827
vt 0.328737 0.582942
vt 0.411866 0.949176
vt 0.424406 0.949979
vt 0.422992 0.958186
vt 0.411337 0.940772
vt 0.425581 0.941433
vt 0.439826 0.942094
vt 0.435549 0.952125
vt 0.432651 0.960166
vt 0.351856 0.622983
vt 0.358874 0.618931
vt 0.366537 0.632229
vt 0.358906 0.637112
vt 0.367513 0.612180
vt 0.374560 0.628088
vt 0.380775 0.641756
vt 0.373468 0.646065
vt 0.365955 0.651240
vt 0.387622 0.949131
vt 0.399325 0.949084
vt 0.384943 0.942261
vt 0.398140 0.941517
vt 0.379144 0.613285
vt 0.383145 0.626014
vt 0.386761 0.613114
vt 0.391614 0.624858
vt 0.396467 0.636603
vt 0.388473 0.638557
vt 0.394259 0.663930
vt 0.400030 0.658627
vt 0.406875 0.664282
vt 0.402421 0.671074
vt 0.405922 0.655543
vt 0.411455 0.657599
vt 0.416988 0.659655
vt 0.414120 0.667863
vt 0.410761 0.675825
vt 0.394015 0.649698
vt 0.387149 0.653954
vt 0.401194 0.646073
vt 0.421053 0.966137
vt 0.418941 0.973926
vt 0.429809 0.967830
vt 0.428214 0.975140
vt 0.380806 0.658929
vt 0.374686 0.664461
vt 0.388979 0.669873
vt 0.383417 0.677683
vt 0.436757 0.979403
vt 0.440822 0.973261
vt 0.445861 0.976370
vt 0.443183 0.982431
vt 0.444885 0.967182
vt 0.449230 0.970974
vt 0.452427 0.973646
vt 0.451405 0.978256
vt 0.449609 0.985459
vt 0.435941 0.970287
vt 0.432485 0.977272
vt 0.439686 0.963335
vt 0.398292 0.677820
vt 0.394407 0.684754
vt 0.407528 0.683385
vt 0.405398 0.691825
vt 0.443881 0.956475
vt 0.448596 0.949570
vt 0.457366 0.957046
vt 0.450042 0.961657
vt 0.283497 0.957318
vt 0.294941 0.956156
vt 0.275154 0.957629
vt 0.274147 0.947000
vt 0.283595 0.947178
vt 0.295010 0.946104
vt 0.299731 0.918480
vt 0.288944 0.922739
vt 0.292795 0.911671
vt 0.302562 0.906808
vt 0.278752 0.926929
vt 0.283937 0.916957
vt 0.289122 0.906984
vt 0.296702 0.901425
vt 0.304282 0.895865
vt 0.327552 0.515238
vt 0.334986 0.508789
vt 0.340206 0.512785
vt 0.334307 0.519982
vt 0.342421 0.502339
vt 0.347141 0.506850
vt 0.350005 0.510009
vt 0.346073 0.515041
vt 0.341004 0.522271
vt 0.355110 0.601677
vt 0.357630 0.592198
vt 0.368621 0.598692
vt 0.358802 0.579936
vt 0.370160 0.585722
vt 0.362624 0.488731
vt 0.365299 0.497120
vt 0.355677 0.501617
vt 0.352522 0.495535
vt 0.366001 0.504453
vt 0.356669 0.507675
vt 0.377699 0.956472
vt 0.377206 0.948863
vt 0.365612 0.956574
vt 0.365325 0.948806
vt 0.363998 0.939370
vt 0.375639 0.940071
vt 0.332158 0.958611
vt 0.312939 0.961205
vt 0.311657 0.953572
vt 0.331042 0.950835
vt 0.311104 0.943373
vt 0.329847 0.940578
vt 0.318585 0.574275
vt 0.325710 0.573383
vt 0.315961 0.562721
vt 0.324102 0.562599
vt 0.318115 0.537186
vt 0.322834 0.526212
vt 0.329601 0.529179
vt 0.326140 0.539725
vt 0.336497 0.531243
vt 0.333187 0.541600
vt 0.380307 0.919215
vt 0.369022 0.917479
vt 0.364738 0.907842
vt 0.375096 0.911722
vt 0.357103 0.914765
vt 0.353533 0.904267
vt 0.350871 0.894084
vt 0.360378 0.899156
vt 0.369886 0.904228
vt 0.327609 0.912007
vt 0.312815 0.914415
vt 0.314247 0.903102
vt 0.327208 0.901183
vt 0.315648 0.893917
vt 0.327014 0.891967
vt 0.360958 0.927239
vt 0.372773 0.928918
vt 0.382625 0.930738
vt 0.378391 0.601480
vt 0.379590 0.588695
vt 0.387084 0.591577
vt 0.386923 0.602345
vt 0.376226 0.551742
vt 0.380970 0.534053
vt 0.390558 0.535545
vt 0.385778 0.554310
vt 0.397776 0.537057
vt 0.392277 0.557171
vt 0.363785 0.512171
vt 0.353879 0.514410
vt 0.359461 0.521244
vt 0.349060 0.522417
vt 0.350210 0.545395
vt 0.348178 0.559501
vt 0.338853 0.555464
vt 0.340562 0.543256
vt 0.331436 0.552794
vt 0.377781 0.971826
vt 0.377759 0.964098
vt 0.368081 0.971644
vt 0.365924 0.964190
vt 0.335467 0.973193
vt 0.315824 0.976129
vt 0.314451 0.968607
vt 0.333350 0.966131
vt 0.467049 0.982845
vt 0.458329 0.984152
vt 0.458015 0.977454
vt 0.465326 0.975254
vt 0.456955 0.971459
vt 0.463602 0.967664
vt 0.415411 0.686878
vt 0.412577 0.694582
vt 0.418375 0.678941
vt 0.425365 0.681564
vt 0.422561 0.689452
vt 0.419756 0.697339
vt 0.454255 0.966505
vt 0.460484 0.962355
vt 0.421424 0.670368
vt 0.424445 0.661451
vt 0.431902 0.663247
vt 0.428634 0.672405
vt 0.351774 0.972419
vt 0.350868 0.964763
vt 0.350258 0.957135
vt 0.354387 0.532402
vt 0.344216 0.532084
vt 0.372585 0.569681
vt 0.382106 0.572555
vt 0.389680 0.574374
vt 0.342918 0.912461
vt 0.340690 0.901835
vt 0.338943 0.893026
vt 0.317038 0.549954
vt 0.324326 0.551123
vt 0.349625 0.949303
vt 0.348268 0.939347
vt 0.345750 0.926017
vt 0.328585 0.926382
vt 0.367790 0.532988
vt 0.372401 0.519805
vt 0.363221 0.548502
vt 0.360341 0.564823
vt 0.375291 0.509823
vt 0.376222 0.501788
vt 0.311607 0.929087
vt 0.296873 0.932559
vt 0.384830 0.484093
vt 0.386034 0.492486
vt 0.375453 0.494151
vt 0.373727 0.486412
vt 0.285678 0.935117
vt 0.276450 0.936965
vt 0.342317 0.613086
vt 0.349486 0.608213
vt 0.397137 0.492066
vt 0.408566 0.492265
vt 0.396764 0.483889
vt 0.408698 0.483685
vn 0.0721 0.5106 -0.8568
vn 0.4204 -0.0043 -0.9073
vn 0.4074 -0.0213 -0.9130
vn -0.0248 0.4409 -0.8972
vn 0.5775 -0.5262 -0.6242
vn 0.6460 -0.4888 -0.5863
vn 0.7339 -0.3970 -0.5511
vn 0.3915 -0.0461 -0.9190
vn -0.1289 0.3164 -0.9398
vn 0.3449 -0.5837 -0.7350
vn 0.4533 0.0107 -0.8913
vn 0.5508 -0.0054 -0.8346
vn 0.4018 -0.6069 -0.6857
vn 0.4012 0.6057 -0.6871
vn 0.5637 0.5836 -0.5844
vn 0.8270 0.4307 -0.3614
vn 0.9012 -0.0718 -0.4275
vn 0.6900 -0.5695 -0.4467
vn 0.8903 -0.1329 0.4355
vn 0.5281 -0.8089 0.2583
vn 0.7292 0.5838 0.3567
vn 0.2222 0.4307 0.8747
vn 0.2156 -0.0718 0.9738
vn 0.0709 -0.5695 0.8189
vn -0.3686 -0.5837 0.7235
vn -0.4254 0.0106 0.9049
vn -0.4380 0.0110 0.8989
vn -0.3082 -0.5731 0.7593
vn -0.2962 0.6057 0.7385
vn -0.3884 0.5987 0.7005
vn -0.4680 0.5795 0.6671
vn -0.4396 0.0093 0.8981
vn -0.2459 -0.5590 0.7918
vn 0.0268 -0.9995 0.0131
vn -0.0276 -0.9995 -0.0135
vn -0.2947 -0.6068 0.7381
vn 0.3146 0.5987 -0.7366
vn -0.0631 0.9975 -0.0309
vn 0.0777 0.9962 0.0380
vn 0.2385 0.5790 -0.7797
vn -0.1960 0.9759 -0.0962
vn -0.8928 0.0961 0.4400
vn -0.8987 0.0756 -0.4320
vn -0.8850 -0.1914 -0.4243
vn -0.9002 -0.1212 0.4182
vn -0.2291 -0.0213 -0.9731
vn -0.2337 -0.2083 -0.9497
vn -0.1863 -0.5234 -0.8314
vn -0.6442 -0.7023 -0.3029
vn -0.7895 -0.4738 0.3902
vn -0.1137 -0.5090 0.8532
vn -0.4317 0.0211 0.9018
vn -0.4246 0.0422 0.9044
vn -0.0221 -0.4410 0.8972
vn -0.6107 0.5295 0.5888
vn -0.6861 0.4865 0.5408
vn -0.7739 0.4029 0.4887
vn -0.4240 0.0754 0.9025
vn 0.0769 -0.2927 0.9531
vn -0.4555 0.8609 -0.2264
vn -0.5900 0.7519 -0.2942
vn -0.7334 0.5730 -0.3658
vn 0.3918 -0.9003 0.1898
vn 0.5260 -0.8111 0.2556
vn 0.7073 -0.6185 0.3424
vn 0.1452 -0.4649 0.8733
vn -0.3869 -0.5932 0.7059
vn -0.0407 -0.9991 -0.0013
vn 0.6393 -0.6953 0.3282
vn 0.2961 -0.6448 -0.7047
vn 0.7537 -0.5206 -0.4011
vn 0.8713 -0.1334 -0.4722
vn 0.8947 -0.0909 0.4373
vn 0.8869 -0.1499 0.4369
vn 0.8761 -0.1837 -0.4458
vn 0.1892 0.0078 0.9819
vn 0.1978 -0.0801 0.9770
vn 0.4024 -0.0944 -0.9106
vn 0.4052 -0.1876 -0.8948
vn -0.4343 0.0671 0.8983
vn -0.4469 -0.0627 0.8924
vn -0.4280 0.0900 0.8993
vn 0.1545 -0.1062 0.9822
vn -0.8534 0.2578 0.4530
vn 0.3878 -0.0771 -0.9185
vn -0.2062 0.1386 -0.9686
vn 0.8203 -0.2584 -0.5102
vn 0.8533 -0.3158 0.4148
vn -0.8505 0.3219 -0.4160
vn 0.2972 0.9437 0.1454
vn -0.1154 0.5836 0.8038
vn 0.4729 -0.5593 -0.6808
vn 0.4102 -0.5731 -0.7094
vn 0.0892 -0.9951 0.0436
vn 0.1968 -0.9757 0.0960
vn -0.3208 -0.0054 0.9471
vn 0.4378 0.0087 -0.8990
vn 0.4407 0.0110 -0.8975
vn 0.2880 -0.9474 0.1394
vn 0.5236 -0.5439 -0.6557
vn -0.1874 -0.5402 0.8204
vn -0.3247 0.9321 -0.1606
vn -0.5400 0.5568 0.6312
vn 0.1604 0.5516 -0.8185
vn -0.4379 0.0114 0.8989
vn 0.4313 0.0050 -0.9022
vn 0.0000 -0.7473 -0.6644
vn -0.0931 -0.7402 -0.6659
vn -0.1219 -0.4764 -0.8707
vn 0.0000 -0.4862 -0.8738
vn -0.2147 -0.7175 -0.6626
vn -0.2658 -0.4505 -0.8523
vn -0.2991 -0.2532 -0.9200
vn -0.1428 -0.2736 -0.9512
vn 0.0000 -0.2823 -0.9593
vn -0.3664 -0.6745 -0.6409
vn -0.4271 -0.4172 -0.8022
vn -0.5191 -0.6087 -0.5999
vn -0.5948 -0.4125 -0.6899
vn -0.6279 -0.2413 -0.7399
vn -0.4646 -0.2368 -0.8533
vn -0.1558 -0.1104 -0.9816
vn 0.0000 -0.1152 -0.9933
vn -0.3178 -0.0980 -0.9431
vn -0.3228 0.0819 -0.9429
vn -0.1585 0.0837 -0.9838
vn 0.0000 0.0851 -0.9964
vn -0.4811 -0.0847 -0.8726
vn -0.6429 -0.0770 -0.7620
vn -0.6451 0.0946 -0.7581
vn -0.4861 0.0847 -0.8698
vn -0.1497 0.2594 -0.9541
vn 0.0000 0.2660 -0.9640
vn -0.3121 0.2455 -0.9178
vn -0.2938 0.3808 -0.8767
vn -0.1354 0.3972 -0.9077
vn 0.0000 0.4049 -0.9143
vn -0.4784 0.2395 -0.8448
vn -0.6348 0.2525 -0.7302
vn -0.6138 0.4077 -0.6760
vn -0.4650 0.3779 -0.8006
vn -0.1225 0.5640 -0.8166
vn 0.0000 0.5698 -0.8217
vn -0.2747 0.5497 -0.7888
vn -0.2624 0.7409 -0.6182
vn -0.1150 0.7586 -0.6413
vn 0.0000 0.7633 -0.6460
vn -0.4406 0.5385 -0.7182
vn -0.5744 0.5622 -0.5949
vn -0.5273 0.6805 -0.5088
vn -0.4188 0.7090 -0.5672
vn -0.5585 -0.7031 -0.4401
vn -0.7130 -0.4683 -0.5218
vn -0.5829 -0.7665 -0.2695
vn -0.7802 -0.5271 -0.3369
vn -0.8718 -0.2943 -0.3915
vn -0.7670 -0.2657 -0.5841
vn -0.5927 -0.7971 -0.1151
vn -0.8147 -0.5600 -0.1503
vn -0.5933 -0.8050 0.0010
vn -0.8217 -0.5698 0.0005
vn -0.9468 -0.3218 0.0002
vn -0.9315 -0.3146 -0.1824
vn -0.5918 -0.7967 0.1222
vn -0.8133 -0.5610 0.1542
vn -0.5801 -0.7627 0.2858
vn -0.7750 -0.5293 0.3453
vn -0.8700 -0.2967 0.3938
vn -0.9310 -0.3153 0.1835
vn -0.5563 -0.6952 0.4551
vn -0.7052 -0.4728 0.5284
vn -0.5210 -0.6051 0.6019
vn -0.5922 -0.4198 0.6877
vn -0.6268 -0.2472 0.7389
vn -0.7642 -0.2703 0.5855
vn -0.7890 -0.0748 -0.6098
vn -0.9061 -0.0754 -0.4162
vn -0.9018 0.1269 -0.4130
vn -0.7882 0.1097 -0.6055
vn -0.9768 -0.0778 -0.1993
vn -0.9968 -0.0794 0.0000
vn -0.9896 0.1436 0.0000
vn -0.9700 0.1395 -0.1990
vn -0.9768 -0.0780 0.1994
vn -0.9059 -0.0759 0.4165
vn -0.9018 0.1269 0.4130
vn -0.9700 0.1395 0.1990
vn -0.7888 -0.0757 0.6100
vn -0.6428 -0.0782 0.7620
vn -0.6451 0.0947 0.7581
vn -0.7882 0.1097 0.6055
vn -0.7679 0.2792 -0.5764
vn -0.8685 0.3088 -0.3878
vn -0.7969 0.4958 -0.3451
vn -0.7219 0.4553 -0.5211
vn -0.9256 0.3301 -0.1851
vn -0.9414 0.3372 0.0000
vn -0.8508 0.5254 0.0000
vn -0.8391 0.5188 -0.1636
vn -0.9256 0.3301 0.1851
vn -0.8685 0.3088 0.3878
vn -0.7969 0.4958 0.3451
vn -0.8391 0.5188 0.1636
vn -0.7679 0.2792 0.5764
vn -0.6348 0.2525 0.7302
vn -0.6138 0.4077 0.6760
vn -0.7219 0.4553 0.5211
vn -0.6448 0.6193 -0.4480
vn -0.6859 0.6634 -0.2991
vn -0.5680 0.7771 -0.2711
vn -0.5507 0.7348 -0.3959
vn -0.7143 0.6847 -0.1444
vn -0.7235 0.6903 0.0000
vn -0.5856 0.8106 0.0000
vn -0.5810 0.8027 -0.1343
vn -0.7143 0.6847 0.1444
vn -0.6859 0.6634 0.2991
vn -0.5680 0.7771 0.2711
vn -0.5810 0.8027 0.1343
vn -0.6448 0.6193 0.4480
vn -0.5744 0.5622 0.5949
vn -0.5273 0.6805 0.5088
vn -0.5507 0.7348 0.3959
vn -0.3805 -0.6682 0.6393
vn -0.4331 -0.4226 0.7961
vn -0.2289 -0.7150 0.6605
vn -0.2727 -0.4535 0.8485
vn -0.3010 -0.2554 0.9188
vn -0.4660 -0.2414 0.8512
vn -0.0985 -0.7401 0.6652
vn -0.1247 -0.4775 0.8697
vn 0.0000 -0.7474 0.6643
vn 0.0000 -0.4865 0.8737
vn 0.0000 -0.2824 0.9593
vn -0.1436 -0.2742 0.9509
vn -0.4813 -0.0857 0.8723
vn -0.3180 -0.0985 0.9429
vn -0.3228 0.0819 0.9429
vn -0.4861 0.0847 0.8698
vn -0.1559 -0.1105 0.9816
vn 0.0000 -0.1152 0.9933
vn 0.0000 0.0851 0.9964
vn -0.1585 0.0837 0.9838
vn -0.4784 0.2395 0.8448
vn -0.3121 0.2455 0.9178
vn -0.2938 0.3808 0.8767
vn -0.4650 0.3779 0.8006
vn -0.1497 0.2594 0.9541
vn 0.0000 0.2660 0.9640
vn 0.0000 0.4049 0.9143
vn -0.1354 0.3972 0.9077
vn -0.4406 0.5385 0.7182
vn -0.2747 0.5497 0.7888
vn -0.2624 0.7409 0.6182
vn -0.4188 0.7090 0.5672
vn -0.1225 0.5640 0.8166
vn 0.0000 0.5698 0.8217
vn 0.0000 0.7633 0.6460
vn -0.1150 0.7586 0.6413
vn -0.0734 -0.9099 0.4083
vn 0.0000 -0.9139 0.4058
vn -0.1859 -0.8914 0.4134
vn -0.1659 -0.9582 0.2330
vn -0.0609 -0.9710 0.2310
vn 0.0000 -0.9731 0.2304
vn -0.3460 -0.8401 0.4177
vn -0.3395 -0.9081 0.2450
vn -0.0579 -0.9928 0.1050
vn 0.0000 -0.9943 0.1061
vn -0.1614 -0.9816 0.1021
vn -0.1613 -0.9869 0.0004
vn -0.0579 -0.9983 0.0001
vn 0.0000 -1.0000 0.0000
vn -0.3365 -0.9359 0.1036
vn -0.3358 -0.9419 0.0009
vn -0.0573 -0.9929 -0.1042
vn 0.0000 -0.9944 -0.1060
vn -0.1596 -0.9822 -0.0989
vn -0.1584 -0.9614 -0.2251
vn -0.0582 -0.9716 -0.2291
vn 0.0000 -0.9731 -0.2301
vn -0.3349 -0.9372 -0.0969
vn -0.3330 -0.9148 -0.2285
vn -0.0679 -0.9110 -0.4067
vn 0.0000 -0.9141 -0.4055
vn -0.1709 -0.8973 -0.4068
vn -0.3318 -0.8529 -0.4030
vn -0.1115 0.8926 -0.4368
vn 0.0000 0.8981 -0.4398
vn -0.2592 0.8678 -0.4240
vn -0.2572 0.9287 -0.2670
vn -0.1093 0.9562 -0.2714
vn 0.0000 0.9620 -0.2729
vn -0.4220 0.8138 -0.3994
vn -0.4282 0.8644 -0.2636
vn -0.1084 0.9853 -0.1319
vn 0.0000 0.9911 -0.1330
vn -0.2539 0.9584 -0.1299
vn -0.2527 0.9675 0.0000
vn -0.1084 0.9941 0.0000
vn 0.0000 1.0000 0.0000
vn -0.4274 0.8946 -0.1301
vn -0.4267 0.9044 0.0000
vn -0.1084 0.9853 0.1319
vn 0.0000 0.9911 0.1330
vn -0.2539 0.9584 0.1299
vn -0.2572 0.9287 0.2670
vn -0.1093 0.9562 0.2714
vn 0.0000 0.9620 0.2729
vn -0.4274 0.8946 0.1301
vn -0.4282 0.8644 0.2636
vn -0.1115 0.8926 0.4368
vn 0.0000 0.8981 0.4398
vn -0.2592 0.8678 0.4240
vn -0.4220 0.8138 0.3994
vn 0.1219 -0.4764 -0.8707
vn 0.0931 -0.7402 -0.6659
vn 0.1428 -0.2736 -0.9512
vn 0.2991 -0.2532 -0.9200
vn 0.2658 -0.4505 -0.8523
vn 0.2147 -0.7175 -0.6626
vn 0.4271 -0.4172 -0.8022
vn 0.3664 -0.6745 -0.6409
vn 0.4646 -0.2368 -0.8533
vn 0.6279 -0.2413 -0.7399
vn 0.5948 -0.4125 -0.6899
vn 0.5191 -0.6087 -0.5999
vn 0.1558 -0.1104 -0.9816
vn 0.1585 0.0837 -0.9838
vn 0.3228 0.0819 -0.9429
vn 0.3178 -0.0980 -0.9431
vn 0.4811 -0.0847 -0.8726
vn 0.4861 0.0847 -0.8698
vn 0.6451 0.0946 -0.7581
vn 0.6429 -0.0770 -0.7620
vn 0.1497 0.2594 -0.9541
vn 0.1354 0.3972 -0.9077
vn 0.2938 0.3808 -0.8767
vn 0.3121 0.2455 -0.9178
vn 0.4784 0.2395 -0.8448
vn 0.4650 0.3779 -0.8006
vn 0.6138 0.4077 -0.6760
vn 0.6348 0.2525 -0.7302
vn 0.1225 0.5640 -0.8166
vn 0.1150 0.7586 -0.6413
vn 0.2624 0.7409 -0.6182
vn 0.2747 0.5497 -0.7888
vn 0.4406 0.5385 -0.7182
vn 0.4188 0.7090 -0.5672
vn 0.5273 0.6805 -0.5088
vn 0.5744 0.5622 -0.5949
vn 0.7130 -0.4683 -0.5218
vn 0.5585 -0.7031 -0.4401
vn 0.7670 -0.2657 -0.5841
vn 0.8718 -0.2943 -0.3915
vn 0.7802 -0.5271 -0.3369
vn 0.5829 -0.7665 -0.2695
vn 0.8147 -0.5600 -0.1503
vn 0.5927 -0.7971 -0.1151
vn 0.9315 -0.3146 -0.1824
vn 0.9468 -0.3218 0.0002
vn 0.8217 -0.5698 0.0005
vn 0.5933 -0.8050 0.0010
vn 0.8133 -0.5610 0.1542
vn 0.5918 -0.7967 0.1222
vn 0.9310 -0.3153 0.1835
vn 0.8700 -0.2967 0.3938
vn 0.7750 -0.5293 0.3453
vn 0.5801 -0.7627 0.2858
vn 0.7052 -0.4728 0.5284
vn 0.5563 -0.6952 0.4551
vn 0.7642 -0.2703 0.5855
vn 0.6268 -0.2472 0.7389
vn 0.5922 -0.4198 0.6877
vn 0.5210 -0.6051 0.6019
vn 0.7890 -0.0748 -0.6098
vn 0.7882 0.1097 -0.6055
vn 0.9018 0.1269 -0.4130
vn 0.9061 -0.0754 -0.4162
vn 0.9768 -0.0778 -0.1993
vn 0.9700 0.1395 -0.1990
vn 0.9896 0.1436 0.0000
vn 0.9968 -0.0794 0.0000
vn 0.9768 -0.0780 0.1994
vn 0.9700 0.1395 0.1990
vn 0.9018 0.1269 0.4130
vn 0.9059 -0.0759 0.4165
vn 0.7888 -0.0757 0.6100
vn 0.7882 0.1097 0.6055
vn 0.6451 0.0947 0.7581
vn 0.6428 -0.0782 0.7620
vn 0.7679 0.2792 -0.5764
vn 0.7219 0.4553 -0.5211
vn 0.7969 0.4958 -0.3452
vn 0.8685 0.3088 -0.3878
vn 0.9256 0.3301 -0.1851
vn 0.8391 0.5188 -0.1636
vn 0.8508 0.5254 0.0000
vn 0.9414 0.3372 0.0000
vn 0.9256 0.3301 0.1851
vn 0.8391 0.5188 0.1636
vn 0.7969 0.4958 0.3451
vn 0.8685 0.3088 0.3878
vn 0.7679 0.2792 0.5764
vn 0.7219 0.4553 0.5211
vn 0.6138 0.4077 0.6760
vn 0.6348 0.2525 0.7302
vn 0.6448 0.6193 -0.4480
vn 0.5507 0.7348 -0.3959
vn 0.5680 0.7771 -0.2711
vn 0.6859 0.6634 -0.2991
vn 0.7143 0.6847 -0.1444
vn 0.5810 0.8027 -0.1343
vn 0.5856 0.8106 0.0000
vn 0.7235 0.6903 0.0000
vn 0.7143 0.6847 0.1444
vn 0.5810 0.8027 0.1343
vn 0.5680 0.7771 0.2711
vn 0.6859 0.6634 0.2991
vn 0.6448 0.6193 0.4480
vn 0.5507 0.7348 0.3959
vn 0.5273 0.6805 0.5088
vn 0.5744 0.5622 0.5949
vn 0.4331 -0.4226 0.7961
vn 0.3805 -0.6682 0.6393
vn 0.4660 -0.2414 0.8512
vn 0.3010 -0.2554 0.9188
vn 0.2727 -0.4535 0.8485
vn 0.2289 -0.7150 0.6605
vn 0.1247 -0.4775 0.8697
vn 0.0985 -0.7401 0.6652
vn 0.1436 -0.2742 0.9509
vn 0.4813 -0.0857 0.8723
vn 0.4861 0.0847 0.8698
vn 0.3228 0.0819 0.9429
vn 0.3180 -0.0985 0.9429
vn 0.1559 -0.1105 0.9816
vn 0.1585 0.0837 0.9838
vn 0.4784 0.2395 0.8448
vn 0.4650 0.3779 0.8006
vn 0.2938 0.3808 0.8767
vn 0.3121 0.2455 0.9178
vn 0.1497 0.2594 0.9541
vn 0.1354 0.3972 0.9077
vn 0.4406 0.5385 0.7182
vn 0.4188 0.7090 0.5672
vn 0.2624 0.7409 0.6182
vn 0.2747 0.5497 0.7888
vn 0.1225 0.5640 0.8166
vn 0.1150 0.7586 0.6413
vn 0.0734 -0.9099 0.4083
vn 0.0609 -0.9710 0.2310
vn 0.1659 -0.9582 0.2330
vn 0.1859 -0.8914 0.4134
vn 0.3460 -0.8401 0.4177
vn 0.3395 -0.9081 0.2450
vn 0.0579 -0.9928 0.1050
vn 0.0579 -0.9983 0.0001
vn 0.1613 -0.9869 0.0004
vn 0.1614 -0.9816 0.1021
vn 0.3365 -0.9359 0.1036
vn 0.3358 -0.9419 0.0009
vn 0.0573 -0.9929 -0.1042
vn 0.0582 -0.9716 -0.2291
vn 0.1584 -0.9614 -0.2251
vn 0.1596 -0.9822 -0.0989
vn 0.3349 -0.9372 -0.0969
vn 0.3330 -0.9148 -0.2285
vn 0.0679 -0.9110 -0.4067
vn 0.1709 -0.8973 -0.4068
vn 0.3318 -0.8529 -0.4030
vn 0.1115 0.8926 -0.4368
vn 0.1093 0.9562 -0.2714
vn 0.2572 0.9287 -0.2670
vn 0.2592 0.8678 -0.4240
vn 0.4220 0.8138 -0.3994
vn 0.4282 0.8644 -0.2636
vn 0.1084 0.9853 -0.1319
vn 0.1084 0.9941 0.0000
vn 0.2527 0.9675 0.0000
vn 0.2539 0.9584 -0.1299
vn 0.4274 0.8946 -0.1301
vn 0.4267 0.9044 0.0000
vn 0.1084 0.9853 0.1319
vn 0.1093 0.9562 0.2714
vn 0.2572 0.9287 0.2670
vn 0.2539 0.9584 0.1299
vn 0.4274 0.8946 0.1301
vn 0.4282 0.8644 0.2636
vn 0.1115 0.8926 0.4368
vn 0.2592 0.8678 0.4240
vn 0.4220 0.8138 0.3994
vn 0.6895 -0.0982 -0.7176
vn 0.5697 -0.1044 -0.8151
vn 0.5199 0.0702 -0.8513
vn 0.6944 0.0110 -0.7195
vn 0.4570 -0.0876 -0.8851
vn 0.4647 0.0814 -0.8817
vn 0.4646 0.1195 -0.8774
vn 0.5100 0.1168 -0.8522
vn 0.6854 0.1018 -0.7209
vn 0.3342 -0.0912 -0.9380
vn 0.4075 0.0765 -0.9100
vn 0.1869 -0.0701 -0.9799
vn 0.1953 0.0390 -0.9799
vn 0.2095 0.1284 -0.9693
vn 0.4179 0.1219 -0.9003
vn 0.5188 0.1618 -0.8394
vn 0.6923 0.1894 -0.6963
vn 0.4638 0.1575 -0.8718
vn 0.4522 0.3215 -0.8320
vn 0.5647 0.3225 -0.7597
vn 0.6849 0.2944 -0.6665
vn 0.4064 0.1681 -0.8981
vn 0.1932 0.2173 -0.9568
vn 0.1822 0.3225 -0.9288
vn 0.3292 0.3356 -0.8826
vn -0.2105 -0.3299 -0.9202
vn -0.3174 -0.0825 -0.9447
vn -0.6742 -0.5608 -0.4805
vn -0.8287 -0.2205 -0.5143
vn -0.8657 0.0544 -0.4975
vn -0.3201 0.1183 -0.9399
vn -0.8403 -0.5351 0.0869
vn -0.9672 -0.2485 0.0515
vn -0.7975 -0.4138 0.4389
vn -0.8469 -0.2422 0.4734
vn -0.8606 -0.0756 0.5036
vn -0.9960 -0.0231 0.0866
vn -0.3221 0.3137 -0.8932
vn -0.8352 0.3252 -0.4434
vn -0.6886 0.6491 -0.3233
vn -0.2210 0.5491 -0.8060
vn -0.9726 0.2045 0.1103
vn -0.8508 0.0934 0.5170
vn -0.8056 0.2692 0.5277
vn -0.8523 0.4754 0.2181
vn -0.6248 -0.4979 0.6014
vn -0.6395 -0.2636 0.7221
vn -0.4162 -0.5269 0.7410
vn -0.4559 -0.2860 0.8428
vn -0.4646 -0.1195 0.8774
vn -0.6536 -0.1051 0.7495
vn -0.1809 -0.5227 0.8331
vn -0.2507 -0.2854 0.9250
vn 0.0575 -0.4616 0.8852
vn 0.0724 -0.2936 0.9532
vn 0.0701 -0.1277 0.9893
vn -0.2513 -0.1276 0.9594
vn -0.6433 0.0554 0.7635
vn -0.4598 0.0504 0.8866
vn -0.4261 0.3102 0.8498
vn -0.6344 0.3129 0.7068
vn -0.2545 0.0336 0.9665
vn 0.0684 0.0420 0.9968
vn 0.0494 0.2213 0.9739
vn -0.1905 0.2881 0.9384
vn 0.3593 -0.6022 0.7129
vn 0.4855 -0.3298 0.8096
vn 0.7270 -0.6392 0.2508
vn 0.8723 -0.3157 0.3734
vn 0.9037 -0.0446 0.4258
vn 0.4928 -0.1064 0.8636
vn 0.8437 -0.3889 -0.3700
vn 0.9461 -0.1532 -0.2853
vn 0.9614 0.0466 -0.2711
vn 0.4801 0.1232 0.8685
vn 0.8658 0.2300 0.4443
vn 0.7126 0.5707 0.4080
vn 0.3473 0.4083 0.8442
vn 0.9414 0.2430 -0.2338
vn 0.8332 0.4901 -0.2558
vn 0.0526 -0.7962 0.6027
vn -0.2876 -0.8394 0.4612
vn 0.0342 -0.9846 -0.1711
vn 0.4230 -0.9048 0.0481
vn -0.5930 -0.7600 0.2658
vn -0.3590 -0.8611 -0.3600
vn 0.6276 -0.5313 -0.5689
vn 0.3610 -0.5528 -0.7510
vn 0.0624 -0.4997 -0.8639
vn 0.6134 0.6736 -0.4124
vn 0.3457 0.7346 -0.5837
vn 0.0107 0.9962 0.0863
vn 0.4019 0.8722 0.2790
vn 0.0481 0.7052 -0.7074
vn -0.3800 0.9159 -0.1291
vn 0.0358 0.6167 0.7863
vn -0.3057 0.6867 0.6595
vn -0.6097 0.6528 0.4494
vn -0.2191 -0.0982 -0.9707
vn -0.3665 -0.1044 -0.9245
vn -0.4242 0.0702 -0.9028
vn -0.2181 0.0110 -0.9759
vn -0.4870 -0.0876 -0.8690
vn -0.4799 0.0814 -0.8735
vn -0.4764 0.1195 -0.8710
vn -0.4303 0.1168 -0.8951
vn -0.2242 0.1018 -0.9692
vn -0.5988 -0.0912 -0.7957
vn -0.5350 0.0765 -0.8413
vn -0.7149 -0.0701 -0.6957
vn -0.7103 0.0390 -0.7028
vn -0.6936 0.1284 -0.7088
vn -0.5212 0.1219 -0.8447
vn -0.4148 0.1618 -0.8954
vn -0.1999 0.1894 -0.9613
vn -0.4722 0.1575 -0.8673
vn -0.4453 0.3215 -0.8356
vn -0.3230 0.3225 -0.8897
vn -0.1791 0.2944 -0.9387
vn -0.5257 0.1681 -0.8339
vn -0.6921 0.2173 -0.6883
vn -0.6749 0.3225 -0.6637
vn -0.5553 0.3356 -0.7609
vn -0.8840 -0.3299 -0.3311
vn -0.9633 -0.0825 -0.2554
vn -0.7724 -0.5608 0.2981
vn -0.8858 -0.2205 0.4083
vn -0.8921 0.0544 0.4485
vn -0.9608 0.1183 -0.2505
vn -0.3903 -0.5351 0.7492
vn -0.4898 -0.2485 0.8356
vn -0.0729 -0.4138 0.9074
vn -0.0713 -0.2422 0.9676
vn -0.0537 -0.0756 0.9957
vn -0.4763 -0.0231 0.8790
vn -0.9229 0.3137 -0.2231
vn -0.8301 0.3252 0.4528
vn -0.6491 0.6490 0.3967
vn -0.7944 0.5491 -0.2595
vn -0.4436 0.2045 0.8726
vn -0.0371 0.0934 0.9949
vn -0.0033 0.2692 0.9631
vn -0.2873 0.4754 0.8315
vn 0.1578 -0.4979 0.8527
vn 0.2504 -0.2636 0.9315
vn 0.3892 -0.5269 0.7555
vn 0.4523 -0.2860 0.8447
vn 0.4764 -0.1195 0.8710
vn 0.2655 -0.1051 0.9583
vn 0.5957 -0.5227 0.6099
vn 0.6339 -0.2854 0.7188
vn 0.7705 -0.4616 0.4395
vn 0.8354 -0.2936 0.4646
vn 0.8643 -0.1277 0.4864
vn 0.6623 -0.1276 0.7382
vn 0.2829 0.0554 0.9575
vn 0.4866 0.0504 0.8721
vn 0.4745 0.3102 0.8238
vn 0.2404 0.3129 0.9188
vn 0.6664 0.0336 0.7448
vn 0.8696 0.0420 0.4919
vn 0.8401 0.2213 0.4952
vn 0.6783 0.2881 0.6759
vn 0.7929 -0.6022 0.0928
vn 0.9431 -0.3298 0.0407
vn 0.6098 -0.6392 -0.4686
vn 0.7921 -0.3157 -0.5224
vn 0.8532 -0.0446 -0.5197
vn 0.9922 -0.1064 0.0643
vn 0.1559 -0.3889 -0.9080
vn 0.2830 -0.1532 -0.9468
vn 0.3033 0.0466 -0.9518
vn 0.9893 0.1232 0.0776
vn 0.8477 0.2300 -0.4779
vn 0.7331 0.5707 -0.3700
vn 0.8959 0.4083 0.1751
vn 0.3234 0.2430 -0.9145
vn 0.2455 0.4901 -0.8364
vn 0.5320 -0.7962 0.2881
vn 0.2264 -0.8394 0.4941
vn -0.1239 -0.9846 -0.1227
vn 0.2731 -0.9048 -0.3265
vn -0.1047 -0.7600 0.6413
vn -0.4982 -0.8611 0.1013
vn -0.1291 -0.5313 -0.8372
vn -0.4280 -0.5528 -0.7150
vn -0.6867 -0.4997 -0.5279
vn -0.0063 0.6736 -0.7391
vn -0.2967 0.7346 -0.6101
vn 0.0779 0.9962 0.0386
vn 0.4542 0.8721 -0.1817
vn -0.5639 0.7052 -0.4298
vn -0.3171 0.9159 0.2461
vn 0.6760 0.6167 0.4032
vn 0.3820 0.6867 0.6184
vn 0.0392 0.6528 0.7565
vn 0.0125 0.4890 -0.8722
vn 0.1108 0.3982 -0.9106
vn -0.3354 -0.0224 -0.9418
vn -0.3469 -0.0037 -0.9379
vn 0.1835 0.2985 -0.9366
vn -0.3330 -0.0358 -0.9422
vn -0.7169 -0.3543 -0.6004
vn -0.6434 -0.4333 -0.6311
vn -0.5618 -0.4917 -0.6653
vn -0.1884 -0.5465 -0.8159
vn -0.1553 -0.5729 -0.8048
vn -0.4562 -0.0374 -0.8891
vn -0.3872 0.0170 -0.9218
vn -0.3659 -0.6642 -0.6518
vn -0.7539 -0.2921 -0.5885
vn -0.8647 0.2317 -0.4457
vn -0.6505 0.4833 -0.5859
vn -0.4531 0.5854 -0.6723
vn -0.1623 -0.9846 0.0653
vn -0.7823 -0.5375 0.3148
vn 0.1876 -0.6642 0.7236
vn -0.1361 -0.2921 0.9467
vn -0.3149 0.2317 0.9204
vn -0.8930 0.2708 0.3594
vn 0.4293 -0.5465 0.7190
vn 0.2944 -0.5639 0.7716
vn 0.3729 0.0180 0.9277
vn 0.3593 0.0170 0.9331
vn 0.1885 -0.5591 0.8073
vn 0.3733 0.0107 0.9276
vn 0.4119 0.5838 0.6996
vn 0.2997 0.6051 0.7376
vn 0.1389 0.5854 0.7987
vn 0.2182 -0.9719 -0.0878
vn 0.2929 -0.9488 -0.1179
vn 0.4454 -0.5729 0.6880
vn -0.2538 0.9618 0.1021
vn 0.0020 1.0000 -0.0008
vn -0.2947 0.6051 -0.7396
vn 0.1902 0.9787 -0.0769
vn -0.1862 0.5831 -0.7907
vn 0.8464 0.1544 0.5097
vn 0.8827 -0.0276 0.4690
vn 0.9284 -0.0581 -0.3669
vn 0.9122 0.1875 -0.3643
vn 0.8293 -0.3803 0.4094
vn 0.7533 -0.5913 -0.2880
vn 0.3318 -0.4482 -0.8301
vn 0.3314 -0.1245 -0.9352
vn 0.2869 0.0630 -0.9559
vn 0.0192 -0.4659 0.8846
vn -0.0793 -0.3767 0.9229
vn 0.3547 0.0431 0.9340
vn 0.3616 0.0298 0.9319
vn -0.1521 -0.2764 0.9489
vn 0.3558 0.0509 0.9331
vn 0.7403 0.3634 0.5655
vn 0.6690 0.4468 0.5939
vn 0.5842 0.5144 0.6277
vn 0.6558 0.7063 -0.2666
vn 0.5048 0.8379 -0.2075
vn 0.7721 0.5542 -0.3110
vn -0.6403 -0.7242 0.2559
vn -0.4781 -0.8577 0.1889
vn -0.7697 -0.5586 0.3089
vn -0.1535 -0.5521 0.8195
vn -0.5385 -0.8089 0.2357
vn 0.1687 -0.9848 -0.0417
vn 0.4058 -0.5854 0.7018
vn -0.6334 -0.6239 -0.4577
vn -0.1551 -0.6539 -0.7405
vn -0.8072 -0.2285 -0.5442
vn -0.7939 -0.3256 -0.5134
vn -0.8592 -0.3746 0.3484
vn -0.8890 -0.2907 0.3536
vn -0.2533 -0.2130 0.9436
vn -0.2474 -0.1202 0.9614
vn -0.3096 -0.1986 -0.9299
vn -0.3319 -0.0774 -0.9401
vn 0.3892 -0.0591 0.9192
vn 0.3650 0.0473 0.9298
vn -0.2068 -0.1807 0.9615
vn 0.3596 0.0542 0.9315
vn 0.8004 0.2650 0.5377
vn 0.2406 0.1880 -0.9522
vn -0.3339 -0.0482 -0.9414
vn -0.7735 -0.2718 -0.5725
vn -0.8542 -0.3926 0.3408
vn 0.8587 0.3794 -0.3445
vn -0.5420 0.8115 0.2181
vn -0.0633 0.4833 0.8731
vn -0.4215 -0.5595 -0.7137
vn -0.2040 -0.9756 0.0816
vn -0.0294 -0.9995 0.0118
vn -0.3221 -0.5639 -0.7605
vn 0.2868 -0.0374 0.9572
vn -0.3736 0.0180 -0.9274
vn -0.3713 0.0099 -0.9284
vn -0.4869 -0.5340 -0.6912
vn -0.3242 -0.9373 0.1282
vn 0.1143 -0.5286 0.8411
vn 0.4959 0.5568 0.6664
vn 0.3419 0.9292 -0.1400
vn -0.0945 0.5495 -0.8301
vn 0.3698 0.0154 0.9290
vn -0.3628 0.0065 -0.9318
vn -0.1067 0.4149 0.9036
vn -0.1003 0.9240 0.3690
vn -0.0358 0.9284 0.3698
vn -0.0822 0.4140 0.9065
vn -0.0408 0.9149 -0.4016
vn 0.0282 0.9105 -0.4126
vn 0.1114 0.8975 -0.4267
vn 0.0532 0.9281 0.3684
vn -0.0362 0.4117 0.9106
vn -0.2447 0.3700 0.8962
vn -0.0576 0.4220 0.9048
vn -0.3006 0.8862 0.3525
vn -0.4603 0.8223 0.3345
vn 0.3674 0.5028 0.7824
vn 0.3482 0.8817 0.3183
vn 0.2491 0.9111 -0.3283
vn -0.2477 0.8708 -0.4246
vn -0.3944 0.8149 -0.4247
vn 0.1106 -0.3219 0.9403
vn 0.3124 -0.2481 0.9170
vn 0.2263 -0.0738 0.9713
vn 0.0241 -0.1383 0.9901
vn 0.7374 -0.0323 0.6746
vn 0.6536 0.1664 0.7382
vn 0.0353 -0.4659 0.8841
vn -0.0742 -0.5242 0.8483
vn -0.0632 -0.6328 0.7717
vn 0.0272 -0.5900 0.8069
vn -0.5003 -0.6602 0.5602
vn -0.4223 -0.7525 0.5054
vn -0.3206 -0.8614 0.3938
vn -0.1081 -0.8626 0.4942
vn 0.0111 -0.8440 0.5362
vn -0.8384 -0.5231 -0.1533
vn -0.7464 -0.6511 -0.1381
vn -0.6291 -0.0918 -0.7718
vn -0.6105 -0.2773 -0.7419
vn -0.5000 -0.5579 -0.6623
vn -0.4945 -0.8644 -0.0905
vn 0.0927 0.3080 -0.9469
vn 0.0958 0.2784 -0.9557
vn 0.2401 0.8603 -0.4497
vn 0.0238 -0.4289 -0.9030
vn -0.1074 -0.4308 -0.8960
vn -0.3524 -0.3467 -0.8693
vn 0.0602 0.2604 -0.9636
vn 0.4453 0.7334 -0.5137
vn -0.2552 -0.1303 -0.9580
vn -0.4600 -0.8293 -0.3172
vn -0.0817 -0.9285 -0.3623
vn -0.0029 -0.3689 -0.9294
vn -0.2693 -0.7321 0.6256
vn -0.0998 -0.8807 0.4630
vn -0.1026 -0.9042 0.4145
vn -0.0525 -0.9303 -0.3630
vn -0.0119 0.4245 -0.9053
vn 0.0528 0.3553 -0.9332
vn -0.0878 -0.2608 0.9614
vn -0.0896 -0.3077 0.9472
vn -0.0975 -0.3278 0.9397
vn -0.4660 -0.7747 0.4274
vn -0.1173 -0.3386 0.9336
vn -0.1000 -0.3416 0.9345
vn -0.6390 -0.5859 0.4983
vn 0.2975 0.2903 0.9095
vn 0.5399 0.0642 0.8392
vn 0.6288 -0.1102 0.7697
vn -0.0819 -0.3377 0.9377
vn -0.7003 -0.4187 0.5781
vn -0.1108 -0.3288 0.9379
vn -0.2438 -0.8798 0.4080
vn 0.0704 0.3966 0.9153
vn 0.2193 0.9073 0.3587
vn 0.5595 0.7711 0.3037
vn -0.2439 -0.9026 -0.3547
vn -0.5618 -0.7678 -0.3079
vn 0.9767 0.1967 0.0855
vn 0.9422 0.3065 0.1350
vn 0.5942 0.0062 0.8043
vn 0.6831 0.3978 -0.6125
vn 0.6526 0.5247 -0.5465
vn 0.4537 0.8476 -0.2751
vn 0.5602 0.7656 0.3163
vn 0.4000 0.4186 0.8153
vn 0.8833 0.4357 0.1728
vn 0.6200 0.5277 -0.5806
vn -0.8298 -0.5153 -0.2141
vn -0.5562 -0.1469 -0.8179
vn -0.9542 -0.2728 -0.1229
vn -0.6365 0.0653 -0.7685
vn 0.0366 0.2922 -0.9556
vn 0.0417 0.3510 -0.9355
vn -0.0349 0.5238 -0.8511
vn -0.1819 0.4965 -0.8488
vn 0.5323 0.6376 -0.5569
vn 0.6302 0.4339 -0.6438
vn 0.0583 0.3885 -0.9196
vn -0.0964 0.3747 -0.9221
vn -0.0098 0.3565 -0.9342
vn 0.1767 0.3222 -0.9300
vn 0.3385 0.1857 -0.9224
vn 0.1493 0.2127 -0.9656
vn 0.7016 0.2053 -0.6823
vn 0.7633 0.0589 -0.6433
vn 0.8221 -0.1550 -0.5477
vn 0.6612 -0.2114 -0.7197
vn 0.5015 -0.3007 -0.8112
vn 0.7901 -0.6019 -0.1157
vn 0.6250 -0.7710 -0.1222
vn 0.9251 -0.3669 -0.0978
vn 0.8164 -0.4760 0.3269
vn 0.6388 -0.6304 0.4411
vn 0.4496 -0.7339 0.5091
vn -0.4844 -0.6569 0.5777
vn -0.0807 -0.4903 0.8678
vn -0.0634 -0.4480 0.8918
vn 0.0331 -0.4362 0.8992
vn 0.0211 -0.3941 0.9188
vn 0.9993 -0.0285 -0.0229
vn 0.9851 -0.1608 -0.0602
vn 0.7722 -0.2561 0.5814
vn 0.7988 -0.3608 0.4813
vn -0.1026 0.9128 -0.3952
vn -0.0514 0.5025 -0.8630
vn -0.1518 0.9082 -0.3901
vn -0.0612 0.5487 -0.8337
vn -0.0517 0.4146 -0.9085
vn -0.1108 0.3143 -0.9428
vn -0.2881 0.8736 -0.3922
vn -0.3609 0.8417 -0.4016
vn -0.1658 0.5210 -0.8372
vn -0.1291 0.5427 -0.8299
vn -0.0887 0.4006 -0.9119
vn -0.0727 0.4232 -0.9031
vn -0.2770 -0.5359 -0.7975
vn -0.1945 -0.9776 -0.0799
vn -0.0809 -0.4967 -0.8641
vn -0.0108 -0.9941 -0.1078
vn 0.2071 -0.4442 -0.8717
vn 0.3488 -0.3887 -0.8528
vn 0.4466 -0.8865 -0.1213
vn 0.2858 -0.9510 -0.1180
vn 0.2982 -0.7912 0.5339
vn 0.1819 -0.8226 0.5387
vn -0.2412 0.2500 -0.9377
vn -0.2571 0.0737 -0.9636
vn -0.0918 0.3542 -0.9306
vn -0.0986 0.1695 -0.9806
vn -0.0370 0.3817 -0.9235
vn -0.0237 0.3748 -0.9268
vn 0.0813 0.2156 -0.9731
vn 0.0263 0.2037 -0.9786
vn -0.0762 0.4045 -0.9113
vn -0.1986 0.2970 -0.9340
vn -0.5565 -0.0675 -0.8281
vn -0.0611 -0.2020 0.9775
vn -0.0291 -0.1761 0.9839
vn -0.1406 0.4074 0.9023
vn -0.1232 0.4127 0.9025
vn 0.0490 -0.3753 0.9256
vn 0.0667 -0.3514 0.9338
vn -0.0163 -0.1599 0.9870
vn -0.0217 -0.1769 0.9839
vn -0.2562 0.3775 0.8899
vn -0.2167 0.3845 0.8973
vn 0.3373 -0.3689 0.8661
vn 0.4220 -0.4781 0.7702
vn 0.1220 -0.3988 0.9089
vn 0.2214 -0.5227 0.8233
vn 0.0420 -0.4396 0.8972
vn 0.0336 -0.4577 0.8885
vn 0.0418 -0.5793 0.8140
vn 0.0773 -0.5659 0.8208
vn 0.0895 -0.8358 0.5416
vn -0.1556 0.9174 0.3663
vn -0.2026 0.9095 0.3630
vn -0.4253 0.8392 0.3388
vn -0.3468 0.8698 0.3509
vn -0.6175 0.3117 0.7221
vn -0.1478 0.4138 0.8983
vn -0.1428 0.9187 0.3682
vn -0.7454 0.6218 0.2402
vn -0.0637 0.9286 -0.3655
vn -0.5695 0.7501 -0.3361
vn -0.9982 0.0598 0.0069
vn -0.6696 0.3678 -0.6453
vn -0.7229 -0.1534 0.6737
vn 0.0216 0.5416 -0.8404
vn -0.1007 -0.1744 0.9795
vn -0.1703 0.3959 0.9023
vn -0.2613 0.8957 0.3598
vn -0.2085 0.8975 -0.3886
vn 0.0660 -0.4183 0.9059
vn 0.1341 -0.5452 0.8274
vn 0.0350 -0.3899 0.9202
vn -0.0239 -0.1813 0.9831
vn -0.0576 0.3773 -0.9243
vn -0.0322 0.1938 -0.9805
vn 0.0697 -0.4715 -0.8791
vn 0.1403 -0.9831 -0.1173
vn -0.0896 0.5542 -0.8275
vn -0.0566 0.4314 -0.9004
vn -0.0611 0.4259 -0.9027
vn -0.0614 0.4216 -0.9047
vn 0.0659 -0.3861 0.9201
vn 0.1122 -0.3605 0.9260
vn 0.0484 -0.4107 0.9105
vn 0.0395 -0.4292 0.9023
vn 0.3164 -0.3126 0.8956
vn 0.7566 -0.1559 0.6349
vn -0.0651 0.4021 -0.9133
vn -0.0649 0.3760 -0.9243
vn 0.9632 0.2579 0.0757
vn 0.9943 0.1042 0.0202
vn 0.6629 0.3144 -0.6795
vn 0.0993 0.3609 -0.9273
vn -0.7943 -0.5720 -0.2046
vn 0.8620 0.4800 0.1626
usemtl Mikey
s 1
f 1382/1534/1357 1436/1535/1358 1437/1536/1359 1430/1537/1360
f 1436/1535/1358 1381/1538/1361 1401/1539/1362 1437/1536/1359
f 1437/1536/1359 1401/1539/1362 1365/1540/1363 1400/1541/1364
f 1430/1537/1360 1437/1536/1359 1400/1541/1364 1368/1542/1365
f 1377/1543/1366 1428/1544/1367 1438/1545/1368 1421/1546/1369
f 1428/1544/1367 1378/1547/1370 1390/1548/1371 1438/1545/1368
f 1438/1545/1368 1390/1548/1371 1364/1549/1372 1391/1550/1373
f 1421/1546/1369 1438/1545/1368 1391/1550/1373 1363/1551/1374
f 1363/1551/1374 1391/1550/1373 1439/1552/1375 1392/1553/1376
f 1391/1550/1373 1364/1549/1372 1393/1554/1377 1439/1552/1375
f 1439/1552/1375 1393/1554/1377 1362/1555/1378 1394/1556/1379
f 1392/1553/1376 1439/1552/1375 1394/1556/1379 1361/1557/1380
f 1379/1558/1381 1427/1559/1382 1440/1560/1383 1423/1561/1384
f 1427/1559/1382 1380/1562/1385 1396/1563/1386 1440/1560/1383
f 1440/1560/1383 1396/1563/1386 1358/1564/1387 1386/1565/1388
f 1423/1561/1384 1440/1560/1383 1386/1565/1388 1357/1566/1389
f 1377/1567/1366 1421/1568/1369 1441/1569/1390 1426/1570/1391
f 1421/1568/1369 1363/1571/1374 1392/1572/1376 1441/1569/1390
f 1441/1569/1390 1392/1572/1376 1361/1573/1380 1395/1574/1392
f 1426/1570/1391 1441/1569/1390 1395/1574/1392 1379/1558/1381
f 1378/1575/1370 1422/1576/1393 1442/1577/1394 1425/1578/1395
f 1422/1576/1393 1360/1579/1396 1387/1580/1397 1442/1577/1394
f 1442/1577/1394 1387/1580/1397 1358/1564/1387 1396/1563/1386
f 1425/1578/1395 1442/1577/1394 1396/1563/1386 1380/1562/1385
f 1374/1581/1398 1420/1582/1399 1443/1583/1400 1414/1584/1401
f 1420/1582/1399 1373/1585/1402 1409/1586/1403 1443/1583/1400
f 1443/1583/1400 1409/1586/1403 1372/1587/1404 1407/1588/1405
f 1414/1584/1401 1443/1583/1400 1407/1588/1405 1371/1589/1406
f 1384/1590/1407 1435/1591/1408 1444/1592/1409 1432/1593/1410
f 1435/1591/1408 1383/1594/1411 1403/1595/1412 1444/1592/1409
f 1444/1592/1409 1403/1595/1412 1367/1596/1413 1398/1597/1414
f 1432/1593/1410 1444/1592/1409 1398/1597/1414 1366/1598/1415
f 1383/1594/1411 1434/1599/1416 1445/1600/1417 1403/1595/1412
f 1434/1599/1416 1382/1601/1357 1430/1602/1360 1445/1600/1417
f 1445/1600/1417 1430/1602/1360 1368/1603/1365 1399/1604/1418
f 1403/1595/1412 1445/1600/1417 1399/1604/1418 1367/1596/1413
f 1381/1605/1361 1433/1606/1419 1446/1607/1420 1401/1608/1362
f 1433/1606/1419 1384/1590/1407 1432/1593/1410 1446/1607/1420
f 1446/1607/1420 1432/1593/1410 1366/1598/1415 1397/1609/1421
f 1401/1608/1362 1446/1607/1420 1397/1609/1421 1365/1610/1363
f 1370/1611/1422 1406/1612/1423 1447/1613/1424 1405/1614/1425
f 1406/1612/1423 1371/1615/1406 1407/1616/1405 1447/1613/1424
f 1447/1613/1424 1407/1616/1405 1372/1617/1404 1408/1618/1426
f 1405/1614/1425 1447/1613/1424 1408/1618/1426 1369/1619/1427
f 1376/1620/1428 1419/1621/1429 1448/1622/1430 1416/1623/1431
f 1419/1621/1429 1375/1624/1432 1411/1625/1433 1448/1622/1430
f 1448/1622/1430 1411/1625/1433 1370/1626/1422 1405/1627/1425
f 1416/1623/1431 1448/1622/1430 1405/1627/1425 1369/1628/1427
f 1373/1629/1402 1418/1630/1434 1449/1631/1435 1409/1632/1403
f 1418/1630/1434 1376/1633/1428 1416/1634/1431 1449/1631/1435
f 1449/1631/1435 1416/1634/1431 1369/1619/1427 1408/1618/1426
f 1409/1632/1403 1449/1631/1435 1408/1618/1426 1372/1617/1404
f 1375/1624/1432 1417/1635/1436 1450/1636/1437 1411/1625/1433
f 1417/1635/1436 1374/1581/1398 1414/1584/1401 1450/1636/1437
f 1450/1636/1437 1414/1584/1401 1371/1589/1406 1406/1637/1423
f 1411/1625/1433 1450/1636/1437 1406/1637/1423 1370/1626/1422
f 1366/1598/1415 1398/1597/1414 1451/1638/1438 1415/1639/1439
f 1398/1597/1414 1367/1596/1413 1410/1640/1440 1451/1638/1438
f 1451/1638/1438 1410/1640/1440 1374/1581/1398 1417/1635/1436
f 1415/1639/1439 1451/1638/1438 1417/1635/1436 1375/1624/1432
f 1368/1542/1365 1400/1541/1364 1452/1641/1441 1413/1642/1442
f 1400/1541/1364 1365/1540/1363 1412/1643/1443 1452/1641/1441
f 1452/1641/1441 1412/1643/1443 1376/1633/1428 1418/1630/1434
f 1413/1642/1442 1452/1641/1441 1418/1630/1434 1373/1629/1402
f 1365/1610/1363 1397/1609/1421 1453/1644/1444 1412/1645/1443
f 1397/1609/1421 1366/1598/1415 1415/1639/1439 1453/1644/1444
f 1453/1644/1444 1415/1639/1439 1375/1624/1432 1419/1621/1429
f 1412/1645/1443 1453/1644/1444 1419/1621/1429 1376/1620/1428
f 1367/1596/1413 1399/1604/1418 1454/1646/1445 1410/1640/1440
f 1399/1604/1418 1368/1603/1365 1413/1647/1442 1454/1646/1445
f 1454/1646/1445 1413/1647/1442 1373/1585/1402 1420/1582/1399
f 1410/1640/1440 1454/1646/1445 1420/1582/1399 1374/1581/1398
f 1364/1648/1372 1390/1649/1371 1455/1650/1446 1393/1651/1377
f 1390/1649/1371 1378/1575/1370 1425/1578/1395 1455/1650/1446
f 1455/1650/1446 1425/1578/1395 1380/1562/1385 1424/1652/1447
f 1393/1651/1377 1455/1650/1446 1424/1652/1447 1362/1653/1378
f 1359/1654/1448 1389/1655/1449 1456/1656/1450 1385/1657/1451
f 1389/1655/1449 1377/1567/1366 1426/1570/1391 1456/1656/1450
f 1456/1656/1450 1426/1570/1391 1379/1558/1381 1423/1561/1384
f 1385/1657/1451 1456/1656/1450 1423/1561/1384 1357/1566/1389
f 1361/1573/1380 1394/1658/1379 1457/1659/1452 1395/1574/1392
f 1394/1658/1379 1362/1653/1378 1424/1652/1447 1457/1659/1452
f 1457/1659/1452 1424/1652/1447 1380/1562/1385 1427/1559/1382
f 1395/1574/1392 1457/1659/1452 1427/1559/1382 1379/1558/1381
f 1359/1660/1448 1388/1661/1453 1458/1662/1454 1389/1663/1449
f 1388/1661/1453 1360/1664/1396 1422/1665/1393 1458/1662/1454
f 1458/1662/1454 1422/1665/1393 1378/1547/1370 1428/1544/1367
f 1389/1663/1449 1458/1662/1454 1428/1544/1367 1377/1543/1366
f 1359/1654/1448 1385/1657/1451 1459/1666/1455 1429/1667/1456
f 1385/1657/1451 1357/1566/1389 1404/1668/1457 1459/1666/1455
f 1459/1666/1455 1404/1668/1457 1384/1590/1407 1433/1606/1419
f 1429/1667/1456 1459/1666/1455 1433/1606/1419 1381/1605/1361
f 1358/1564/1387 1387/1580/1397 1460/1669/1458 1431/1670/1459
f 1387/1580/1397 1360/1579/1396 1402/1671/1460 1460/1669/1458
f 1460/1669/1458 1402/1671/1460 1382/1601/1357 1434/1599/1416
f 1431/1670/1459 1460/1669/1458 1434/1599/1416 1383/1594/1411
f 1357/1566/1389 1386/1565/1388 1461/1672/1461 1404/1668/1457
f 1386/1565/1388 1358/1564/1387 1431/1670/1459 1461/1672/1461
f 1461/1672/1461 1431/1670/1459 1383/1594/1411 1435/1591/1408
f 1404/1668/1457 1461/1672/1461 1435/1591/1408 1384/1590/1407
f 1360/1664/1396 1388/1661/1453 1462/1673/1462 1402/1674/1460
f 1388/1661/1453 1359/1660/1448 1429/1675/1456 1462/1673/1462
f 1462/1673/1462 1429/1675/1456 1381/1538/1361 1436/1535/1358
f 1402/1674/1460 1462/1673/1462 1436/1535/1358 1382/1534/1357
f 1504/1676/1463 1561/1677/1464 1753/1678/1465 1562/1679/1466
f 1561/1677/1464 1463/1680/1467 1617/1681/1468 1753/1678/1465
f 1753/1678/1465 1617/1681/1468 1464/1682/1469 1563/1683/1470
f 1562/1679/1466 1753/1678/1465 1563/1683/1470 1506/1684/1471
f 1463/1680/1467 1620/1685/1472 1754/1686/1473 1617/1681/1468
f 1620/1685/1472 1467/1687/1474 1570/1688/1475 1754/1686/1473
f 1754/1686/1473 1570/1688/1475 1471/1689/1476 1622/1690/1477
f 1617/1681/1468 1754/1686/1473 1622/1690/1477 1464/1682/1469
f 1506/1684/1471 1563/1683/1470 1755/1691/1478 1564/1692/1479
f 1563/1683/1470 1464/1682/1469 1618/1693/1480 1755/1691/1478
f 1755/1691/1478 1618/1693/1480 1465/1694/1481 1565/1695/1482
f 1564/1692/1479 1755/1691/1478 1565/1695/1482 1508/1696/1483
f 1464/1682/1469 1622/1690/1477 1756/1697/1484 1618/1693/1480
f 1622/1690/1477 1471/1689/1476 1574/1698/1485 1756/1697/1484
f 1756/1697/1484 1574/1698/1485 1475/1699/1486 1626/1700/1487
f 1618/1693/1480 1756/1697/1484 1626/1700/1487 1465/1694/1481
f 1508/1696/1483 1565/1695/1482 1757/1701/1488 1566/1702/1489
f 1565/1695/1482 1465/1694/1481 1619/1703/1490 1757/1701/1488
f 1757/1701/1488 1619/1703/1490 1466/1704/1491 1567/1705/1492
f 1566/1702/1489 1757/1701/1488 1567/1705/1492 1510/1706/1493
f 1465/1694/1481 1626/1700/1487 1758/1707/1494 1619/1703/1490
f 1626/1700/1487 1475/1699/1486 1578/1708/1495 1758/1707/1494
f 1758/1707/1494 1578/1708/1495 1479/1709/1496 1630/1710/1497
f 1619/1703/1490 1758/1707/1494 1630/1710/1497 1466/1704/1491
f 1510/1706/1493 1567/1705/1492 1759/1711/1498 1596/1712/1499
f 1567/1705/1492 1466/1704/1491 1647/1713/1500 1759/1711/1498
f 1759/1711/1498 1647/1713/1500 1494/1714/1501 1612/1715/1502
f 1596/1712/1499 1759/1711/1498 1612/1715/1502 1546/1716/1503
f 1466/1704/1491 1630/1710/1497 1760/1717/1504 1647/1713/1500
f 1630/1710/1497 1479/1709/1496 1597/1718/1505 1760/1717/1504
f 1760/1717/1504 1597/1718/1505 1495/1719/1506 1663/1720/1507
f 1647/1713/1500 1760/1717/1504 1663/1720/1507 1494/1714/1501
f 1467/1687/1474 1568/1721/1508 1761/1722/1509 1570/1688/1475
f 1568/1721/1508 1468/1723/1510 1623/1724/1511 1761/1722/1509
f 1761/1722/1509 1623/1724/1511 1472/1725/1512 1571/1726/1513
f 1570/1688/1475 1761/1722/1509 1571/1726/1513 1471/1689/1476
f 1468/1723/1510 1621/1727/1514 1762/1728/1515 1623/1724/1511
f 1621/1727/1514 1469/1729/1516 1572/1730/1517 1762/1728/1515
f 1762/1728/1515 1572/1730/1517 1473/1731/1518 1624/1732/1519
f 1623/1724/1511 1762/1728/1515 1624/1732/1519 1472/1725/1512
f 1469/1733/1516 1569/1734/1520 1763/1735/1521 1572/1736/1517
f 1569/1734/1520 1470/1737/1522 1625/1738/1523 1763/1735/1521
f 1763/1735/1521 1625/1738/1523 1474/1739/1524 1573/1740/1525
f 1572/1736/1517 1763/1735/1521 1573/1740/1525 1473/1741/1518
f 1470/1737/1522 1634/1742/1526 1764/1743/1527 1625/1738/1523
f 1634/1742/1526 1483/1744/1528 1583/1745/1529 1764/1743/1527
f 1764/1743/1527 1583/1745/1529 1485/1746/1530 1636/1747/1531
f 1625/1738/1523 1764/1743/1527 1636/1747/1531 1474/1739/1524
f 1471/1689/1476 1571/1726/1513 1765/1748/1532 1574/1698/1485
f 1571/1726/1513 1472/1725/1512 1627/1749/1533 1765/1748/1532
f 1765/1748/1532 1627/1749/1533 1476/1750/1534 1575/1751/1535
f 1574/1698/1485 1765/1748/1532 1575/1751/1535 1475/1699/1486
f 1472/1725/1512 1624/1732/1519 1766/1752/1536 1627/1749/1533
f 1624/1732/1519 1473/1731/1518 1576/1753/1537 1766/1752/1536
f 1766/1752/1536 1576/1753/1537 1477/1754/1538 1628/1755/1539
f 1627/1749/1533 1766/1752/1536 1628/1755/1539 1476/1750/1534
f 1473/1741/1518 1573/1740/1525 1767/1756/1540 1576/1757/1537
f 1573/1740/1525 1474/1739/1524 1629/1758/1541 1767/1756/1540
f 1767/1756/1540 1629/1758/1541 1478/1759/1542 1577/1760/1543
f 1576/1757/1537 1767/1756/1540 1577/1760/1543 1477/1761/1538
f 1474/1739/1524 1636/1747/1531 1768/1762/1544 1629/1758/1541
f 1636/1747/1531 1485/1746/1530 1586/1763/1545 1768/1762/1544
f 1768/1762/1544 1586/1763/1545 1487/1764/1546 1639/1765/1547
f 1629/1758/1541 1768/1762/1544 1639/1765/1547 1478/1759/1542
f 1475/1699/1486 1575/1751/1535 1769/1766/1548 1578/1708/1495
f 1575/1751/1535 1476/1750/1534 1631/1767/1549 1769/1766/1548
f 1769/1766/1548 1631/1767/1549 1480/1768/1550 1579/1769/1551
f 1578/1708/1495 1769/1766/1548 1579/1769/1551 1479/1709/1496
f 1476/1750/1534 1628/1755/1539 1770/1770/1552 1631/1767/1549
f 1628/1755/1539 1477/1754/1538 1580/1771/1553 1770/1770/1552
f 1770/1770/1552 1580/1771/1553 1481/1772/1554 1632/1773/1555
f 1631/1767/1549 1770/1770/1552 1632/1773/1555 1480/1768/1550
f 1477/1761/1538 1577/1760/1543 1771/1774/1556 1580/1775/1553
f 1577/1760/1543 1478/1759/1542 1633/1776/1557 1771/1774/1556
f 1771/1774/1556 1633/1776/1557 1482/1777/1558 1581/1778/1559
f 1580/1775/1553 1771/1774/1556 1581/1778/1559 1481/1779/1554
f 1478/1759/1542 1639/1765/1547 1772/1780/1560 1633/1776/1557
f 1639/1765/1547 1487/1764/1546 1589/1781/1561 1772/1780/1560
f 1772/1780/1560 1589/1781/1561 1489/1782/1562 1642/1783/1563
f 1633/1776/1557 1772/1780/1560 1642/1783/1563 1482/1777/1558
f 1479/1709/1496 1579/1769/1551 1773/1784/1564 1597/1718/1505
f 1579/1769/1551 1480/1768/1550 1649/1785/1565 1773/1784/1564
f 1773/1784/1564 1649/1785/1565 1497/1786/1566 1643/1787/1567
f 1597/1718/1505 1773/1784/1564 1643/1787/1567 1495/1719/1506
f 1480/1768/1550 1632/1773/1555 1774/1788/1568 1649/1785/1565
f 1632/1773/1555 1481/1772/1554 1600/1789/1569 1774/1788/1568
f 1774/1788/1568 1600/1789/1569 1499/1790/1570 1594/1791/1571
f 1649/1785/1565 1774/1788/1568 1594/1791/1571 1497/1786/1566
f 1481/1779/1554 1581/1778/1559 1775/1792/1572 1600/1793/1569
f 1581/1778/1559 1482/1777/1558 1653/1794/1573 1775/1792/1572
f 1775/1792/1572 1653/1794/1573 1501/1795/1574 1657/1796/1575
f 1600/1793/1569 1775/1792/1572 1657/1796/1575 1499/1797/1570
f 1482/1777/1558 1642/1783/1563 1776/1798/1576 1653/1794/1573
f 1642/1783/1563 1489/1782/1562 1603/1799/1577 1776/1798/1576
f 1776/1798/1576 1603/1799/1577 1503/1800/1578 1611/1801/1579
f 1653/1794/1573 1776/1798/1576 1611/1801/1579 1501/1795/1574
f 1483/1744/1528 1582/1802/1580 1777/1803/1581 1583/1745/1529
f 1582/1802/1580 1484/1804/1582 1637/1805/1583 1777/1803/1581
f 1777/1803/1581 1637/1805/1583 1486/1806/1584 1584/1807/1585
f 1583/1745/1529 1777/1803/1581 1584/1807/1585 1485/1746/1530
f 1484/1804/1582 1635/1808/1586 1778/1809/1587 1637/1805/1583
f 1635/1808/1586 1530/1810/1588 1585/1811/1589 1778/1809/1587
f 1778/1809/1587 1585/1811/1589 1533/1812/1590 1638/1813/1591
f 1637/1805/1583 1778/1809/1587 1638/1813/1591 1486/1806/1584
f 1485/1746/1530 1584/1807/1585 1779/1814/1592 1586/1763/1545
f 1584/1807/1585 1486/1806/1584 1640/1815/1593 1779/1814/1592
f 1779/1814/1592 1640/1815/1593 1488/1816/1594 1587/1817/1595
f 1586/1763/1545 1779/1814/1592 1587/1817/1595 1487/1764/1546
f 1486/1806/1584 1638/1813/1591 1780/1818/1596 1640/1815/1593
f 1638/1813/1591 1533/1812/1590 1588/1819/1597 1780/1818/1596
f 1780/1818/1596 1588/1819/1597 1536/1820/1598 1641/1821/1599
f 1640/1815/1593 1780/1818/1596 1641/1821/1599 1488/1816/1594
f 1487/1764/1546 1587/1817/1595 1781/1822/1600 1589/1781/1561
f 1587/1817/1595 1488/1816/1594 1662/1823/1601 1781/1822/1600
f 1781/1822/1600 1662/1823/1601 1490/1824/1602 1590/1825/1603
f 1589/1781/1561 1781/1822/1600 1590/1825/1603 1489/1782/1562
f 1488/1816/1594 1641/1821/1599 1782/1826/1604 1662/1823/1601
f 1641/1821/1599 1536/1820/1598 1591/1827/1605 1782/1826/1604
f 1782/1826/1604 1591/1827/1605 1539/1828/1606 1644/1829/1607
f 1662/1823/1601 1782/1826/1604 1644/1829/1607 1490/1824/1602
f 1489/1782/1562 1590/1825/1603 1783/1830/1608 1603/1799/1577
f 1590/1825/1603 1490/1824/1602 1654/1831/1609 1783/1830/1608
f 1783/1830/1608 1654/1831/1609 1502/1832/1610 1614/1833/1611
f 1603/1799/1577 1783/1830/1608 1614/1833/1611 1503/1800/1578
f 1490/1824/1602 1644/1829/1607 1784/1834/1612 1654/1831/1609
f 1644/1829/1607 1539/1828/1606 1602/1835/1613 1784/1834/1612
f 1784/1834/1612 1602/1835/1613 1558/1836/1614 1661/1837/1615
f 1654/1831/1609 1784/1834/1612 1661/1837/1615 1502/1832/1610
f 1530/1810/1588 1635/1808/1586 1785/1838/1616 1592/1839/1617
f 1635/1808/1586 1484/1804/1582 1645/1840/1618 1785/1838/1616
f 1785/1838/1616 1645/1840/1618 1491/1841/1619 1599/1842/1620
f 1592/1839/1617 1785/1838/1616 1599/1842/1620 1540/1843/1621
f 1484/1804/1582 1582/1802/1580 1786/1844/1622 1645/1840/1618
f 1582/1802/1580 1483/1744/1528 1634/1742/1526 1786/1844/1622
f 1786/1844/1622 1634/1742/1526 1470/1737/1522 1613/1845/1623
f 1645/1840/1618 1786/1844/1622 1613/1845/1623 1491/1841/1619
f 1540/1843/1621 1599/1842/1620 1787/1846/1624 1646/1847/1625
f 1599/1842/1620 1491/1841/1619 1593/1848/1626 1787/1846/1624
f 1787/1846/1624 1593/1848/1626 1492/1849/1627 1656/1850/1628
f 1646/1847/1625 1787/1846/1624 1656/1850/1628 1542/1851/1629
f 1491/1841/1619 1613/1845/1623 1788/1852/1630 1593/1848/1626
f 1613/1845/1623 1470/1737/1522 1569/1734/1520 1788/1852/1630
f 1788/1852/1630 1569/1734/1520 1469/1733/1516 1664/1853/1631
f 1593/1848/1626 1788/1852/1630 1664/1853/1631 1492/1849/1627
f 1542/1854/1629 1656/1855/1628 1789/1856/1632 1595/1857/1633
f 1656/1855/1628 1492/1858/1627 1607/1859/1634 1789/1856/1632
f 1789/1856/1632 1607/1859/1634 1493/1860/1635 1609/1861/1636
f 1595/1857/1633 1789/1856/1632 1609/1861/1636 1544/1862/1637
f 1492/1858/1627 1664/1863/1631 1790/1864/1638 1607/1859/1634
f 1664/1863/1631 1469/1729/1516 1621/1727/1514 1790/1864/1638
f 1790/1864/1638 1621/1727/1514 1468/1723/1510 1616/1865/1639
f 1607/1859/1634 1790/1864/1638 1616/1865/1639 1493/1860/1635
f 1544/1862/1637 1609/1861/1636 1791/1866/1640 1655/1867/1641
f 1609/1861/1636 1493/1860/1635 1605/1868/1642 1791/1866/1640
f 1791/1866/1640 1605/1868/1642 1463/1680/1467 1561/1677/1464
f 1655/1867/1641 1791/1866/1640 1561/1677/1464 1504/1676/1463
f 1493/1860/1635 1616/1865/1639 1792/1869/1643 1605/1868/1642
f 1616/1865/1639 1468/1723/1510 1568/1721/1508 1792/1869/1643
f 1792/1869/1643 1568/1721/1508 1467/1687/1474 1620/1685/1472
f 1605/1868/1642 1792/1869/1643 1620/1685/1472 1463/1680/1467
f 1546/1716/1503 1612/1715/1502 1793/1870/1644 1648/1871/1645
f 1612/1715/1502 1494/1714/1501 1598/1872/1646 1793/1870/1644
f 1793/1870/1644 1598/1872/1646 1496/1873/1647 1606/1874/1648
f 1648/1871/1645 1793/1870/1644 1606/1874/1648 1549/1875/1649
f 1494/1714/1501 1663/1720/1507 1794/1876/1650 1598/1872/1646
f 1663/1720/1507 1495/1719/1506 1643/1787/1567 1794/1876/1650
f 1794/1876/1650 1643/1787/1567 1497/1786/1566 1660/1877/1651
f 1598/1872/1646 1794/1876/1650 1660/1877/1651 1496/1873/1647
f 1549/1875/1649 1606/1874/1648 1795/1878/1652 1615/1879/1653
f 1606/1874/1648 1496/1873/1647 1650/1880/1654 1795/1878/1652
f 1795/1878/1652 1650/1880/1654 1498/1881/1655 1651/1882/1656
f 1615/1879/1653 1795/1878/1652 1651/1882/1656 1552/1883/1657
f 1496/1873/1647 1660/1877/1651 1796/1884/1658 1650/1880/1654
f 1660/1877/1651 1497/1786/1566 1594/1791/1571 1796/1884/1658
f 1796/1884/1658 1594/1791/1571 1499/1790/1570 1604/1885/1659
f 1650/1880/1654 1796/1884/1658 1604/1885/1659 1498/1881/1655
f 1552/1886/1657 1651/1887/1656 1797/1888/1660 1652/1889/1661
f 1651/1887/1656 1498/1890/1655 1601/1891/1662 1797/1888/1660
f 1797/1888/1660 1601/1891/1662 1500/1892/1663 1608/1893/1664
f 1652/1889/1661 1797/1888/1660 1608/1893/1664 1555/1894/1665
f 1498/1890/1655 1604/1895/1659 1798/1896/1666 1601/1891/1662
f 1604/1895/1659 1499/1797/1570 1657/1796/1575 1798/1896/1666
f 1798/1896/1666 1657/1796/1575 1501/1795/1574 1658/1897/1667
f 1601/1891/1662 1798/1896/1666 1658/1897/1667 1500/1892/1663
f 1555/1894/1665 1608/1893/1664 1799/1898/1668 1610/1899/1669
f 1608/1893/1664 1500/1892/1663 1659/1900/1670 1799/1898/1668
f 1799/1898/1668 1659/1900/1670 1502/1832/1610 1661/1837/1615
f 1610/1899/1669 1799/1898/1668 1661/1837/1615 1558/1836/1614
f 1500/1892/1663 1658/1897/1667 1800/1901/1671 1659/1900/1670
f 1658/1897/1667 1501/1795/1574 1611/1801/1579 1800/1901/1671
f 1800/1901/1671 1611/1801/1579 1503/1800/1578 1614/1833/1611
f 1659/1900/1670 1800/1901/1671 1614/1833/1611 1502/1832/1610
f 1504/1676/1463 1562/1679/1466 1801/1902/1672 1665/1903/1673
f 1562/1679/1466 1506/1684/1471 1666/1904/1674 1801/1902/1672
f 1801/1902/1672 1666/1904/1674 1507/1905/1675 1709/1906/1676
f 1665/1903/1673 1801/1902/1672 1709/1906/1676 1505/1907/1677
f 1505/1907/1677 1709/1906/1676 1802/1908/1678 1712/1909/1679
f 1709/1906/1676 1507/1905/1675 1714/1910/1680 1802/1908/1678
f 1802/1908/1678 1714/1910/1680 1516/1911/1681 1671/1912/1682
f 1712/1909/1679 1802/1908/1678 1671/1912/1682 1512/1913/1683
f 1506/1684/1471 1564/1692/1479 1803/1914/1684 1666/1904/1674
f 1564/1692/1479 1508/1696/1483 1667/1915/1685 1803/1914/1684
f 1803/1914/1684 1667/1915/1685 1509/1916/1686 1710/1917/1687
f 1666/1904/1674 1803/1914/1684 1710/1917/1687 1507/1905/1675
f 1507/1905/1675 1710/1917/1687 1804/1918/1688 1714/1910/1680
f 1710/1917/1687 1509/1916/1686 1718/1919/1689 1804/1918/1688
f 1804/1918/1688 1718/1919/1689 1520/1920/1690 1675/1921/1691
f 1714/1910/1680 1804/1918/1688 1675/1921/1691 1516/1911/1681
f 1508/1696/1483 1566/1702/1489 1805/1922/1692 1667/1915/1685
f 1566/1702/1489 1510/1706/1493 1668/1923/1693 1805/1922/1692
f 1805/1922/1692 1668/1923/1693 1511/1924/1694 1711/1925/1695
f 1667/1915/1685 1805/1922/1692 1711/1925/1695 1509/1916/1686
f 1509/1916/1686 1711/1925/1695 1806/1926/1696 1718/1919/1689
f 1711/1925/1695 1511/1924/1694 1722/1927/1697 1806/1926/1696
f 1806/1926/1696 1722/1927/1697 1524/1928/1698 1679/1929/1699
f 1718/1919/1689 1806/1926/1696 1679/1929/1699 1520/1920/1690
f 1510/1706/1493 1596/1712/1499 1807/1930/1700 1668/1923/1693
f 1596/1712/1499 1546/1716/1503 1705/1931/1701 1807/1930/1700
f 1807/1930/1700 1705/1931/1701 1547/1932/1702 1738/1933/1703
f 1668/1923/1693 1807/1930/1700 1738/1933/1703 1511/1924/1694
f 1511/1924/1694 1738/1933/1703 1808/1934/1704 1722/1927/1697
f 1738/1933/1703 1547/1932/1702 1751/1935/1705 1808/1934/1704
f 1808/1934/1704 1751/1935/1705 1548/1936/1706 1692/1937/1707
f 1722/1927/1697 1808/1934/1704 1692/1937/1707 1524/1928/1698
f 1512/1913/1683 1671/1912/1682 1809/1938/1708 1669/1939/1709
f 1671/1912/1682 1516/1911/1681 1672/1940/1710 1809/1938/1708
f 1809/1938/1708 1672/1940/1710 1517/1941/1711 1715/1942/1712
f 1669/1939/1709 1809/1938/1708 1715/1942/1712 1513/1943/1713
f 1513/1943/1713 1715/1942/1712 1810/1944/1714 1713/1945/1715
f 1715/1942/1712 1517/1941/1711 1716/1946/1716 1810/1944/1714
f 1810/1944/1714 1716/1946/1716 1518/1947/1717 1673/1948/1718
f 1713/1945/1715 1810/1944/1714 1673/1948/1718 1514/1949/1719
f 1514/1950/1719 1673/1951/1718 1811/1952/1720 1670/1953/1721
f 1673/1951/1718 1518/1954/1717 1674/1955/1722 1811/1952/1720
f 1811/1952/1720 1674/1955/1722 1519/1956/1723 1717/1957/1724
f 1670/1953/1721 1811/1952/1720 1717/1957/1724 1515/1958/1725
f 1515/1958/1725 1717/1957/1724 1812/1959/1726 1726/1960/1727
f 1717/1957/1724 1519/1956/1723 1728/1961/1728 1812/1959/1726
f 1812/1959/1726 1728/1961/1728 1531/1962/1729 1684/1963/1730
f 1726/1960/1727 1812/1959/1726 1684/1963/1730 1528/1964/1731
f 1516/1911/1681 1675/1921/1691 1813/1965/1732 1672/1940/1710
f 1675/1921/1691 1520/1920/1690 1676/1966/1733 1813/1965/1732
f 1813/1965/1732 1676/1966/1733 1521/1967/1734 1719/1968/1735
f 1672/1940/1710 1813/1965/1732 1719/1968/1735 1517/1941/1711
f 1517/1941/1711 1719/1968/1735 1814/1969/1736 1716/1946/1716
f 1719/1968/1735 1521/1967/1734 1720/1970/1737 1814/1969/1736
f 1814/1969/1736 1720/1970/1737 1522/1971/1738 1677/1972/1739
f 1716/1946/1716 1814/1969/1736 1677/1972/1739 1518/1947/1717
f 1518/1954/1717 1677/1973/1739 1815/1974/1740 1674/1955/1722
f 1677/1973/1739 1522/1975/1738 1678/1976/1741 1815/1974/1740
f 1815/1974/1740 1678/1976/1741 1523/1977/1742 1721/1978/1743
f 1674/1955/1722 1815/1974/1740 1721/1978/1743 1519/1956/1723
f 1519/1956/1723 1721/1978/1743 1816/1979/1744 1728/1961/1728
f 1721/1978/1743 1523/1977/1742 1731/1980/1745 1816/1979/1744
f 1816/1979/1744 1731/1980/1745 1534/1981/1746 1686/1982/1747
f 1728/1961/1728 1816/1979/1744 1686/1982/1747 1531/1962/1729
f 1520/1920/1690 1679/1929/1699 1817/1983/1748 1676/1966/1733
f 1679/1929/1699 1524/1928/1698 1680/1984/1749 1817/1983/1748
f 1817/1983/1748 1680/1984/1749 1525/1985/1750 1723/1986/1751
f 1676/1966/1733 1817/1983/1748 1723/1986/1751 1521/1967/1734
f 1521/1967/1734 1723/1986/1751 1818/1987/1752 1720/1970/1737
f 1723/1986/1751 1525/1985/1750 1724/1988/1753 1818/1987/1752
f 1818/1987/1752 1724/1988/1753 1526/1989/1754 1681/1990/1755
f 1720/1970/1737 1818/1987/1752 1681/1990/1755 1522/1971/1738
f 1522/1975/1738 1681/1991/1755 1819/1992/1756 1678/1976/1741
f 1681/1991/1755 1526/1993/1754 1682/1994/1757 1819/1992/1756
f 1819/1992/1756 1682/1994/1757 1527/1995/1758 1725/1996/1759
f 1678/1976/1741 1819/1992/1756 1725/1996/1759 1523/1977/1742
f 1523/1977/1742 1725/1996/1759 1820/1997/1760 1731/1980/1745
f 1725/1996/1759 1527/1995/1758 1734/1998/1761 1820/1997/1760
f 1820/1997/1760 1734/1998/1761 1537/1999/1762 1688/2000/1763
f 1731/1980/1745 1820/1997/1760 1688/2000/1763 1534/1981/1746
f 1524/1928/1698 1692/1937/1707 1821/2001/1764 1680/1984/1749
f 1692/1937/1707 1548/1936/1706 1735/2002/1765 1821/2001/1764
f 1821/2001/1764 1735/2002/1765 1551/2003/1766 1739/2004/1767
f 1680/1984/1749 1821/2001/1764 1739/2004/1767 1525/1985/1750
f 1525/1985/1750 1739/2004/1767 1822/2005/1768 1724/1988/1753
f 1739/2004/1767 1551/2003/1766 1691/2006/1769 1822/2005/1768
f 1822/2005/1768 1691/2006/1769 1554/2007/1770 1695/2008/1771
f 1724/1988/1753 1822/2005/1768 1695/2008/1771 1526/1989/1754
f 1526/1993/1754 1695/2009/1771 1823/2010/1772 1682/1994/1757
f 1695/2009/1771 1554/2011/1770 1745/2012/1773 1823/2010/1772
f 1823/2010/1772 1745/2012/1773 1557/2013/1774 1742/2014/1775
f 1682/1994/1757 1823/2010/1772 1742/2014/1775 1527/1995/1758
f 1527/1995/1758 1742/2014/1775 1824/2015/1776 1734/1998/1761
f 1742/2014/1775 1557/2013/1774 1704/2016/1777 1824/2015/1776
f 1824/2015/1776 1704/2016/1777 1560/2017/1778 1697/2018/1779
f 1734/1998/1761 1824/2015/1776 1697/2018/1779 1537/1999/1762
f 1528/1964/1731 1684/1963/1730 1825/2019/1780 1683/2020/1781
f 1684/1963/1730 1531/1962/1729 1685/2021/1782 1825/2019/1780
f 1825/2019/1780 1685/2021/1782 1532/2022/1783 1729/2023/1784
f 1683/2020/1781 1825/2019/1780 1729/2023/1784 1529/2024/1785
f 1529/2024/1785 1729/2023/1784 1826/2025/1786 1727/2026/1787
f 1729/2023/1784 1532/2022/1783 1730/2027/1788 1826/2025/1786
f 1826/2025/1786 1730/2027/1788 1533/1812/1590 1585/1811/1589
f 1727/2026/1787 1826/2025/1786 1585/1811/1589 1530/1810/1588
f 1531/1962/1729 1686/1982/1747 1827/2028/1789 1685/2021/1782
f 1686/1982/1747 1534/1981/1746 1687/2029/1790 1827/2028/1789
f 1827/2028/1789 1687/2029/1790 1535/2030/1791 1732/2031/1792
f 1685/2021/1782 1827/2028/1789 1732/2031/1792 1532/2022/1783
f 1532/2022/1783 1732/2031/1792 1828/2032/1793 1730/2027/1788
f 1732/2031/1792 1535/2030/1791 1733/2033/1794 1828/2032/1793
f 1828/2032/1793 1733/2033/1794 1536/1820/1598 1588/1819/1597
f 1730/2027/1788 1828/2032/1793 1588/1819/1597 1533/1812/1590
f 1534/1981/1746 1688/2000/1763 1829/2034/1795 1687/2029/1790
f 1688/2000/1763 1537/1999/1762 1689/2035/1796 1829/2034/1795
f 1829/2034/1795 1689/2035/1796 1538/2036/1797 1750/2037/1798
f 1687/2029/1790 1829/2034/1795 1750/2037/1798 1535/2030/1791
f 1535/2030/1791 1750/2037/1798 1830/2038/1799 1733/2033/1794
f 1750/2037/1798 1538/2036/1797 1736/2039/1800 1830/2038/1799
f 1830/2038/1799 1736/2039/1800 1539/1828/1606 1591/1827/1605
f 1733/2033/1794 1830/2038/1799 1591/1827/1605 1536/1820/1598
f 1537/1999/1762 1697/2018/1779 1831/2040/1801 1689/2035/1796
f 1697/2018/1779 1560/2017/1778 1707/2041/1802 1831/2040/1801
f 1831/2040/1801 1707/2041/1802 1559/2042/1803 1743/2043/1804
f 1689/2035/1796 1831/2040/1801 1743/2043/1804 1538/2036/1797
f 1538/2036/1797 1743/2043/1804 1832/2044/1805 1736/2039/1800
f 1743/2043/1804 1559/2042/1803 1749/2045/1806 1832/2044/1805
f 1832/2044/1805 1749/2045/1806 1558/1836/1614 1602/1835/1613
f 1736/2039/1800 1832/2044/1805 1602/1835/1613 1539/1828/1606
f 1530/1810/1588 1592/1839/1617 1833/2046/1807 1727/2026/1787
f 1592/1839/1617 1540/1843/1621 1694/2047/1808 1833/2046/1807
f 1833/2046/1807 1694/2047/1808 1541/2048/1809 1737/2049/1810
f 1727/2026/1787 1833/2046/1807 1737/2049/1810 1529/2024/1785
f 1529/2024/1785 1737/2049/1810 1834/2050/1811 1683/2020/1781
f 1737/2049/1810 1541/2048/1809 1706/2051/1812 1834/2050/1811
f 1834/2050/1811 1706/2051/1812 1515/1958/1725 1726/1960/1727
f 1683/2020/1781 1834/2050/1811 1726/1960/1727 1528/1964/1731
f 1540/1843/1621 1646/1847/1625 1835/2052/1813 1694/2047/1808
f 1646/1847/1625 1542/1851/1629 1744/2053/1814 1835/2052/1813
f 1835/2052/1813 1744/2053/1814 1543/2054/1815 1690/2055/1816
f 1694/2047/1808 1835/2052/1813 1690/2055/1816 1541/2048/1809
f 1541/2048/1809 1690/2055/1816 1836/2056/1817 1706/2051/1812
f 1690/2055/1816 1543/2054/1815 1752/2057/1818 1836/2056/1817
f 1836/2056/1817 1752/2057/1818 1514/1950/1719 1670/1953/1721
f 1706/2051/1812 1836/2056/1817 1670/1953/1721 1515/1958/1725
f 1542/1854/1629 1595/1857/1633 1837/2058/1819 1744/2059/1814
f 1595/1857/1633 1544/1862/1637 1703/2060/1820 1837/2058/1819
f 1837/2058/1819 1703/2060/1820 1545/2061/1821 1701/2062/1822
f 1744/2059/1814 1837/2058/1819 1701/2062/1822 1543/2063/1815
f 1543/2063/1815 1701/2062/1822 1838/2064/1823 1752/2065/1818
f 1701/2062/1822 1545/2061/1821 1708/2066/1824 1838/2064/1823
f 1838/2064/1823 1708/2066/1824 1513/1943/1713 1713/1945/1715
f 1752/2065/1818 1838/2064/1823 1713/1945/1715 1514/1949/1719
f 1544/1862/1637 1655/1867/1641 1839/2067/1825 1703/2060/1820
f 1655/1867/1641 1504/1676/1463 1665/1903/1673 1839/2067/1825
f 1839/2067/1825 1665/1903/1673 1505/1907/1677 1699/2068/1826
f 1703/2060/1820 1839/2067/1825 1699/2068/1826 1545/2061/1821
f 1545/2061/1821 1699/2068/1826 1840/2069/1827 1708/2066/1824
f 1699/2068/1826 1505/1907/1677 1712/1909/1679 1840/2069/1827
f 1840/2069/1827 1712/1909/1679 1512/1913/1683 1669/1939/1709
f 1708/2066/1824 1840/2069/1827 1669/1939/1709 1513/1943/1713
f 1546/1716/1503 1648/1871/1645 1841/2070/1828 1705/1931/1701
f 1648/1871/1645 1549/1875/1649 1700/2071/1829 1841/2070/1828
f 1841/2070/1828 1700/2071/1829 1550/2072/1830 1693/2073/1831
f 1705/1931/1701 1841/2070/1828 1693/2073/1831 1547/1932/1702
f 1547/1932/1702 1693/2073/1831 1842/2074/1832 1751/1935/1705
f 1693/2073/1831 1550/2072/1830 1748/2075/1833 1842/2074/1832
f 1842/2074/1832 1748/2075/1833 1551/2003/1766 1735/2002/1765
f 1751/1935/1705 1842/2074/1832 1735/2002/1765 1548/1936/1706
f 1549/1875/1649 1615/1879/1653 1843/2076/1834 1700/2071/1829
f 1615/1879/1653 1552/1883/1657 1741/2077/1835 1843/2076/1834
f 1843/2076/1834 1741/2077/1835 1553/2078/1836 1740/2079/1837
f 1700/2071/1829 1843/2076/1834 1740/2079/1837 1550/2072/1830
f 1550/2072/1830 1740/2079/1837 1844/2080/1838 1748/2075/1833
f 1740/2079/1837 1553/2078/1836 1698/2081/1839 1844/2080/1838
f 1844/2080/1838 1698/2081/1839 1554/2007/1770 1691/2006/1769
f 1748/2075/1833 1844/2080/1838 1691/2006/1769 1551/2003/1766
f 1552/1886/1657 1652/1889/1661 1845/2082/1840 1741/2083/1835
f 1652/1889/1661 1555/1894/1665 1702/2084/1841 1845/2082/1840
f 1845/2082/1840 1702/2084/1841 1556/2085/1842 1696/2086/1843
f 1741/2083/1835 1845/2082/1840 1696/2086/1843 1553/2087/1836
f 1553/2087/1836 1696/2086/1843 1846/2088/1844 1698/2089/1839
f 1696/2086/1843 1556/2085/1842 1746/2090/1845 1846/2088/1844
f 1846/2088/1844 1746/2090/1845 1557/2013/1774 1745/2012/1773
f 1698/2089/1839 1846/2088/1844 1745/2012/1773 1554/2011/1770
f 1555/1894/1665 1610/1899/1669 1847/2091/1846 1702/2084/1841
f 1610/1899/1669 1558/1836/1614 1749/2045/1806 1847/2091/1846
f 1847/2091/1846 1749/2045/1806 1559/2042/1803 1747/2092/1847
f 1702/2084/1841 1847/2091/1846 1747/2092/1847 1556/2085/1842
f 1556/2085/1842 1747/2092/1847 1848/2093/1848 1746/2090/1845
f 1747/2092/1847 1559/2042/1803 1707/2041/1802 1848/2093/1848
f 1848/2093/1848 1707/2041/1802 1560/2017/1778 1704/2016/1777
f 1746/2090/1845 1848/2093/1848 1704/2016/1777 1557/2013/1774
f 1849/2094/1849 1875/2095/1850 1923/2096/1851 1876/2097/1852
f 1875/2095/1850 1850/2098/1853 1877/2099/1854 1923/2096/1851
f 1923/2096/1851 1877/2099/1854 1852/2100/1855 1901/2101/1856
f 1876/2097/1852 1923/2096/1851 1901/2101/1856 1851/2102/1857
f 1850/2098/1853 1878/2103/1858 1924/2104/1859 1877/2099/1854
f 1878/2103/1858 1853/2105/1860 1880/2106/1861 1924/2104/1859
f 1924/2104/1859 1880/2106/1861 1855/2107/1862 1907/2108/1863
f 1877/2099/1854 1924/2104/1859 1907/2108/1863 1852/2100/1855
f 1851/2102/1857 1901/2101/1856 1925/2109/1864 1891/2110/1865
f 1901/2101/1856 1852/2100/1855 1892/2111/1866 1925/2109/1864
f 1925/2109/1864 1892/2111/1866 1867/2112/1867 1917/2113/1868
f 1891/2110/1865 1925/2109/1864 1917/2113/1868 1866/2114/1869
f 1852/2100/1855 1907/2108/1863 1926/2115/1870 1892/2111/1866
f 1907/2108/1863 1855/2107/1862 1893/2116/1871 1926/2115/1870
f 1926/2115/1870 1893/2116/1871 1868/2117/1872 1921/2118/1873
f 1892/2111/1866 1926/2115/1870 1921/2118/1873 1867/2112/1867
f 1853/2105/1860 1879/2119/1874 1927/2120/1875 1880/2106/1861
f 1879/2119/1874 1854/2121/1876 1881/2122/1877 1927/2120/1875
f 1927/2120/1875 1881/2122/1877 1856/2123/1878 1913/2124/1879
f 1880/2106/1861 1927/2120/1875 1913/2124/1879 1855/2107/1862
f 1854/2125/1876 1882/2126/1880 1928/2127/1881 1881/2128/1877
f 1882/2126/1880 1857/2129/1882 1884/2130/1883 1928/2127/1881
f 1928/2127/1881 1884/2130/1883 1859/2131/1884 1919/2132/1885
f 1881/2128/1877 1928/2127/1881 1919/2132/1885 1856/2133/1878
f 1855/2107/1862 1913/2124/1879 1929/2134/1886 1893/2116/1871
f 1913/2124/1879 1856/2123/1878 1896/2135/1887 1929/2134/1886
f 1929/2134/1886 1896/2135/1887 1871/2136/1888 1903/2137/1889
f 1893/2116/1871 1929/2134/1886 1903/2137/1889 1868/2117/1872
f 1856/2133/1878 1919/2132/1885 1930/2138/1890 1896/2139/1887
f 1919/2132/1885 1859/2131/1884 1899/2140/1891 1930/2138/1890
f 1930/2138/1890 1899/2140/1891 1874/2141/1892 1905/2142/1893
f 1896/2139/1887 1930/2138/1890 1905/2142/1893 1871/2143/1888
f 1857/2129/1882 1883/2144/1894 1931/2145/1895 1884/2130/1883
f 1883/2144/1894 1858/2146/1896 1885/2147/1897 1931/2145/1895
f 1931/2145/1895 1885/2147/1897 1860/2148/1898 1904/2149/1899
f 1884/2130/1883 1931/2145/1895 1904/2149/1899 1859/2131/1884
f 1858/2146/1896 1886/2150/1900 1932/2151/1901 1885/2147/1897
f 1886/2150/1900 1861/2152/1902 1888/2153/1903 1932/2151/1901
f 1932/2151/1901 1888/2153/1903 1863/2154/1904 1900/2155/1905
f 1885/2147/1897 1932/2151/1901 1900/2155/1905 1860/2148/1898
f 1859/2131/1884 1904/2149/1899 1933/2156/1906 1899/2140/1891
f 1904/2149/1899 1860/2148/1898 1898/2157/1907 1933/2156/1906
f 1933/2156/1906 1898/2157/1907 1873/2158/1908 1911/2159/1909
f 1899/2140/1891 1933/2156/1906 1911/2159/1909 1874/2141/1892
f 1860/2148/1898 1900/2155/1905 1934/2160/1910 1898/2157/1907
f 1900/2155/1905 1863/2154/1904 1897/2161/1911 1934/2160/1910
f 1934/2160/1910 1897/2161/1911 1872/2162/1912 1906/2163/1913
f 1898/2157/1907 1934/2160/1910 1906/2163/1913 1873/2158/1908
f 1861/2152/1902 1887/2164/1914 1935/2165/1915 1888/2153/1903
f 1887/2164/1914 1862/2166/1916 1889/2167/1917 1935/2165/1915
f 1935/2165/1915 1889/2167/1917 1864/2168/1918 1910/2169/1919
f 1888/2153/1903 1935/2165/1915 1910/2169/1919 1863/2154/1904
f 1862/2170/1916 1912/2171/1920 1936/2172/1921 1889/2173/1917
f 1912/2171/1920 1849/2094/1849 1876/2097/1852 1936/2172/1921
f 1936/2172/1921 1876/2097/1852 1851/2102/1857 1915/2174/1922
f 1889/2173/1917 1936/2172/1921 1915/2174/1922 1864/2175/1918
f 1863/2154/1904 1910/2169/1919 1937/2176/1923 1897/2161/1911
f 1910/2169/1919 1864/2168/1918 1894/2177/1924 1937/2176/1923
f 1937/2176/1923 1894/2177/1924 1869/2178/1925 1918/2179/1926
f 1897/2161/1911 1937/2176/1923 1918/2179/1926 1872/2162/1912
f 1864/2175/1918 1915/2174/1922 1938/2180/1927 1894/2181/1924
f 1915/2174/1922 1851/2102/1857 1891/2110/1865 1938/2180/1927
f 1938/2180/1927 1891/2110/1865 1866/2114/1869 1920/2182/1928
f 1894/2181/1924 1938/2180/1927 1920/2182/1928 1869/2183/1925
f 1861/2152/1902 1886/2150/1900 1939/2184/1929 1887/2164/1914
f 1886/2150/1900 1858/2146/1896 1890/2185/1930 1939/2184/1929
f 1939/2184/1929 1890/2185/1930 1865/2186/1931 1909/2187/1932
f 1887/2164/1914 1939/2184/1929 1909/2187/1932 1862/2166/1916
f 1858/2146/1896 1883/2144/1894 1940/2188/1933 1890/2185/1930
f 1883/2144/1894 1857/2129/1882 1882/2126/1880 1940/2188/1933
f 1940/2188/1933 1882/2126/1880 1854/2125/1876 1922/2189/1934
f 1890/2185/1930 1940/2188/1933 1922/2189/1934 1865/2186/1931
f 1862/2170/1916 1909/2190/1932 1941/2191/1935 1912/2171/1920
f 1909/2190/1932 1865/2192/1931 1914/2193/1936 1941/2191/1935
f 1941/2191/1935 1914/2193/1936 1850/2098/1853 1875/2095/1850
f 1912/2171/1920 1941/2191/1935 1875/2095/1850 1849/2094/1849
f 1865/2192/1931 1922/2194/1934 1942/2195/1937 1914/2193/1936
f 1922/2194/1934 1854/2121/1876 1879/2119/1874 1942/2195/1937
f 1942/2195/1937 1879/2119/1874 1853/2105/1860 1878/2103/1858
f 1914/2193/1936 1942/2195/1937 1878/2103/1858 1850/2098/1853
f 1866/2114/1869 1917/2113/1868 1943/2196/1938 1920/2182/1928
f 1917/2113/1868 1867/2112/1867 1895/2197/1939 1943/2196/1938
f 1943/2196/1938 1895/2197/1939 1870/2198/1940 1908/2199/1941
f 1920/2182/1928 1943/2196/1938 1908/2199/1941 1869/2183/1925
f 1867/2112/1867 1921/2118/1873 1944/2200/1942 1895/2197/1939
f 1921/2118/1873 1868/2117/1872 1903/2137/1889 1944/2200/1942
f 1944/2200/1942 1903/2137/1889 1871/2136/1888 1916/2201/1943
f 1895/2197/1939 1944/2200/1942 1916/2201/1943 1870/2198/1940
f 1869/2178/1925 1908/2202/1941 1945/2203/1944 1918/2179/1926
f 1908/2202/1941 1870/2204/1940 1902/2205/1945 1945/2203/1944
f 1945/2203/1944 1902/2205/1945 1873/2158/1908 1906/2163/1913
f 1918/2179/1926 1945/2203/1944 1906/2163/1913 1872/2162/1912
f 1870/2204/1940 1916/2206/1943 1946/2207/1946 1902/2205/1945
f 1916/2206/1943 1871/2143/1888 1905/2142/1893 1946/2207/1946
f 1946/2207/1946 1905/2142/1893 1874/2141/1892 1911/2159/1909
f 1902/2205/1945 1946/2207/1946 1911/2159/1909 1873/2158/1908
f 1947/2208/1947 1973/2209/1948 2021/2210/1949 1974/2211/1950
f 1973/2209/1948 1948/2212/1951 1975/2213/1952 2021/2210/1949
f 2021/2210/1949 1975/2213/1952 1950/2214/1953 1999/2215/1954
f 1974/2211/1950 2021/2210/1949 1999/2215/1954 1949/2216/1955
f 1948/2212/1951 1976/2217/1956 2022/2218/1957 1975/2213/1952
f 1976/2217/1956 1951/2219/1958 1978/2220/1959 2022/2218/1957
f 2022/2218/1957 1978/2220/1959 1953/2221/1960 2005/2222/1961
f 1975/2213/1952 2022/2218/1957 2005/2222/1961 1950/2214/1953
f 1949/2216/1955 1999/2215/1954 2023/2223/1962 1989/2224/1963
f 1999/2215/1954 1950/2214/1953 1990/2225/1964 2023/2223/1962
f 2023/2223/1962 1990/2225/1964 1965/2226/1965 2015/2227/1966
f 1989/2224/1963 2023/2223/1962 2015/2227/1966 1964/2228/1967
f 1950/2214/1953 2005/2222/1961 2024/2229/1968 1990/2225/1964
f 2005/2222/1961 1953/2221/1960 1991/2230/1969 2024/2229/1968
f 2024/2229/1968 1991/2230/1969 1966/2231/1970 2019/2232/1971
f 1990/2225/1964 2024/2229/1968 2019/2232/1971 1965/2226/1965
f 1951/2219/1958 1977/2233/1972 2025/2234/1973 1978/2220/1959
f 1977/2233/1972 1952/2235/1974 1979/2236/1975 2025/2234/1973
f 2025/2234/1973 1979/2236/1975 1954/2237/1976 2011/2238/1977
f 1978/2220/1959 2025/2234/1973 2011/2238/1977 1953/2221/1960
f 1952/2239/1974 1980/2240/1978 2026/2241/1979 1979/2242/1975
f 1980/2240/1978 1955/2243/1980 1982/2244/1981 2026/2241/1979
f 2026/2241/1979 1982/2244/1981 1957/2245/1982 2017/2246/1983
f 1979/2242/1975 2026/2241/1979 2017/2246/1983 1954/2247/1976
f 1953/2221/1960 2011/2238/1977 2027/2248/1984 1991/2230/1969
f 2011/2238/1977 1954/2237/1976 1994/2249/1985 2027/2248/1984
f 2027/2248/1984 1994/2249/1985 1969/2250/1986 2001/2251/1987
f 1991/2230/1969 2027/2248/1984 2001/2251/1987 1966/2231/1970
f 1954/2247/1976 2017/2246/1983 2028/2252/1988 1994/2253/1985
f 2017/2246/1983 1957/2245/1982 1997/2254/1989 2028/2252/1988
f 2028/2252/1988 1997/2254/1989 1972/2255/1990 2003/2256/1991
f 1994/2253/1985 2028/2252/1988 2003/2256/1991 1969/2257/1986
f 1955/2243/1980 1981/2258/1992 2029/2259/1993 1982/2244/1981
f 1981/2258/1992 1956/2260/1994 1983/2261/1995 2029/2259/1993
f 2029/2259/1993 1983/2261/1995 1958/2262/1996 2002/2263/1997
f 1982/2244/1981 2029/2259/1993 2002/2263/1997 1957/2245/1982
f 1956/2260/1994 1984/2264/1998 2030/2265/1999 1983/2261/1995
f 1984/2264/1998 1959/2266/2000 1986/2267/2001 2030/2265/1999
f 2030/2265/1999 1986/2267/2001 1961/2268/2002 1998/2269/2003
f 1983/2261/1995 2030/2265/1999 1998/2269/2003 1958/2262/1996
f 1957/2245/1982 2002/2263/1997 2031/2270/2004 1997/2254/1989
f 2002/2263/1997 1958/2262/1996 1996/2271/2005 2031/2270/2004
f 2031/2270/2004 1996/2271/2005 1971/2272/2006 2009/2273/2007
f 1997/2254/1989 2031/2270/2004 2009/2273/2007 1972/2255/1990
f 1958/2262/1996 1998/2269/2003 2032/2274/2008 1996/2271/2005
f 1998/2269/2003 1961/2268/2002 1995/2275/2009 2032/2274/2008
f 2032/2274/2008 1995/2275/2009 1970/2276/2010 2004/2277/2011
f 1996/2271/2005 2032/2274/2008 2004/2277/2011 1971/2272/2006
f 1959/2266/2000 1985/2278/2012 2033/2279/2013 1986/2267/2001
f 1985/2278/2012 1960/2280/2014 1987/2281/2015 2033/2279/2013
f 2033/2279/2013 1987/2281/2015 1962/2282/2016 2008/2283/2017
f 1986/2267/2001 2033/2279/2013 2008/2283/2017 1961/2268/2002
f 1960/2284/2014 2010/2285/2018 2034/2286/2019 1987/2287/2015
f 2010/2285/2018 1947/2208/1947 1974/2211/1950 2034/2286/2019
f 2034/2286/2019 1974/2211/1950 1949/2216/1955 2013/2288/2020
f 1987/2287/2015 2034/2286/2019 2013/2288/2020 1962/2289/2016
f 1961/2268/2002 2008/2283/2017 2035/2290/2021 1995/2275/2009
f 2008/2283/2017 1962/2282/2016 1992/2291/2022 2035/2290/2021
f 2035/2290/2021 1992/2291/2022 1967/2292/2023 2016/2293/2024
f 1995/2275/2009 2035/2290/2021 2016/2293/2024 1970/2276/2010
f 1962/2289/2016 2013/2288/2020 2036/2294/2025 1992/2295/2022
f 2013/2288/2020 1949/2216/1955 1989/2224/1963 2036/2294/2025
f 2036/2294/2025 1989/2224/1963 1964/2228/1967 2018/2296/2026
f 1992/2295/2022 2036/2294/2025 2018/2296/2026 1967/2297/2023
f 1959/2266/2000 1984/2264/1998 2037/2298/2027 1985/2278/2012
f 1984/2264/1998 1956/2260/1994 1988/2299/2028 2037/2298/2027
f 2037/2298/2027 1988/2299/2028 1963/2300/2029 2007/2301/2030
f 1985/2278/2012 2037/2298/2027 2007/2301/2030 1960/2280/2014
f 1956/2260/1994 1981/2258/1992 2038/2302/2031 1988/2299/2028
f 1981/2258/1992 1955/2243/1980 1980/2240/1978 2038/2302/2031
f 2038/2302/2031 1980/2240/1978 1952/2239/1974 2020/2303/2032
f 1988/2299/2028 2038/2302/2031 2020/2303/2032 1963/2300/2029
f 1960/2284/2014 2007/2304/2030 2039/2305/2033 2010/2285/2018
f 2007/2304/2030 1963/2306/2029 2012/2307/2034 2039/2305/2033
f 2039/2305/2033 2012/2307/2034 1948/2212/1951 1973/2209/1948
f 2010/2285/2018 2039/2305/2033 1973/2209/1948 1947/2208/1947
f 1963/2306/2029 2020/2308/2032 2040/2309/2035 2012/2307/2034
f 2020/2308/2032 1952/2235/1974 1977/2233/1972 2040/2309/2035
f 2040/2309/2035 1977/2233/1972 1951/2219/1958 1976/2217/1956
f 2012/2307/2034 2040/2309/2035 1976/2217/1956 1948/2212/1951
f 1964/2228/1967 2015/2227/1966 2041/2310/2036 2018/2296/2026
f 2015/2227/1966 1965/2226/1965 1993/2311/2037 2041/2310/2036
f 2041/2310/2036 1993/2311/2037 1968/2312/2038 2006/2313/2039
f 2018/2296/2026 2041/2310/2036 2006/2313/2039 1967/2297/2023
f 1965/2226/1965 2019/2232/1971 2042/2314/2040 1993/2311/2037
f 2019/2232/1971 1966/2231/1970 2001/2251/1987 2042/2314/2040
f 2042/2314/2040 2001/2251/1987 1969/2250/1986 2014/2315/2041
f 1993/2311/2037 2042/2314/2040 2014/2315/2041 1968/2312/2038
f 1967/2292/2023 2006/2316/2039 2043/2317/2042 2016/2293/2024
f 2006/2316/2039 1968/2318/2038 2000/2319/2043 2043/2317/2042
f 2043/2317/2042 2000/2319/2043 1971/2272/2006 2004/2277/2011
f 2016/2293/2024 2043/2317/2042 2004/2277/2011 1970/2276/2010
f 1968/2318/2038 2014/2320/2041 2044/2321/2044 2000/2319/2043
f 2014/2320/2041 1969/2257/1986 2003/2256/1991 2044/2321/2044
f 2044/2321/2044 2003/2256/1991 1972/2255/1990 2009/2273/2007
f 2000/2319/2043 2044/2321/2044 2009/2273/2007 1971/2272/2006
f 2070/2322/2045 2118/2323/2046 2125/2324/2047 2124/2325/2048
f 2118/2323/2046 2056/2326/2049 2088/2327/2050 2125/2324/2047
f 2125/2324/2047 2088/2327/2050 2053/2328/2051 2089/2329/2052
f 2124/2325/2048 2125/2324/2047 2089/2329/2052 2069/2330/2053
f 2065/2331/2054 2109/2332/2055 2126/2333/2056 2116/2334/2057
f 2109/2332/2055 2051/2335/2058 2079/2336/2059 2126/2333/2056
f 2126/2333/2056 2079/2336/2059 2052/2337/2060 2078/2338/2061
f 2116/2334/2057 2126/2333/2056 2078/2338/2061 2066/2339/2062
f 2051/2335/2058 2080/2340/2063 2127/2341/2064 2079/2336/2059
f 2080/2340/2063 2049/2342/2065 2082/2343/2066 2127/2341/2064
f 2127/2341/2064 2082/2343/2066 2050/2344/2067 2081/2345/2068
f 2079/2336/2059 2127/2341/2064 2081/2345/2068 2052/2337/2060
f 2067/2346/2069 2111/2347/2070 2128/2348/2071 2115/2349/2072
f 2111/2347/2070 2045/2350/2073 2074/2351/2074 2128/2348/2071
f 2128/2348/2071 2074/2351/2074 2046/2352/2075 2084/2353/2076
f 2115/2349/2072 2128/2348/2071 2084/2353/2076 2068/2354/2077
f 2065/2355/2054 2114/2356/2078 2129/2357/2079 2109/2358/2055
f 2114/2356/2078 2067/2346/2069 2083/2359/2080 2129/2357/2079
f 2129/2357/2079 2083/2359/2080 2049/2360/2065 2080/2361/2063
f 2109/2358/2055 2129/2357/2079 2080/2361/2063 2051/2362/2058
f 2066/2363/2062 2113/2364/2081 2130/2365/2082 2110/2366/2083
f 2113/2364/2081 2068/2354/2077 2084/2353/2076 2130/2365/2082
f 2130/2365/2082 2084/2353/2076 2046/2352/2075 2075/2367/2084
f 2110/2366/2083 2130/2365/2082 2075/2367/2084 2048/2368/2085
f 2062/2369/2086 2102/2370/2087 2131/2371/2088 2108/2372/2089
f 2102/2370/2087 2059/2373/2090 2095/2374/2091 2131/2371/2088
f 2131/2371/2088 2095/2374/2091 2060/2375/2092 2097/2376/2093
f 2108/2372/2089 2131/2371/2088 2097/2376/2093 2061/2377/2094
f 2072/2378/2095 2120/2379/2096 2132/2380/2097 2123/2381/2098
f 2120/2379/2096 2054/2382/2099 2086/2383/2100 2132/2380/2097
f 2132/2380/2097 2086/2383/2100 2055/2384/2101 2091/2385/2102
f 2123/2381/2098 2132/2380/2097 2091/2385/2102 2071/2386/2103
f 2071/2386/2103 2091/2385/2102 2133/2387/2104 2122/2388/2105
f 2091/2385/2102 2055/2384/2101 2087/2389/2106 2133/2387/2104
f 2133/2387/2104 2087/2389/2106 2056/2390/2049 2118/2391/2046
f 2122/2388/2105 2133/2387/2104 2118/2391/2046 2070/2392/2045
f 2069/2393/2053 2089/2394/2052 2134/2395/2107 2121/2396/2108
f 2089/2394/2052 2053/2397/2051 2085/2398/2109 2134/2395/2107
f 2134/2395/2107 2085/2398/2109 2054/2382/2099 2120/2379/2096
f 2121/2396/2108 2134/2395/2107 2120/2379/2096 2072/2378/2095
f 2058/2399/2110 2093/2400/2111 2135/2401/2112 2094/2402/2113
f 2093/2400/2111 2057/2403/2114 2096/2404/2115 2135/2401/2112
f 2135/2401/2112 2096/2404/2115 2060/2405/2092 2095/2406/2091
f 2094/2402/2113 2135/2401/2112 2095/2406/2091 2059/2407/2090
f 2064/2408/2116 2104/2409/2117 2136/2410/2118 2107/2411/2119
f 2104/2409/2117 2057/2412/2114 2093/2413/2111 2136/2410/2118
f 2136/2410/2118 2093/2413/2111 2058/2414/2110 2099/2415/2120
f 2107/2411/2119 2136/2410/2118 2099/2415/2120 2063/2416/2121
f 2061/2417/2094 2097/2418/2093 2137/2419/2122 2106/2420/2123
f 2097/2418/2093 2060/2405/2092 2096/2404/2115 2137/2419/2122
f 2137/2419/2122 2096/2404/2115 2057/2403/2114 2104/2421/2117
f 2106/2420/2123 2137/2419/2122 2104/2421/2117 2064/2422/2116
f 2063/2416/2121 2099/2415/2120 2138/2423/2124 2105/2424/2125
f 2099/2415/2120 2058/2414/2110 2094/2425/2113 2138/2423/2124
f 2138/2423/2124 2094/2425/2113 2059/2373/2090 2102/2370/2087
f 2105/2424/2125 2138/2423/2124 2102/2370/2087 2062/2369/2086
f 2054/2382/2099 2103/2426/2126 2139/2427/2127 2086/2383/2100
f 2103/2426/2126 2063/2416/2121 2105/2424/2125 2139/2427/2127
f 2139/2427/2127 2105/2424/2125 2062/2369/2086 2098/2428/2128
f 2086/2383/2100 2139/2427/2127 2098/2428/2128 2055/2384/2101
f 2056/2326/2049 2101/2429/2129 2140/2430/2130 2088/2327/2050
f 2101/2429/2129 2061/2417/2094 2106/2420/2123 2140/2430/2130
f 2140/2430/2130 2106/2420/2123 2064/2422/2116 2100/2431/2131
f 2088/2327/2050 2140/2430/2130 2100/2431/2131 2053/2328/2051
f 2053/2397/2051 2100/2432/2131 2141/2433/2132 2085/2398/2109
f 2100/2432/2131 2064/2408/2116 2107/2411/2119 2141/2433/2132
f 2141/2433/2132 2107/2411/2119 2063/2416/2121 2103/2426/2126
f 2085/2398/2109 2141/2433/2132 2103/2426/2126 2054/2382/2099
f 2055/2384/2101 2098/2428/2128 2142/2434/2133 2087/2389/2106
f 2098/2428/2128 2062/2369/2086 2108/2372/2089 2142/2434/2133
f 2142/2434/2133 2108/2372/2089 2061/2377/2094 2101/2435/2129
f 2087/2389/2106 2142/2434/2133 2101/2435/2129 2056/2390/2049
f 2052/2436/2060 2081/2437/2068 2143/2438/2134 2078/2439/2061
f 2081/2437/2068 2050/2440/2067 2112/2441/2135 2143/2438/2134
f 2143/2438/2134 2112/2441/2135 2068/2354/2077 2113/2364/2081
f 2078/2439/2061 2143/2438/2134 2113/2364/2081 2066/2363/2062
f 2047/2442/2136 2073/2443/2137 2144/2444/2138 2077/2445/2139
f 2073/2443/2137 2045/2350/2073 2111/2347/2070 2144/2444/2138
f 2144/2444/2138 2111/2347/2070 2067/2346/2069 2114/2356/2078
f 2077/2445/2139 2144/2444/2138 2114/2356/2078 2065/2355/2054
f 2049/2360/2065 2083/2359/2080 2145/2446/2140 2082/2447/2066
f 2083/2359/2080 2067/2346/2069 2115/2349/2072 2145/2446/2140
f 2145/2446/2140 2115/2349/2072 2068/2354/2077 2112/2441/2135
f 2082/2447/2066 2145/2446/2140 2112/2441/2135 2050/2440/2067
f 2047/2448/2136 2077/2449/2139 2146/2450/2141 2076/2451/2142
f 2077/2449/2139 2065/2331/2054 2116/2334/2057 2146/2450/2141
f 2146/2450/2141 2116/2334/2057 2066/2339/2062 2110/2452/2083
f 2076/2451/2142 2146/2450/2141 2110/2452/2083 2048/2453/2085
f 2047/2442/2136 2117/2454/2143 2147/2455/2144 2073/2443/2137
f 2117/2454/2143 2069/2393/2053 2121/2396/2108 2147/2455/2144
f 2147/2455/2144 2121/2396/2108 2072/2378/2095 2092/2456/2145
f 2073/2443/2137 2147/2455/2144 2092/2456/2145 2045/2350/2073
f 2046/2352/2075 2119/2457/2146 2148/2458/2147 2075/2367/2084
f 2119/2457/2146 2071/2386/2103 2122/2388/2105 2148/2458/2147
f 2148/2458/2147 2122/2388/2105 2070/2392/2045 2090/2459/2148
f 2075/2367/2084 2148/2458/2147 2090/2459/2148 2048/2368/2085
f 2045/2350/2073 2092/2456/2145 2149/2460/2149 2074/2351/2074
f 2092/2456/2145 2072/2378/2095 2123/2381/2098 2149/2460/2149
f 2149/2460/2149 2123/2381/2098 2071/2386/2103 2119/2457/2146
f 2074/2351/2074 2149/2460/2149 2119/2457/2146 2046/2352/2075
f 2048/2453/2085 2090/2461/2148 2150/2462/2150 2076/2451/2142
f 2090/2461/2148 2070/2322/2045 2124/2325/2048 2150/2462/2150
f 2150/2462/2150 2124/2325/2048 2069/2330/2053 2117/2463/2143
f 2076/2451/2142 2150/2462/2150 2117/2463/2143 2047/2448/2136
f 2152/2464/2151 2209/2465/2152 2315/2466/2153 2220/2467/2154
f 2209/2465/2152 2154/2468/2155 2219/2469/2156 2315/2466/2153
f 2315/2466/2153 2219/2469/2156 2160/2470/2157 2217/2471/2158
f 2220/2467/2154 2315/2466/2153 2217/2471/2158 2159/2472/2159
f 2182/2473/2160 2240/2474/2161 2316/2475/2162 2271/2476/2163
f 2240/2474/2161 2170/2477/2164 2239/2478/2165 2316/2475/2162
f 2316/2475/2162 2239/2478/2165 2169/2479/2166 2257/2480/2167
f 2271/2476/2163 2316/2475/2162 2257/2480/2167 2183/2481/2168
f 2185/2482/2169 2259/2483/2170 2317/2484/2171 2310/2485/2172
f 2259/2483/2170 2173/2486/2173 2246/2487/2174 2317/2484/2171
f 2317/2484/2171 2246/2487/2174 2170/2488/2164 2240/2489/2161
f 2310/2485/2172 2317/2484/2171 2240/2489/2161 2182/2490/2160
f 2204/2491/2175 2308/2492/2176 2318/2493/2177 2269/2494/2178
f 2308/2492/2176 2198/2495/2179 2214/2496/2180 2318/2493/2177
f 2318/2493/2177 2214/2496/2180 2171/2497/2181 2211/2498/2182
f 2269/2494/2178 2318/2493/2177 2211/2498/2182 2176/2499/2183
f 2198/2495/2179 2307/2500/2184 2319/2501/2185 2214/2496/2180
f 2307/2500/2184 2199/2502/2186 2245/2503/2187 2319/2501/2185
f 2319/2501/2185 2245/2503/2187 2172/2504/2188 2243/2505/2189
f 2214/2496/2180 2319/2501/2185 2243/2505/2189 2171/2497/2181
f 2160/2470/2157 2218/2506/2190 2320/2507/2191 2228/2508/2192
f 2218/2506/2190 2157/2509/2193 2227/2510/2194 2320/2507/2191
f 2320/2507/2191 2227/2510/2194 2161/2511/2195 2226/2512/2196
f 2228/2508/2192 2320/2507/2191 2226/2512/2196 2164/2513/2197
f 2153/2514/2198 2207/2515/2199 2321/2516/2200 2222/2517/2201
f 2207/2515/2199 2151/2518/2202 2221/2519/2203 2321/2516/2200
f 2321/2516/2200 2221/2519/2203 2158/2520/2204 2215/2521/2205
f 2222/2517/2201 2321/2516/2200 2215/2521/2205 2157/2522/2193
f 2154/2468/2155 2210/2523/2206 2322/2524/2207 2219/2469/2156
f 2210/2523/2206 2153/2525/2198 2222/2526/2201 2322/2524/2207
f 2322/2524/2207 2222/2526/2201 2157/2509/2193 2218/2506/2190
f 2219/2469/2156 2322/2524/2207 2218/2506/2190 2160/2470/2157
f 2151/2518/2202 2208/2527/2208 2323/2528/2209 2221/2519/2203
f 2208/2527/2208 2152/2529/2151 2220/2530/2154 2323/2528/2209
f 2323/2528/2209 2220/2530/2154 2159/2531/2159 2216/2532/2210
f 2221/2519/2203 2323/2528/2209 2216/2532/2210 2158/2520/2204
f 2162/2533/2211 2224/2534/2212 2324/2535/2213 2236/2536/2214
f 2224/2534/2212 2163/2537/2215 2235/2538/2216 2324/2535/2213
f 2324/2535/2213 2235/2538/2216 2167/2539/2217 2232/2540/2218
f 2236/2536/2214 2324/2535/2213 2232/2540/2218 2166/2541/2219
f 2158/2520/2204 2216/2532/2210 2325/2542/2220 2230/2543/2221
f 2216/2532/2210 2159/2531/2159 2229/2544/2222 2325/2542/2220
f 2325/2542/2220 2229/2544/2222 2163/2537/2215 2224/2534/2212
f 2230/2543/2221 2325/2542/2220 2224/2534/2212 2162/2533/2211
f 2159/2472/2159 2217/2471/2158 2326/2545/2223 2229/2546/2222
f 2217/2471/2158 2160/2470/2157 2228/2508/2192 2326/2545/2223
f 2326/2545/2223 2228/2508/2192 2164/2513/2197 2225/2547/2224
f 2229/2546/2222 2326/2545/2223 2225/2547/2224 2163/2548/2215
f 2157/2522/2193 2215/2521/2205 2327/2549/2225 2227/2550/2194
f 2215/2521/2205 2158/2520/2204 2230/2543/2221 2327/2549/2225
f 2327/2549/2225 2230/2543/2221 2162/2533/2211 2223/2551/2226
f 2227/2550/2194 2327/2549/2225 2223/2551/2226 2161/2552/2195
f 2167/2553/2217 2233/2554/2227 2328/2555/2228 2277/2556/2229
f 2233/2554/2227 2168/2557/2230 2276/2558/2231 2328/2555/2228
f 2328/2555/2228 2276/2558/2231 2190/2559/2232 2274/2560/2233
f 2277/2556/2229 2328/2555/2228 2274/2560/2233 2189/2561/2234
f 2163/2548/2215 2225/2547/2224 2329/2562/2235 2235/2563/2216
f 2225/2547/2224 2164/2513/2197 2237/2564/2236 2329/2562/2235
f 2329/2562/2235 2237/2564/2236 2168/2557/2230 2233/2554/2227
f 2235/2563/2216 2329/2562/2235 2233/2554/2227 2167/2553/2217
f 2161/2552/2195 2223/2551/2226 2330/2565/2237 2238/2566/2238
f 2223/2551/2226 2162/2533/2211 2236/2536/2214 2330/2565/2237
f 2330/2565/2237 2236/2536/2214 2166/2541/2219 2231/2567/2239
f 2238/2566/2238 2330/2565/2237 2231/2567/2239 2165/2568/2240
f 2164/2513/2197 2226/2512/2196 2331/2569/2241 2237/2564/2236
f 2226/2512/2196 2161/2511/2195 2238/2570/2238 2331/2569/2241
f 2331/2569/2241 2238/2570/2238 2165/2571/2240 2234/2572/2242
f 2237/2564/2236 2331/2569/2241 2234/2572/2242 2168/2557/2230
f 2183/2481/2168 2257/2480/2167 2332/2573/2243 2262/2574/2244
f 2257/2480/2167 2169/2479/2166 2248/2575/2245 2332/2573/2243
f 2332/2573/2243 2248/2575/2245 2174/2576/2246 2312/2577/2247
f 2262/2574/2244 2332/2573/2243 2312/2577/2247 2180/2578/2248
f 2202/2579/2249 2306/2580/2250 2333/2581/2251 2266/2582/2252
f 2306/2580/2250 2200/2583/2253 2294/2584/2254 2333/2581/2251
f 2333/2581/2251 2294/2584/2254 2155/2585/2255 2212/2586/2256
f 2266/2582/2252 2333/2581/2251 2212/2586/2256 2178/2587/2257
f 2178/2588/2257 2212/2589/2256 2334/2590/2258 2264/2591/2259
f 2212/2589/2256 2155/2592/2255 2242/2593/2260 2334/2590/2258
f 2334/2590/2258 2242/2593/2260 2156/2594/2261 2249/2595/2262
f 2264/2591/2259 2334/2590/2258 2249/2595/2262 2175/2596/2263
f 2151/2518/2202 2292/2597/2264 2335/2598/2265 2309/2599/2266
f 2292/2597/2264 2198/2495/2179 2308/2492/2176 2335/2598/2265
f 2335/2598/2265 2308/2492/2176 2204/2491/2175 2296/2600/2267
f 2309/2599/2266 2335/2598/2265 2296/2600/2267 2186/2601/2268
f 2200/2602/2253 2305/2603/2269 2336/2604/2270 2294/2605/2254
f 2305/2603/2269 2197/2606/2271 2291/2607/2272 2336/2604/2270
f 2336/2604/2270 2291/2607/2272 2156/2594/2261 2242/2593/2260
f 2294/2605/2254 2336/2604/2270 2242/2593/2260 2155/2592/2255
f 2154/2468/2155 2241/2608/2273 2337/2609/2274 2210/2523/2206
f 2241/2608/2273 2184/2610/2275 2261/2611/2276 2337/2609/2274
f 2337/2609/2274 2261/2611/2276 2179/2612/2277 2253/2613/2278
f 2210/2523/2206 2337/2609/2274 2253/2613/2278 2153/2525/2198
f 2195/2614/2279 2284/2615/2280 2338/2616/2281 2290/2617/2282
f 2284/2615/2280 2183/2481/2168 2262/2574/2244 2338/2616/2281
f 2338/2616/2281 2262/2574/2244 2180/2578/2248 2254/2618/2283
f 2290/2617/2282 2338/2616/2281 2254/2618/2283 2193/2619/2284
f 2172/2504/2188 2251/2620/2285 2339/2621/2286 2243/2505/2189
f 2251/2620/2285 2177/2622/2287 2263/2623/2288 2339/2621/2286
f 2339/2621/2286 2263/2623/2288 2176/2499/2183 2211/2498/2182
f 2243/2505/2189 2339/2621/2286 2211/2498/2182 2171/2497/2181
f 2192/2624/2289 2252/2625/2290 2340/2626/2291 2289/2627/2292
f 2252/2625/2290 2178/2588/2257 2264/2591/2259 2340/2626/2291
f 2340/2626/2291 2264/2591/2259 2175/2596/2263 2280/2628/2293
f 2289/2627/2292 2340/2626/2291 2280/2628/2293 2191/2629/2294
f 2199/2630/2186 2304/2631/2295 2341/2632/2296 2245/2633/2187
f 2304/2631/2295 2201/2634/2297 2265/2635/2298 2341/2632/2296
f 2341/2632/2296 2265/2635/2298 2177/2636/2287 2251/2637/2285
f 2245/2633/2187 2341/2632/2296 2251/2637/2285 2172/2638/2188
f 2206/2639/2299 2303/2640/2300 2342/2641/2301 2288/2642/2302
f 2303/2640/2300 2202/2579/2249 2266/2582/2252 2342/2641/2301
f 2342/2641/2301 2266/2582/2252 2178/2587/2257 2252/2643/2290
f 2288/2642/2302 2342/2641/2301 2252/2643/2290 2192/2644/2289
f 2179/2612/2277 2313/2645/2303 2343/2646/2304 2253/2613/2278
f 2313/2645/2303 2201/2634/2297 2304/2631/2295 2343/2646/2304
f 2343/2646/2304 2304/2631/2295 2199/2630/2186 2293/2647/2305
f 2253/2613/2278 2343/2646/2304 2293/2647/2305 2153/2525/2198
f 2151/2518/2202 2309/2599/2266 2344/2648/2306 2208/2527/2208
f 2309/2599/2266 2186/2601/2268 2311/2649/2307 2344/2648/2306
f 2344/2648/2306 2311/2649/2307 2181/2650/2308 2255/2651/2309
f 2208/2527/2208 2344/2648/2306 2255/2651/2309 2152/2529/2151
f 2196/2652/2310 2285/2653/2311 2345/2654/2312 2267/2655/2313
f 2285/2653/2311 2185/2482/2169 2310/2485/2172 2345/2654/2312
f 2345/2654/2312 2310/2485/2172 2182/2490/2160 2256/2656/2314
f 2267/2655/2313 2345/2654/2312 2256/2656/2314 2194/2657/2315
f 2197/2606/2271 2302/2658/2316 2346/2659/2317 2291/2607/2272
f 2302/2658/2316 2203/2660/2318 2268/2661/2319 2346/2659/2317
f 2346/2659/2317 2268/2661/2319 2175/2596/2263 2249/2595/2262
f 2291/2607/2272 2346/2659/2317 2249/2595/2262 2156/2594/2261
f 2205/2662/2320 2301/2663/2321 2347/2664/2322 2287/2665/2323
f 2301/2663/2321 2204/2491/2175 2269/2494/2178 2347/2664/2322
f 2347/2664/2322 2269/2494/2178 2176/2499/2183 2250/2666/2324
f 2287/2665/2323 2347/2664/2322 2250/2666/2324 2191/2629/2294
f 2152/2464/2151 2255/2667/2309 2348/2668/2325 2209/2465/2152
f 2255/2667/2309 2181/2669/2308 2270/2670/2326 2348/2668/2325
f 2348/2668/2325 2270/2670/2326 2184/2610/2275 2241/2608/2273
f 2209/2465/2152 2348/2668/2325 2241/2608/2273 2154/2468/2155
f 2194/2671/2315 2256/2672/2314 2349/2673/2327 2286/2674/2328
f 2256/2672/2314 2182/2473/2160 2271/2476/2163 2349/2673/2327
f 2349/2673/2327 2271/2476/2163 2183/2481/2168 2284/2615/2280
f 2286/2674/2328 2349/2673/2327 2284/2615/2280 2195/2614/2279
f 2188/2675/2329 2273/2676/2330 2350/2677/2331 2272/2678/2332
f 2273/2676/2330 2189/2561/2234 2274/2560/2233 2350/2677/2331
f 2350/2677/2331 2274/2560/2233 2190/2559/2232 2275/2679/2333
f 2272/2678/2332 2350/2677/2331 2275/2679/2333 2187/2680/2334
f 2165/2568/2240 2231/2567/2239 2351/2681/2335 2279/2682/2336
f 2231/2567/2239 2166/2541/2219 2278/2683/2337 2351/2681/2335
f 2351/2681/2335 2278/2683/2337 2188/2684/2329 2272/2685/2332
f 2279/2682/2336 2351/2681/2335 2272/2685/2332 2187/2686/2334
f 2168/2557/2230 2234/2572/2242 2352/2687/2338 2276/2558/2231
f 2234/2572/2242 2165/2571/2240 2279/2688/2336 2352/2687/2338
f 2352/2687/2338 2279/2688/2336 2187/2680/2334 2275/2679/2333
f 2276/2558/2231 2352/2687/2338 2275/2679/2333 2190/2559/2232
f 2166/2541/2219 2232/2540/2218 2353/2689/2339 2278/2683/2337
f 2232/2540/2218 2167/2539/2217 2277/2690/2229 2353/2689/2339
f 2353/2689/2339 2277/2690/2229 2189/2691/2234 2273/2692/2330
f 2278/2683/2337 2353/2689/2339 2273/2692/2330 2188/2684/2329
f 2181/2669/2308 2283/2693/2340 2354/2694/2341 2270/2670/2326
f 2283/2693/2340 2194/2671/2315 2286/2674/2328 2354/2694/2341
f 2354/2694/2341 2286/2674/2328 2195/2614/2279 2258/2695/2342
f 2270/2670/2326 2354/2694/2341 2258/2695/2342 2184/2610/2275
f 2203/2660/2318 2300/2696/2343 2355/2697/2344 2268/2661/2319
f 2300/2696/2343 2205/2662/2320 2287/2665/2323 2355/2697/2344
f 2355/2697/2344 2287/2665/2323 2191/2629/2294 2280/2628/2293
f 2268/2661/2319 2355/2697/2344 2280/2628/2293 2175/2596/2263
f 2186/2601/2268 2260/2698/2345 2356/2699/2346 2311/2649/2307
f 2260/2698/2345 2196/2652/2310 2267/2655/2313 2356/2699/2346
f 2356/2699/2346 2267/2655/2313 2194/2657/2315 2283/2700/2340
f 2311/2649/2307 2356/2699/2346 2283/2700/2340 2181/2650/2308
f 2201/2634/2297 2299/2701/2347 2357/2702/2348 2265/2635/2298
f 2299/2701/2347 2206/2639/2299 2288/2642/2302 2357/2702/2348
f 2357/2702/2348 2288/2642/2302 2192/2644/2289 2281/2703/2349
f 2265/2635/2298 2357/2702/2348 2281/2703/2349 2177/2636/2287
f 2177/2622/2287 2281/2704/2349 2358/2705/2350 2263/2623/2288
f 2281/2704/2349 2192/2624/2289 2289/2627/2292 2358/2705/2350
f 2358/2705/2350 2289/2627/2292 2191/2629/2294 2250/2666/2324
f 2263/2623/2288 2358/2705/2350 2250/2666/2324 2176/2499/2183
f 2184/2610/2275 2258/2695/2342 2359/2706/2351 2261/2611/2276
f 2258/2695/2342 2195/2614/2279 2290/2617/2282 2359/2706/2351
f 2359/2706/2351 2290/2617/2282 2193/2619/2284 2282/2707/2352
f 2261/2611/2276 2359/2706/2351 2282/2707/2352 2179/2612/2277
f 2179/2612/2277 2282/2707/2352 2360/2708/2353 2313/2645/2303
f 2282/2707/2352 2193/2619/2284 2314/2709/2354 2360/2708/2353
f 2360/2708/2353 2314/2709/2354 2206/2639/2299 2299/2701/2347
f 2313/2645/2303 2360/2708/2353 2299/2701/2347 2201/2634/2297
f 2185/2482/2169 2285/2653/2311 2361/2710/2355 2295/2711/2356
f 2285/2653/2311 2196/2652/2310 2297/2712/2357 2361/2710/2355
f 2361/2710/2355 2297/2712/2357 2205/2662/2320 2300/2696/2343
f 2295/2711/2356 2361/2710/2355 2300/2696/2343 2203/2660/2318
f 2196/2652/2310 2260/2698/2345 2362/2713/2358 2297/2712/2357
f 2260/2698/2345 2186/2601/2268 2296/2600/2267 2362/2713/2358
f 2362/2713/2358 2296/2600/2267 2204/2491/2175 2301/2663/2321
f 2297/2712/2357 2362/2713/2358 2301/2663/2321 2205/2662/2320
f 2173/2486/2173 2259/2483/2170 2363/2714/2359 2213/2715/2360
f 2259/2483/2170 2185/2482/2169 2295/2711/2356 2363/2714/2359
f 2363/2714/2359 2295/2711/2356 2203/2660/2318 2302/2658/2316
f 2213/2715/2360 2363/2714/2359 2302/2658/2316 2197/2606/2271
f 2193/2619/2284 2254/2618/2283 2364/2716/2361 2314/2709/2354
f 2254/2618/2283 2180/2578/2248 2298/2717/2362 2364/2716/2361
f 2364/2716/2361 2298/2717/2362 2202/2579/2249 2303/2640/2300
f 2314/2709/2354 2364/2716/2361 2303/2640/2300 2206/2639/2299
f 2174/2718/2246 2244/2719/2363 2365/2720/2364 2247/2721/2365
f 2244/2719/2363 2173/2486/2173 2213/2715/2360 2365/2720/2364
f 2365/2720/2364 2213/2715/2360 2197/2606/2271 2305/2603/2269
f 2247/2721/2365 2365/2720/2364 2305/2603/2269 2200/2602/2253
f 2180/2578/2248 2312/2577/2247 2366/2722/2366 2298/2717/2362
f 2312/2577/2247 2174/2576/2246 2247/2723/2365 2366/2722/2366
f 2366/2722/2366 2247/2723/2365 2200/2583/2253 2306/2580/2250
f 2298/2717/2362 2366/2722/2366 2306/2580/2250 2202/2579/2249
f 2153/2514/2198 2293/2724/2305 2367/2725/2367 2207/2515/2199
f 2293/2724/2305 2199/2502/2186 2307/2500/2184 2367/2725/2367
f 2367/2725/2367 2307/2500/2184 2198/2495/2179 2292/2597/2264
f 2207/2515/2199 2367/2725/2367 2292/2597/2264 2151/2518/2202
f 2170/2488/2164 2246/2487/2174 2368/2726/2368 2239/2727/2165
f 2246/2487/2174 2173/2486/2173 2244/2719/2363 2368/2726/2368
f 2368/2726/2368 2244/2719/2363 2174/2718/2246 2248/2728/2245
f 2239/2727/2165 2368/2726/2368 2248/2728/2245 2169/2729/2166
